title,link,description,bloggername,bloggerlink,postdate,date
"텐퍼센트커피 창업박람회 후기, 매주 찾던 카페라 더...",https://blog.naver.com/hohomuseum/224339273182,평소 카페 창업에 관심이 많았기에 여러 브랜드를 천천히 둘러봤습니다. 그중에서도 가장 많은 사람들이 상담을 받고 있던 곳이 바로 텐퍼센트커피였습니다. 인터넷에서 정보를 찾아보는 것과 직접 현장을 보는...,호호생활박물관,blog.naver.com/hohomuseum,20260707,2026-07-07
원주 자이센트로 미세방충망 공동구매 솔직 후기(두루하우징...,https://blog.naver.com/youngmanwonju/224339273034,"맘 카페에서 알아보니 미세방충망 업체가 네 군데 정도 있었어요. 저는 그중에 비협력업체지만 두루하우징을 선택했는데, 이유가 몇 가지 있어요. 첫 번째는 후기예요. 파랑맘 카페에서 지역 업체 중에 후기가...",창문아 날 비쳐줘,blog.naver.com/youngmanwonju,20260707,2026-07-07
"집에서 즐기는 최고의 커피, 돌체구스토 네오 머신",https://blog.naver.com/nbzciz/224339273411,"오늘은 집에서 간편하게 카페 스타일의 커피를 즐길 수 있는 '돌체구스토 네오 머신 스타벅스 앳홈 세트'를 소개해 드릴게요. 이 머신은 간편하고 빠르게 맛있는 커피를 만들어준답니다. 특히, 스타벅스의 인기...",나무꾼의 사회 참여,blog.naver.com/nbzciz,20260707,2026-07-07
신논현역 베이커리 케익오페라&메고지고 강남 빵지순례,https://blog.naver.com/yesican0303/224339273139,카페 오페라 위치는 위치는 신논현역 1번 출구에서 도보로 약 5~6 분정도 거리에 위치해있어서 접근성도... 카페오페라 에그타르트 사장님께서 추천해주신 에그타르트이다. 한 눈에 보아도 예쁜 타르트지와...,:: 너글잉의 너그런 일상 ^오^ ::,blog.naver.com/yesican0303,20260707,2026-07-07
"갤럭시 와이파이 자동연결, 어떻게 켜고 끌까? 설정·해제...",https://blog.naver.com/login_x/224339273214,"집, 회사, 자주 가는 카페처럼 반복적으로 머무는 장소에서 와이파이를 자동으로 연결해두면, 실제... 카페, 지하철, 공항 등 개방된 공공 Wi-Fi는 보안 수준이 낮을 수 있어, 금융거래나 민감한 개인정보...",기업 및 단체 임직원 전용 맞춤 모바일 복지 플랫폼,blog.naver.com/login_x,20260707,2026-07-07
남양주카페 티라토레 낮에 즐기는 브런치와 채광,https://blog.naver.com/mryoosoul/224339273187,남양주카페 티라토레에 다녀왔습니다. 단독 건물이라 낮에 가니 조용하고 여유로웠어요 봄가을엔 탁 트인 넓은 테라스에서 산뜻한 바람을 맞으며 자연의 운치를 즐기기에 이만한 진접대형카페가 없어요 이곳은...,soul :),blog.naver.com/mryoosoul,20260707,2026-07-07
M6.제이와이 신부 촬영 피부 메이크업 후기,https://blog.naver.com/heejookong/224339273033,"결혼준비 카페에서 포인트를 모으면 0원으로 결혼하기가 가능하답니다 다이렉트 결혼준비 카페 가입시 추천인코드 : 히둥히둥히둥 을 입력하시고 현금 처럼 사용 가능한 포인트 30,000원 받아가시는거 잊지...",Eat Pray Love,blog.naver.com/heejookong,20260707,2026-07-07
527 | 누구보다 내 맘을 아는 건 딸기 케이크 한 조각,https://blog.naver.com/quiet_archive_/224339273508,"오늘은 휴일을 평소처럼 보내지 않고 계획에 없던 집 밖 300m 이상의 외출을 했다 원래 휴일에 가는 무계획 카페는 집 앞 브런치 카페나 아파트 커뮤니티 카페를 가는데, 오늘은 날씨가 너무 좋길래 좀...",순간의 집합,blog.naver.com/quiet_archive_,20260707,2026-07-07
"[카페/서울] 신정역 카페, 커피별녹색잔",https://blog.naver.com/lightone222/224339273265,"힘든 카페다 소금 쿠키와 아이스크림 와플 등 디저트류가 눈에 띄고 특히 저 스무디가 맛있다고!! 딸기스무디와 초코쿠키를 주문했다 편안한 분위기의 카페로 1, 2층에 테이블이 있다 딱 봐도 이케아 ㅋㅋ 좌석...",여유로운 일상 속 바쁜 하루,blog.naver.com/lightone222,20260707,2026-07-07
환절기 코건조 관리 위해 챙긴 일본 메타웰 비쇼라쿠 1개월 후기,https://blog.naver.com/dlagk4202/224339273389,▶ 비쇼라쿠 제품 바로가기 https://mkt.shopping.naver.com/link/683ef7988f1c490586c55515?nt_source=blog&nt_medium=exp&nt_detail=bisyoraku&nt_keyword=0609popomon 그리고 메타웰은 공식 홈페이지와 공식 카페에서 다양한 이벤트도 자주...,ັ,blog.naver.com/dlagk4202,20260707,2026-07-07
"전주 한국전통문화전당 약선 맛집 '감로헌', 매장 시각물...",https://blog.naver.com/soubranding/224339273270,"출처 : 감로헌 그리고 감로헌 안에는 카페 '요리사의 정원'도 함께 있는데요! 여기서 특히 추천하고 싶은... 외부 사인과 플랑은 '약선음식전문점 감로헌 │ 요리사의 정원 카페'를 한 줄에 나란히 담아, 멀리서도...",소유브랜딩,blog.naver.com/soubranding,20260707,2026-07-07
애견동반 가능한 오션뷰 해운대달맞이카페 모어라운지...,https://blog.naver.com/yuu_ja/224339272423,해운대달맞이카페 모어라운지 바다 보는 걸 좋아해서 주말이면 바닷길을 따라 드라이브를 하곤 하는데 이번에는 해운대 달맞이길을 따라 달리다 전망 좋기로 유명한 해운대달맞이카페 모어라운지에...,Gu Seok Gu Seok ʕ•ᴥ•ʔ,blog.naver.com/yuu_ja,20260707,2026-07-07
[송파구 카페] 팻어케이크 잠실본점_송리단길 생과일 케이크 맛집,https://blog.naver.com/hyedam_log_/224339151501,"가능한 카페를 찾았습니다! 팻어케이크 잠실본점 서울특별시 송파구 백제고분로45길 9, 2층 매일 12:00 - 21... 평소에 대기를 하고 입장을 해야할 정도로 인기가 많은 카페인 것 같아요 제가 토요일 오후 1시에...",혜담의 맛있는 하루,blog.naver.com/hyedam_log_,20260707,2026-07-07
서귀포 그레이스 호텔 근처 맛집 정복! 혁신도시 로컬 식당 및...,https://blog.naver.com/this-info/224339272823,"도보권 인프라: 호텔 주변 5분 거리에 흑돼지, 베이커리, 카페가 밀집해 있어 저녁 시간 이동 스트레스... 러디스, 카페 감각 호텔 주변 5분 거리! 실패 없는 로컬 맛집 리스트 서귀포 그레이스 호텔 근처 맛집을...",오늘의 정보 픽(Pick),blog.naver.com/this-info,20260707,2026-07-07
"일본 문화체험, 구경하는 여행과 직접 참여하는 여행은 다릅니다",https://blog.naver.com/memory-design-co/224339272796,"체험 장소까지 이동하는 시간, 주변에서 함께 둘러볼 곳, 식사하기 좋은 장소, 쉬어가기 좋은 카페까지 자연스럽게 이어질 때 만족도가 높아집니다. 메모리디자인은 단순히 일본 문화체험 한 가지를 추천하는...",일본프라이빗여행 메모리디자인,blog.naver.com/memory-design-co,20260707,2026-07-07
김해 샌드위치 단체주문 도시락 디어프라임 부산점에서 아이...,https://blog.naver.com/korewk6/224339272414,"그러다 맘카페 추천 글에서 딱 제 마음에 드는 완벽한 구원투수를 발견했습니다. 2. 박스 열자마자 엄마들 단톡방 폭발한 비주얼 ""김해 샌드위치 단체주문 도시락 알록달록 너무 예쁜 색감과 푸짐함에...",크루아리리,blog.naver.com/korewk6,20260707,2026-07-07
몰카전문변호사 디지털 성범죄 대응전략,https://blog.naver.com/vivid70826/224339272840,"카메라 등 이용촬영죄, 어디까지 처벌되나 카페·지하철·헬스장·공중화장실·숙박업소 등 장소를 불문하고 상대방의 의사에 반해 신체를 촬영하면 카메라 등 이용촬영죄가 된다. 얼굴이 나오지 않더라도 성적...",법무법인 동주,blog.naver.com/vivid70826,20260707,2026-07-07
부산 수영구 광안동 직장인 영어회화 생활영어 영어과외 회의와...,https://blog.naver.com/gktchzh099/224339271889,"카페에서 주문하기, 길 묻기, 호텔 체크인, 식당에서 주문하기, 자기소개하기처럼 자주 사용하는... 카페에서 음료를 주문하거나 여행지에서 길을 묻는 상황, 새로운 사람을 만나 대화를 시작하는 상황 등을...",❤️❤️과외는 주쌤과외 01042352170 ❤️❤️,blog.naver.com/gktchzh099,20260707,2026-07-07
망원 플랜트샵 움튼 | 휘커스 움베르타 | 주문제작,https://blog.naver.com/umtn_/224339272201,"거실, 카페, 사무실 등 다양한 공간에 잘 어울려 인테리어 식물로 많은 분들이 찾아주시는 식물입니다. 주문 제작의 경우, 원하시는 수형과 화분 스타일에 대한 자세한 상담 및 수형 확인 후 제작이 진행됩니다....",움튼 umtn,blog.naver.com/umtn_,20260707,2026-07-07
GPT로 마롱이 덕질하기,https://blog.naver.com/soro28/224339271836,"GPT를 몇 번 혼내고 나서 받은 결과물 모코코 마롱이와 우주 기차 마롱 파티셰와 이집트롱 짱구 그림체로도 한 번 해봄 카페 마롱, 선장 마롱 카페에 보면 콜롬비아 수프리모, 에티오피아 예가체프 디테일 오짐....",롱이네,blog.naver.com/soro28,20260707,2026-07-07
시드니 근교 여행 추천｜블루마운틴 시닉월드 1일 무제한...,https://blog.naver.com/foreverck/224339271735,"감성 카페 거리 산책 15:00 페더데일 시드니 야생동물 공원 코알라, 캥거루 등 호주 대표 동물 관람 17:30 시드니 복귀 오늘은 시드니 근교 여행을 계획하고 있다면 꼭 알아야 할 블루마운틴 시닉월드...",새벽별의 감성여행,blog.naver.com/foreverck,20260707,2026-07-07
친구들이 다음 모임도 여기서 하자고 했던 이유!...,https://blog.naver.com/ubtlibrary/224339272079,"카페는 오래 있기 눈치 보이고, 술집은 시끄럽고, 아이가 있는 친구도 있어서 다 같이 편하게 만날 공간 찾기가 쉽지 않더라고. 이번에는 조금 색다르게 놀아보자 싶어서 부산동구파티룸을 찾아보다가 알게 된...",일단 찍고 봄,blog.naver.com/ubtlibrary,20260707,2026-07-07
"집을 빚어가는 한 달, 선반 하나로 시작된 취미",https://blog.naver.com/headache8327/224339271901,"원래는 집이 그냥 잠을 자는 곳이었는데, 요새는 카페에 가거나 영상을 보면서 '저 구석진 선반, 우리 집에도 어울리겠는데' 하는 생각이 자꾸 난다. 재료를 사다 놨다가 몇 주 걸리기도 하고, 계획을 다시 짜기도...",틈 한 켠,blog.naver.com/headache8327,20260707,2026-07-07
첨단호텔 룸 타입별 완벽 가이드 : 나에게 딱 맞는 객실은?,https://blog.naver.com/cheomdan_hotel/224339272658,"다음 날 아침, 1층 카페테리아에서 든든하게 제공되는 조식(한강라면 코너 강추!)까지 챙기시면... 첨단 호텔 투숙객은 카페조이 전 음료 50% 할인권도 드린다구요^_^ 여러분의 여정에 가장 어울리는 방은...",광주 첨단호텔,blog.naver.com/cheomdan_hotel,20260707,2026-07-07
2026년 5월,https://blog.naver.com/subinee_j/224339272858,"관심 가져줄땐 시들시들하더니 역시 식물은 적당한 관심과 방치가 답이다 ㅎ 올만에 뿌링클이 넘 땡기지 모예요,, 맥주랑 뇸뇸 엄마랑 브런치 먹으러 간 카페! 통창이 넘 깨끗하고 카페도 괜찮았는데 맛과...",just live,blog.naver.com/subinee_j,20260707,2026-07-07
천안순천향대학교병원 앞에서 빠르고 편리하게 이용하기 좋은...,https://blog.naver.com/raininhapi/224339272094,고객 전용 카페 라운지도 운영하고 있어서 기다리는 동안 음료를 마시며 편안하게 쉴 수 있었던 점도 인상적이었어요. 병원 진료 후 잠시 쉬어가기에도 좋은 공간이 마련되어 있어 세심한 배려가 느껴졌어요....,나는야 돌빵구,blog.naver.com/raininhapi,20260707,2026-07-07
[7개월] 서기 지옥- 집안 모든게 운동기구(첫 키즈카페...,https://blog.naver.com/awess0me/224339272800,"ㅋㅋ 아직 하트를 그리려해도 손이 안닿아요~ 첫 촉감놀이, 첫 키즈카페 7개월부터 참여가능한... 아래는 서울형 키즈카페인데, 6개월때 다녀왔어요. 입구 거울 앞에서도 신기해서 한참을 놀던데 놀만한게 꽤...",책으로 자본주의에서 잘 살아나기,blog.naver.com/awess0me,20260707,2026-07-07
춘천 소양강댐 블루리본 막국수 맛집 | 샘밭막국수 본점 내돈내산,https://blog.naver.com/sarh0516/224339271803,이런저런 맛집 프로그램에도 많이 나온 것 같더라구요 가게 입구로 들어가면 바로 왼쪽에 화장실이 마련되어있었구요 만석 시 현장 웨이팅할 수 있도록 기계도 따로 있었습니다 가게 바로 옆에 있는 카페에서...,[⠀⠀⠀⠀⠀⠀],blog.naver.com/sarh0516,20260707,2026-07-07
"백금당 종로점, 뉴욕통닭, 걸리버막창 종로점, 뚱2크레페...",https://blog.naver.com/lsl419/224339271793,"카페가 보이지 않았는데, 앞에 맛있어보이는 사진을 보고 들어가게 되었다 ㅋㅋㅋ 계단은 좀 좁고 가파른 느낌! 천천히 올라가고 내려가기! 중간 테이블에 손님들이 있어서 중앙까지는 찍지 못했는데, 대체적인...",나의 움직임,blog.naver.com/lsl419,20260707,2026-07-07
한남동 최고의 하이엔드 입지와 교통 인프라 한남더힐 매매...,https://blog.naver.com/sebok1982/224339272498,"또한, 내부에는 입주민 전용 시설로 수영장, 헬스장, 카페, 게스트하우스 등 최고급 커뮤니티 인프라가 체계적으로 운영되어 일상의 만족도를 높여줍니다. 오랜 시간 증명된 하이엔드의 가치 하이엔드 주거...",세복원베일리공인중개사,blog.naver.com/sebok1982,20260707,2026-07-07
"원어민 일본어회화, 일본인 선생님과 배우는 실생활 일본어",https://blog.naver.com/rsconstruct/224339272024,"카페에서 주문하기, 길을 물어보기, 병원 방문하기, 호텔 체크인, 쇼핑, 자기소개, 취미 이야기 등 일본에서 자주 접하는 상황을 중심으로 반복해서 말하는 연습을 합니다. 이렇게 실생활에 가까운 대화를 꾸준히...",rsconstruct님의 블로그,blog.naver.com/rsconstruct,20260707,2026-07-07
다짜고짜 25년 (1),https://blog.naver.com/jaoct21/224339272836,만화 카페 가는 우리 .. 건빵이 태교로 솔로지옥 .. 괜찮아요 ..? 주영이 청모까지 ♀️♂️ 2019.09 7년 전 우리 .. 다음은 누가 갈래 ..  [2월] 교육 겸 서울 나들이 다혜 교육 마칠 때까지 카페도 가고 노래방도 가고...,콩주머니,blog.naver.com/jaoct21,20260707,2026-07-07
신도림 출장분갈이 │ 대형 여인초 분갈이 & 여인초 찢어심기...,https://blog.naver.com/tkdssd/224339272293,"가정집과 사무실은 물론 카페, 병원, 학원, 기업, 매장 등 다양한 공간에서 대형화분 분갈이와 식물 관리를 전문적으로 진행하고 있습니다. 이런 작업이 가능합니다. 출장분갈이 찢어심기 분갈이 대형화분...","쉼,이 있는공간 플레이스콤마",blog.naver.com/tkdssd,20260707,2026-07-07
강화도 브런치 카페 두운리 아이랑 가기 좋은 온실 대형카페,https://blog.naver.com/csa321/224339271856,"강화도 브런치 대형카페 두운리 강화도에서 아이와 함께 여유롭게 시간을 보내기 위해 브런치 새로 오픈한 대형 카페를 다녀왔어요. 브런치부터 베이커리, 넓은 온실과 다양한 포토존까지 갖추고 있어 식사와...",도담열매의 칙칙폭폭 여행,blog.naver.com/csa321,20260707,2026-07-07
"압도적 바디라인 화제! 류화영, 티아라 탈퇴 후 배우로...",https://blog.naver.com/soonsoo5145/224338205554,"성격은 밝고 털털한 편으로 알려져 있으며, 평소 여행과 카페, 반려동물과 함께하는 일상을 SNS를 통해 자주 공유하고 있습니다. 또한 가수와 배우 두 분야를 모두 경험한 몇 안 되는 연예인 가운데 한 명으로...",연예앞통령,blog.naver.com/soonsoo5145,20260707,2026-07-07
[The Matrix One] 하노이 더 메트릭스 원 아파트 방2...,https://blog.naver.com/jisooinhanoi/224339272536,"도서관, 카페 및 레스토랑  교육·어린이 시설: 국제 유치원, 실내·외 놀이터, 어린이 수영장 ️ 상업·서비스 시설: 쇼핑센터, 상가(shophouse), 클리닉, 다양한 내부 서비스  보안...",jisooinhanoi님의 블로그,blog.naver.com/jisooinhanoi,20260707,2026-07-07
[공실] 큐브시그니처C 102호 | 상가 9평 | 보증금 3000...,https://blog.naver.com/taeryong381/224339272224,"• 카페 / 디저트숍 – 유동인구 많고, 작은 평수도 운영 가능 • 배달 전문 음식점 – 상권 접근성이 좋아 배달 수요 확보 용이 • 편의점 / 소매점 – 안정적인 매출 기대 • 서비스형 매장...",(주) 태룡건설,blog.naver.com/taeryong381,20260707,2026-07-07
지옥에~서 누가 돌아왔~게,https://blog.naver.com/gythink/224339271956,ㅎ ㅎ 담날엔 엄마 서울역 모셔다 드리는 길에 일하는 카페에도 들렀다 엄마 모시고 갔더니 부점장님이... 일반 카페보단 조용한 그런 곳 카공족 아주 굿 그리고바야흐로베토벤의시작 ;) 진지하게요즘 홍님...,여름철뜨샤지킴이,blog.naver.com/gythink,20260707,2026-07-07
한남동브런치@gugugu,https://blog.naver.com/jerny80/224339271843,순천향병원쪽 가기전 밥집만 있을거 같은 골목길 가정집 개조 브런치카페 평이 좋아서 믿고... 추가주문은 사랑입니다 이집은 커피가 참 맛있었음 #한남동맛집 #브런치카페#구구구 #송도#헤이트래블러,HeyTraveler,blog.naver.com/jerny80,20260707,2026-07-07
마지나타,https://blog.naver.com/zxcpoi1019/224339271930,"마지나타 160cm 160,000원 화분/ 빈티지 토분 러프한 느낌을 가지고 있는 마지나타입니다 아주 두꺼운 목대를 가지고 있어 굉장히 단단하고 건강한 느낌이 가득합니다 카페 또는 집안인테리어 식물로...",온실도씨 상품 list,blog.naver.com/zxcpoi1019,20260707,2026-07-07
대구 금호동 리버 팰리스 조명 인테리어 시공,https://blog.naver.com/dgleader/224339272060,아일랜드 식탁 역시 매입 등을 추가 설치하여 식사 공간은 물론 홈 카페 같은 분위기까지 연출할 수 있도록 시공했습니다. 각 방 조명 교체 각 방은 기존 주 등을 새로운 LED 조명으로 교체하여 더욱 밝고 깔끔한...,마인드 조명 인테리어 / Mind lighting Interior,blog.naver.com/dgleader,20260707,2026-07-07
❤️줌바웨어❤️크롭티/줌바티/줌바바지/댄스7부바지...,https://blog.naver.com/jinju1707/224339270522,"방화수류정,창룡문,장안문,화성행궁,행리단길,행궁카페,행궁맛집 행궁골목,남문시장,통닭골목,북문,남문 근처 애경,롯데몰,광교호수공원,엘리웨이,광교갤러리아,의왕철도박물관,의왕레일바이크, 의왕아울렛...",쭈하우스♡,blog.naver.com/jinju1707,20260707,2026-07-07
생생정보 실내 이색 체험 대전 아쿠아리움 얼음왕국체험 카페...,https://blog.naver.com/delicious-zip/224339270538,실내 이색 체험 주요 명소 대전 유성구 수족관 서울 마포구 얼음 갤러리 카페 방송 포인트 찌는 듯한... 이어서 서울 마포구에 위치한 한 카페는 입장하는 순간 온몸이 오싹해지는 거대한 얼음 조각 갤러리와...,테레비에 나온 그 집 어디?,blog.naver.com/delicious-zip,20260707,2026-07-07
먹고 또 먹은 4월,https://blog.naver.com/hjm2767/224339270904,보리밥 먹구 카페가서 밀린 이야기 실컷 해주구. 마감시간에 나왔어오. 꼭 다시 만나길 기원하는 손? 세라가 편의점 택배를 보내줬는뎅 운동하러 가는길에 픽업해따요 ! ! 몰까요 ? 메이드인세라 달력! 귀엽조오옹...,아임,blog.naver.com/hjm2767,20260707,2026-07-07
편의점용으로 딱이었던 투명 냉장고 커버 사용 후기,https://blog.naver.com/leetrip4171/224339271257,이런 분들이 사용하면 좋을것 같아요 추천 대상 편의점이나 작은 카페에서 냉장 진열을 하는 분 - 가정에서 냉장고 외부 오염을 줄이고 싶은 분 - 내부 상품이 보여야 하면서도 청결 관리를 쉽게 하고 싶은 분...,건강하고 행복한 삶,blog.naver.com/leetrip4171,20260707,2026-07-07
267. 호미커피 • 시노라 연희점 • 포셋,https://blog.naver.com/yebeeny-/224339271073,있는 카페 오픈런을 위해 서울로 나선 금요일 아침 건물들 사이에 교묘하게 가려져있던 호미커피 길... 없고 카페엔 나 혼자뿐이라 괜히 뻘쭘해 여러모로 아쉬움이 많이 남던 시간 ~ .. 아무래도 기대가 너무 컸나...,le parc,blog.naver.com/yebeeny-,20260707,2026-07-07
대구 메가커피 클린포터 설치사례 사용방법 손목을 아끼세요,https://blog.naver.com/suitcoffee/224339270929,1인 카페 매장 필수템으로 등극한 클린포터를 아직도 설치하지 않은 매장이 있다면 그리고 고민이라면 오늘의 포스팅을 주목해주세요 :) 대구카페 클린포터 설치 & 사용방법 010-****-**** 바쁜 매장일수록 그리고...,SUIT COFFEE LAB,blog.naver.com/suitcoffee,20260707,2026-07-07
삼성 제품 샀는데 20% 돌려받는다고? 온누리상품권 신청법 사용법,https://blog.naver.com/anothereden/224339270308,"전통시장, 동네 식당·카페, 편의점(가맹점), 배달앱, 생활용품 매장에서 써요. 대형마트(이마트... 동네 카페·식당 — 의외로 가맹점 많음 유효기간 있으니까 앱에서 꼭 확인하세요 ⏰  한 줄 요약 6/8~7/5...",멋대로 해라,blog.naver.com/anothereden,20260707,2026-07-07
"스마트플레이스클립, 광고비보다 중요한 것은 노출의 전략입니다",https://blog.naver.com/wound7004/224339270606,"특히 음식점과 카페, 병원, 미용실, 학원, 서비스업처럼 업종마다 고객이 원하는 정보는 모두 다르기... 이와 함께 카페침투 전략을 활용하여 다양한 온라인 커뮤니티에서 브랜드가 자연스럽게 언급될 수 있도록...",THELEEYOON,blog.naver.com/wound7004,20260707,2026-07-07
2년 묵은 문화생활 포스팅,https://blog.naver.com/tmfr1031/224339271196,정우성보다 잘생겼다 만화가의 그림일기 으악 프리랜서의 고통 월요일의 꾸준함이 대단하다 백반기행 자료들 만화가의 방 미술관 1층 카페에 허영만 만화 전집을 비치해 놓는 이벤트가 있었다. 나는 그림일기를...,일기장,blog.naver.com/tmfr1031,20260707,2026-07-07
일산중고가전 일체형세탁기 설치까지,https://blog.naver.com/rlftjs2015/224339270713,"상담은 전화나 문자, 카톡, 톡톡, 카페 등 다양한 방법으로 가능한 곳입니다. 중고가전도 이제는 브랜드를 확인해 보시는걸 추천드리는대요. 이용하실 업체가 얼마나 오랜기간! 얼마나 많은 거래를 했는지를...",중고가전24시 오픈매장,blog.naver.com/rlftjs2015,20260707,2026-07-07
6월,https://blog.naver.com/guineapighamster/224339271158,"햇는데,,,, 카페에 전화돌렷더니 이날 타르트는 나온게 없다고해서 포기하고 가루가서 망고 산도... 먹엇어요 카페가욤 고양이가 있는 카페 감 원래 자두 어쩌고골랏는데 자두 없다고 그러셔서 왼족거골랏는데...",ㅤ,blog.naver.com/guineapighamster,20260707,2026-07-07
회사생활 버티게 해준 건 결국 이런 것들이었다 | 마케터...,https://blog.naver.com/rejoice7904/224339271108,부산카페 #에그타르트맛집 #직장동료 #사무실일상 #회사생활공감 #퇴사후기 #퇴사브이로그 #워킹맘일상 #영양제추천 #직장인영양제 #생일파티 #사내이벤트 #부산지하철 #직장인에세이 #회사생활추억...,총키의 iCloud 기억저장소❤️☁️,blog.naver.com/rejoice7904,20260707,2026-07-07
공항공유오피스 창업 준비의 완벽한 시작점,https://blog.naver.com/gvlqr4769c7/224339271006,라운지 공간의 플랜테리어 매력 넓은 화이트 데스크와 대형 식물들로 꾸며진 라운지는 일반 카페보다 훨씬 안정적이고 업무하기 좋은 분위기입니다. 플랜테리어 콘셉트로 여인초 같은 식물들이 공간을 채우고...,여운이 남는 하루,blog.naver.com/gvlqr4769c7,20260707,2026-07-07
오아 아이스넥밴드 무선 선풍기 한 달 써보니 여름날...,https://blog.naver.com/zewbggijal/224339270365,"카페나 공원, 산책할 때 사용했는데 손에 들고 다닐 필요가 없으니 훨씬 자유롭더라고요. 또 시원한 바람 덕분에 더위도 덜 타서 여름철 외출용으로 강추해요. 시원함 챙기고 싶은 분들께 추천 오아 아이스넥밴드...",아슬한생각방,blog.naver.com/zewbggijal,20260707,2026-07-07
"소금 문학관, 김홍신 문학관 기행",https://blog.naver.com/suny701208/224339270955,"강경 구락부라는 곳에 있는 인터뷰 카페가 인상적이었다. '구락부'는 일본식 표현으로 '클럽'을 뜻한다.... 강경에서 2년 정도 근무한 경험이 있는 선생님의 안내로 도착한 강경 구락부는 돈가스 식당, 카페...",원더플 라이프,blog.naver.com/suny701208,20260707,2026-07-07
칠곡 왜관 인터넷가입 티비결합 사은품 현금지원,https://blog.naver.com/constantwd/224339270997,"왜관과 같은 지역에서는 특정 통신사의 전용선 품질이 다른 곳보다 월등할 수 있으므로, 입주민 카페나 지역 커뮤니티에서 실질적인 사용자들의 후기를 참고하는 것이 매우 효과적입니다. 특히 아파트 단지 내...",✅ 쉽고 재미있게 ✅,blog.naver.com/constantwd,20260707,2026-07-07
"걸음씩 다가오는 자유, 소심한 나의 퇴사 일기260707.비",https://blog.naver.com/sksqnwksep68/224339271070,"이른 출근으로 모닝카페에서 조용히 책을 읽고 글을 쓰며 나만의 시간을 보내던 습관도 참 소중했다. 하지만 이제는 좀 지친다. 시계를 자꾸 쳐다보니, 시간이 더디 흐른다. 그럼에도, 지금까지 버텨올 수 있었던...",잘 되고 있는 중 의 블로그,blog.naver.com/sksqnwksep68,20260707,2026-07-07
"⭐ 개발호재 품은 바닷가 토지! 포항 동해면 입암리 1,339평 매매",https://blog.naver.com/hill102102/224339271436,추천 용도 ✅ 오션뷰 카페 및 베이커리 카페 관광객과 드라이브 고객 유입 기대 바다 전망을 활용한 감성 카페 운영 ✅ 펜션·풀빌라·독채 숙소 연오랑세오녀 테마공원과 호미반도 둘레길 관광객 수요 바다...,눈덩이부동산,blog.naver.com/hill102102,20260707,2026-07-07
"서울 나들이(금옥당, 유미의세포들 뮤지컬 후기,양재시민의숲)",https://blog.naver.com/zzinbbang486/224339271460,오후 2시 뮤지컬이라 집에서 아점을 먹고 출발했고 예술의전당 근처에 카페 가려고 골목으로 들어섰는데 맛집 느낌이 물씬이라 들어가본 금옥당 양갱 전문점이었다. 양갱 좋아하면 선물하기도 좋아 보였다...,ye,blog.naver.com/zzinbbang486,20260707,2026-07-07
제주도 태교 여행 여유롭게 다녀온 코스 공유,https://blog.naver.com/absurd140/224339271231,산책을 마친 후에는 근처에 있는 아기자기한 카페에 들러 따뜻한 루이보스 티를 마시며 2시간 동안 충분한 휴식을 취했고요. 중간중간 앉아서 쉴 수 있는 공간을 미리 확보해 두는 것이 안전한 제주도 태교...,absurd140님의 블로그,blog.naver.com/absurd140,20260707,2026-07-07
순천미용실 추천! 메르시엠 헤어 두피클리닉 방문 후기❤️,https://blog.naver.com/orangefts/224339271457,"통창으로 개방감이 느껴지고, 따뜻한 조명 덕분에 마치 카페에 온 듯한 분위기였답니다. 미용실 특유의 깔끔함과 세련된 디자인 덕분에 기다리는 시간조차 편안하게 보낼 수 있었어요. 특히, 호수공원 근처에...",두공주맘,blog.naver.com/orangefts,20260707,2026-07-07
나의 낭만에게,https://blog.naver.com/jinyee0312/224339270315,카페 개롸니가삼촌같다고악플닮 엑디지포토이즘찍음이 승민이도찍엇는데 샤갈승민이너무 나보다잘나오려고노력하는남자친구 처럼나와서망함 ㅉ 라이브신청도넣고 종이랑 펜 있길래 롸니그려줌 카페...,Iiga_Jiyeah__,blog.naver.com/jinyee0312,20260707,2026-07-07
"신도림역 카페  세인트41, 전망좋은 숨은 뷰맛집 가는법 총정리",https://blog.naver.com/conkichi/224339271333,"좁은 카페는 피하고 싶더라고요. 그래서 검색하다가 알게 된 곳이 바로 디큐브시티 41층에 있는 세인트41입니다. 원래는 웨딩홀인데, 평일에는 브런치,뷔페,카페로 운영을 하고 있더라고요! 결론부터 말하면...",콘콘이네 놀이터,blog.naver.com/conkichi,20260707,2026-07-07
"[역삼 카페] 느좋 역삼동 에스프레소바, 소디스 에스프레소바",https://blog.naver.com/ekdnjs0222/224339270672,"역삼동 카페 에스프레소바 추천 소디스에스프레소바 주말 오후 도심 속에서 조용하게 커피 한 잔의... 커피 향이 가득한 곳에서 편안한 시간을 보내고 싶어 고민 없이 방문했고, 역삼동 카페 중에서 이만큼...",다인의 취향로그,blog.naver.com/ekdnjs0222,20260707,2026-07-07
마곡역 체리케이크 버터풀리 솔직후기 실망한 이유(내돈내산),https://blog.naver.com/choicindy7/224339270277,"거기를 가볼걸...싶더라고요 마곡 자주 가고 마곡카페 자주 가는데, 이번에 가서 맘에 들면 음료도... 10 ,103호 #마곡케이크 #마곡역케이크 #체리케이크 #마곡체리케이크 #마곡카페 #버터풀리 #복숭아케이크...",The Cindy by 아나운서최혜정,blog.naver.com/choicindy7,20260707,2026-07-07
내 마음을 돌보는 방법,https://blog.naver.com/luckyriyeon/224339270563,- 신나는 노래나 좋아하는 음악 듣기 - 푹 잠 자기 - 맛있는 음식 먹기 - 좋아하는 카페에서 커피와 디저트 즐기기 - 미뤄두었던 일 하나 해내기 - 무작정 산책하며 걷기 - 친구를 만나거나 전화하며 이야기 나누기...,리연의 놀이터 | 일상과 생각을 기록하는 공간,blog.naver.com/luckyriyeon,20260707,2026-07-07
근처 카페 | 스프레무따 방문 후기 | 제주도 브런치 카페 추천,https://blog.naver.com/mongko_20/224339270621,"위치한 카페인 “스프레무따” 인데요! 저희는 아빠 친구분 추천으로 방문하게 됐답니다!  ⛩️ 관음사 옆에 위치해있고요, ️ 주차 공간은 상당히 넉넉한 편입니다. 카페 입구부터 분위기 있어요  산속에 예쁜...",몽코코의 블로그,blog.naver.com/mongko_20,20260707,2026-07-07
이제 신부전 진단을 받은 냐옹이 이야기,https://blog.naver.com/iandy17/224339270380,그길로 카페글을 검색하다가 알게된 Y님으로 인해 병원도 옮기고 많은 정보와 도움으로 한달째 잘 극복중이다.(지금도 너무 많이 별이를 챙겨준다..헿) 하지만 복병은 우리 별이는 수액이 세상에서 너무...,Love myself Love mycat,blog.naver.com/iandy17,20260707,2026-07-07
서산정수기렌탈 추천! 서산얼음정수기렌탈 가격 비교부터 설치...,https://blog.naver.com/evening11604/224339270530,"병원, 카페 등 다양한 공간에서 높은 만족도를 얻고 있습니다. 서산시는 예천동, 동문동, 석림동... 신혼부부 냉온정수기와 얼음정수기를 가장 많이 선택하며 홈카페를 즐기는 분들에게도 잘 어울립니다. 자녀가...",맛있는 탐험일기,blog.naver.com/evening11604,20260707,2026-07-07
공간 분위기 어떠세요? 내부가 편안해서 찐후기 남겨봅니다,https://blog.naver.com/tease2886/224339271022,머리 스타일 하나 바뀌었을 뿐인데 옷 입는 느낌도 달라지고 괜히 카페도 들르고 싶어졌어요ㅎㅎ. 이런 날은 집에 바로 들어가기 조금 아쉽잖아요. 전체적으로 편안한 분위기가 가장 오래 기억에 남았습니다....,반딧불이S,blog.naver.com/tease2886,20260707,2026-07-07
제주 서귀포 숙소 추천 : 오션브릭풀빌라 (내돈내산) / 바베큐...,https://blog.naver.com/mi7moo/224339271239,"(용머리해안은 물때가 안 맞아서 아쉽게도 구경을 못 했어요...) 오션브릭풀빌라 체크인 방법 앞 카페에 방문하시면 방 비밀번호 등 주의 사항 안내해 주십니다! 숙소 앞에 주차장이 있어, 주차하는 데 큰...",미갱이의 일기장,blog.naver.com/mi7moo,20260707,2026-07-07
대구상가임대 중구 삼덕동 먹자골목 주방시설 완비 무권리 1층,https://blog.naver.com/mja8520/224339271183,"삼덕동 상권은 트렌디한 카페와 감성 요리 주점들이 밀집해 있어 젊은 층과 직장인들의 발길이 끊이지... 고기집, 카페 등 성업중에 좋은 시너지 효과를 얻을 수 있습니다. 실내 약 25평대의 면적으로 기존...",공인중개사 김태훈,blog.naver.com/mja8520,20260707,2026-07-07
[한경면 카페] 커피 로스팅 전문점 ‘하소로커피’,https://blog.naver.com/rnldudnsk7/224339269417,"한경면 카페 #하소로커피 비오는 날도 좋을 거 같고, 날씨 좋은 날도 좋고. 지나가다 들리기 좋은듯 다양한 커피가 많다.",TODAY.JEJU,blog.naver.com/rnldudnsk7,20260707,2026-07-07
인천 율교 인천빵지순례 송도베이커리카페,https://blog.naver.com/oem0427/224339269229,"인천 베이커리율교 언천빵지순례 송도베이커리카페 최근에 알게된곳, 베이커리율교!! 인천의 성심당이라고 유명하다고 하더라구요!! 지하주차장에 주차하고 1층입구로 들어갔습니다~!! 카페메뉴들도 있더라구요...",옴블리's 신나는세상♡,blog.naver.com/oem0427,20260707,2026-07-07
*7월에 올리는 6월 일기*,https://blog.naver.com/xaow31313/224339269184,디저트 카페구요 내부에는 이런 굿즈 판매하는곳도 있었어요! 제가산 메뉴들 보여드릴겟슴두 여러가지... 암튼 셋이 샤브샤브 조지고 #RO2M 카페 알오투엠 다녀왔슴다 간만에 방문해서 선셋 먹었는데 여전히...,웅도라의상자,blog.naver.com/xaow31313,20260707,2026-07-07
"오랜만에, 크림치즈 마카롱 & 말차 테린느",https://blog.naver.com/oscal826/224339270160,100% 동물성 생크림을 곁들이고.. 유기농 설탕과 유기농 계피로 직접 만든 팥 곁들임. 안그래도 제한사항이 많은 카페에 제한사항이 하나더 생겼다. 오늘의 기록 끝.,뽀롤의 작은집 ✨️,blog.naver.com/oscal826,20260707,2026-07-07
"소규모 창업 아이템 추천, 기술 하나로 오래 일 할 수 있는 업종은?",https://blog.naver.com/hanabangyeok/224339269944,"가정집은 물론, 원룸, 아파트, 식당, 카페, 학원, 병원, 어린이집, 회사, 공장, 숙박시설 등 방역이 필요한 공간은 우리 주변에 정말 다양하게 존재합니다. 계절에 따라 바퀴벌레, 개미, 쥐, 빈대, 모기 등 관리해야...",하나방역 가맹점 모집,blog.naver.com/hanabangyeok,20260707,2026-07-07
"송내역푸르지오센트비엔 20평입주청소 후기, 진짜 만족했어요",https://blog.naver.com/organic9191/224339269793,"카페 후기도 좋고, 친절한 상담이 인상적이었답니다. 결국 믿고 맡기기로 결정했어요! 견적 및 상담 과정 전화 상담을 통해 친절하게 안내해주셨어요. 방문 견적도 신속하게 진행해주셨고, 가격도 투명했답니다....",지식 매거진,blog.naver.com/organic9191,20260707,2026-07-07
"[방콕 여행 3] 통스미스 핫팟, 아속 찬앤유파 CY...",https://blog.naver.com/silver3358/224339269514,"그리고 우리나라로 치면 메가커피만큼이나 여기저기 있었던 <카페 아마존>. 가격도 저렴하고 커피 맛도 진하고 괜찮아서 여행 중에 3 번 정도 방문했던듯. 정말 다양한 메뉴가 준비되어 있는데, 진한...",즐거운 블로그 생활,blog.naver.com/silver3358,20260707,2026-07-07
여름수분크림 5개 써보고 결국 갈아탄 썰,https://blog.naver.com/zqzfjsfwl/224339269953,"집에 와서 네이버에 이것저것 검색해봤는데, 맘카페랑 후기 커뮤니티에 내돈내산으로 효과 봤다는 글이 생각보다 많더라고. 광고를 크게 때리는 것도 아닌데 입소문으로 도는 제품이었음. 그렇게 알게 된 게...",초코홀릭의 블로그,blog.naver.com/zqzfjsfwl,20260707,2026-07-07
"교토 여행기록 - 우지 나카무라 토키치 카페, 미무로토지 수국정원",https://blog.naver.com/tetsu0000/224339269269,납득완료 카페에서 바라보는 풍경은 예술입니다요 강물이 흐르는 시골마을의 정취가 너무 마음에 들었어 카페 앞에 나와서 각자 사진에 담아보지요 그리고 내 뒤에있는 건물은 제품을 구매하는 곳이야...,똔꼬는 신혼中,blog.naver.com/tetsu0000,20260707,2026-07-07
용산 기차가 보이는 작은 산장 카페 FODI(포디),https://blog.naver.com/eupum323/224339269296,여기에 카페가 있을까? 하는 오래된 골목 사이 끝으로 가면 아파트가 가득한 용산세무서 근처에 언젠가 재개발이 될듯한 곳에 매력 넘치는 카페가 있다. 열차가 지나다니는 모습을 볼 수 있는 기찻길 바로...,"쏘냐의하루(맛집,여행)",blog.naver.com/eupum323,20260707,2026-07-07
태국 북부 감성 가득한 치앙마이 가족여행 코스와 풀빌라추천,https://blog.naver.com/ghnin3716/224339270252,"치앙마이는 올드시티 사원, 님만 카페 거리, 도이수텝 산길, 야시장, 자연 체험이 가까운 편이라 하루에... 오전에는 선선한 시간대에 사원이나 카페를 보고, 오후에는 풀빌라에서 수영과 휴식을, 저녁에는...",타이트래블 보물창고,blog.naver.com/ghnin3716,20260707,2026-07-07
외단열용 발수 그라스울: 화재 안전과 완벽한 방수를 동시에...,https://blog.naver.com/sebangfiber/224339269819,세방화이버 문의: 044-565-8882 #발수그라스울 #외단열 #불연단열재 #가등급단열재 #세방화이버 #건축단열 #화재안전 #에너지절약 #그라스울 태그수정 댓글 쓰기 카페 보내기Keep 보내기메모 보내기기타...,단열재연구소,blog.naver.com/sebangfiber,20260707,2026-07-07
평택 고덕 리슈빌 매매 정보 및 7월 실거래가 정보,https://blog.naver.com/kkey_0513/224339269581,학교 ☕ 카페  대형마트  병원  함박산공원  호수공원 생활환경이 점차 완성되면서 실거주 만족도도 함께 높아지고 있습니다. 리슈빌레이크파크는 특히 함박산공원과 가까워 산책과 운동을 즐기기 좋은...,고덕리슈빌 공인중개사사무소,blog.naver.com/kkey_0513,20260707,2026-07-07
용산 전쟁기념관 상설전시 후기｜8세 아이가 어린이...,https://blog.naver.com/miso_gibu/224339269271,어린이 박물관 이후 어린이 박물관에서 체험을 마친 뒤 기념관 안 카페에서 커피와 아이스크림을 먹으며 쉬었어요. ▼용산 전쟁기념관 어린이 박물관 후기▼ 그런데 아이가 먼저 처음에 봤던 전시가 더...,Rise and Shine,blog.naver.com/miso_gibu,20260707,2026-07-07
[책갈피] 어두운 바다의 등불이 되어,https://blog.naver.com/prettyworld4719/224339270020,"카페나, 병원이나, 차 안에서 다른 사람들과 같이 눈이 오는 걸 감상하는 것 같았다. 이 무저갱의 암흑 속에서도 하얀 눈이 내리는구나. 나는 세상이 숨기고 있는 비밀을 훔쳐보는 것 같은 기분에 휩싸였다....",새벽 달의 편지,blog.naver.com/prettyworld4719,20260707,2026-07-07
쫀득한 한치회와 청어알 비빔밥이 술을 부르는 낮술 성지 - 서촌...,https://blog.naver.com/beyond-coordinate/224339269379,* 지금입장이 되기 전 미루기 2회 가능 순서 지정 가능 14:55 / 현장 대기 32번 15:13 / 14번 15:43 / 3번 15:48 / 웨이팅 미루기 3번 -> 15번 17:25 / 7번(뒤에 대기 142팀) 17:28 / 지금 입장 카페에 있다가 3분만에 지금입장이...,빈 공간,blog.naver.com/beyond-coordinate,20260707,2026-07-07
태봉면옥 갔는데 자연산 장어랑 한우가 이렇게 맛있을 줄...,https://blog.naver.com/ckwlsrl69289/224339269488,거기에 아이 놀이시설과 무인카페 시설까지 갖추고 있다는 정보도 있어요. 가족 단위 방문이나 모임 자리로도 손색이 없겠다 싶더라고요. 친절한 응대와 편안한 식사 분위기도 이 곳의 특장점으로 꼽히고...,오늘도 천천히 지나가는 중,blog.naver.com/ckwlsrl69289,20260707,2026-07-07
"부산여행 : 전포동카페거리, 언프레임, 빕스, 국립해양박물관",https://blog.naver.com/bonbon_hee/224339269570,거의 10년만에 간 전포 카페거리 - 전포동에 내가 정말루 가보고 싶었던 언프레임이 있어서 갔다 ٩... 명동 같어~ 귀여워라 *ଘ(♡ • • )੭ ‧ෆ ෆ ෆ 전포 카페거리 위치 쨘~~~~ 빕스 갔지요...,명왕성에서 온 이메일,blog.naver.com/bonbon_hee,20260707,2026-07-07
[교연교구] 어린이집 스케치북장｜4절 도화지 보관함 칼라선반...,https://blog.naver.com/kyedukid2010/224339270175,"어린이집과 유치원은 물론 미술학원, 학교, 문화센터, 키즈카페 등 기관 납품도 가능하며, 개인 고객의 소량 주문도 제작해드립니다. 원목가구 제작 및 상담 ☎ 1566-5499 ✔ 기성품도 있음 (바로 구매 가능)...",유치원 가구 · 어린이집 가구 전문 제작업체,blog.naver.com/kyedukid2010,20260707,2026-07-07
"버스기사 멘탈 강해지는 시간, 솔직하게 정리해봤어요",https://blog.naver.com/yasi8041/224339269195,버스를 운전하는 사람들 카페로 오세요 5만명에 회원분들과 정보를 나누세요 #버스기사 #버스기사멘탈 #버스기사스트레스 #버스기사적응기간 #신입버스기사 #버스취업 #감정노동 #버운사...,버스를 운전하는 사람들,blog.naver.com/yasi8041,20260707,2026-07-07
온누리상품권 사용처  현금교환 방법 총정리,https://blog.naver.com/qngmd3389/224339269259,사용 가능한 곳 전통시장 정육점 수산물 판매점 반찬가게 과일가게 음식점 카페 미용실 약국 의류매장 생활용품점 ※ 반드시 온누리상품권 가맹점이어야 사용 가능합니다. 사용이 어려운 곳 백화점 대형마트...,티켓나라,blog.naver.com/qngmd3389,20260707,2026-07-07
"연희동 카페 추천, 드립커피가 맛있는 펠루시드 커피",https://blog.naver.com/testime/224339269822,"연희동 드립커피 맛집, 조용히 책 읽기 좋은 카페 '펠루시드 커피' 방문 후기 연희동에는 개성 있는 카페가 정말 많지만, 오랜만에 커피 한 잔을 천천히 즐기며 책을 읽기 좋은 공간을 발견했습니다. 바로...",김대표의 일상,blog.naver.com/testime,20260707,2026-07-07
[방배5구역] 디에이치방배 7월 첫째주 전세 시세 가이드,https://blog.naver.com/kimsojang-/224339269371,방배동 카페골목 및 내방역 일대 형성된 학원가 이용 용이 [국내 최고 수준의 하이엔드 커뮤니티 및 주차공간] 대형 아파트 단지에 걸맞게 A블록과 B블록에 최고급 어메니티 시설이 나뉘어 들어섭니다....,The H 방배 김소장,blog.naver.com/kimsojang-,20260707,2026-07-07
믹서기 잘못 쓰면 주스가 아니라 '설탕물' 마시는 겁니다,https://blog.naver.com/umpyo/224339270237,여름철 카페에서 파는 부드러운 눈꽃 빙수나 스무디를 집에서 10초 만에 완벽하게 재현할 수 있습니다. 온 가족을 위한 대용량 컨테이너 미니 믹서기처럼 여러 번 나눠 갈 필요가 없는 넉넉한 대형...,Real,blog.naver.com/umpyo,20260707,2026-07-07
[일상] 인천 맛집 추천/ 인천 샤브샤브 맛집/ 소래포구 맛집...,https://blog.naver.com/asteroid38ho/224339269129,밥먹고 걸어서 소래포구 구경하고 시장 한바퀴 돌고 근처 카페에서 아메리카노 하나 마시고 집으로 돌아갔다. 생각보다 바다가 엄청 가까워서 여기가 바다인가 강인가 개천인가 싶을 정도였는데 바로 앞에서...,소행성38호,blog.naver.com/asteroid38ho,20260707,2026-07-07
[대전 대형카페]파이가든 빵한모금 2호점(빵버스 기사님...,https://blog.naver.com/soft_mood_/224339269145,[대전 대형카페] 파이가든 빵한모금 2호점 (빵버스 기사님 목격담 후기) 트리고 평창본점 ⏰ 영업시간 평일 10:00 - 17:30 주말 10:00 - 18:30 주차 매장옆 주차장 가능 전화 042-710-8111 카페 외관 / 내부 친구들과...,soft mood₊⊹.݁⟡.~,blog.naver.com/soft_mood_,20260707,2026-07-07
부산 해운대 좌동 직장인 영어회화 프리토킹 영어과외 실전...,https://blog.naver.com/gktchzh099/224339269212,"카페에서 주문하기, 호텔 체크인, 해외 출장 중 대화, 외국인 동료와의 일상 대화처럼 실제 상황을 연습하면서 표현을 자연스럽게 사용할 수 있도록 돕습니다. 이후에는 프리토킹으로 연결해 배운 표현을...",❤️❤️과외는 주쌤과외 01042352170 ❤️❤️,blog.naver.com/gktchzh099,20260707,2026-07-07
주방 도구 고민 중이신가요? 코멧 거꾸로 쓰는 소스통...,https://blog.naver.com/4bluem/224339269390,"◆ 이런 분께 추천 고급 식당이나 카페 운영하시는 분께 대량으로 음식을 준비하는 경우 강력한 내구성이 필요한데, 이 제품이 그것을 제공해 줍니다. 단, 무게가 있어서 설치할 때 주의가 필요합니다. ✓ 네...",미미,blog.naver.com/4bluem,20260707,2026-07-07
가양역/강서구청 카공카페 추천 : 투썸플레이스 강서구청점,https://blog.naver.com/leevibe_/224339270004,영업시간 08:00~23:00 투썸플레이스 입구지만 1층은 주문만 가능 2층에만 좌석 있음 투썸 2층으로 더 빨리 직행하는 꿀팁 여기서 길 건너 가시는 분은 오른쪽 투썸 보이시죠? 거기 말고 횡단보도 정면에 있는...,Leevibe,blog.naver.com/leevibe_,20260707,2026-07-07
"""갓생 휴식"" 을 즐기고 싶어?  진짜 힐링을 원할때...",https://blog.naver.com/bear-heart/224339269967,대전 근교라 힐링과 인스타 감성을 모두 만끽할 수 있는 대형 베이커리 카페로 가보실까요? TOOD COFFE... 베이글과 디저트 빵이 맛있기로 소문난 카페인거 아시죠? 못참지!! 못참어!! 빵주문 들어갈께요~~ 이...,Bear Heart,blog.naver.com/bear-heart,20260707,2026-07-07
강화도내돈내산호텔 도킹 호텔 골라서 만족했던 1박 후기,https://blog.naver.com/tw7765/224339269375,"맛집도 가고, 카페도 들르고, 바다도 보고, 저녁에는 숙소에서 편하게 쉬는 일정으로 천천히 다녀오고... 낮에는 강화도에서 식사하고 구경하고 카페까지 들렀고, 저녁에는 도킹 호텔로 들어가서 쉬는 코스로...",tw7765님의 블로그,blog.naver.com/tw7765,20260707,2026-07-07
김해소파저렴한곳 추천! 김해모렌에서 만나는 샌드쿠키...,https://blog.naver.com/pyj0517/224339269180,모던한 공간은 물론 카페 같은 감성 인테리어까지 잘 어울려 카페가구를 찾는 분들에게도 추천드립니다. 직접 앉아보시면 편안한 착석감에 더욱 만족하실 거예요. 적당한 쿠션감과 안정적인 지지력으로 오랜...,행복한 야옹이,blog.naver.com/pyj0517,20260707,2026-07-07
종로데이트 한국 전통 갤러리 명동케이갈비,https://blog.naver.com/skyglider/224339270074,"종로데이트 코스를 짜다 보면 예쁜 카페와 볼거리는 넘치는데, 정작 근사한 한 끼를 어디서 마무리할지가 늘 마지막 숙제로 남죠. 요즘 블로거들 사이에서 부쩍 이름이 오르내리는 곳이 하나 있어요. 종로에서...",명동K갈비,blog.naver.com/skyglider,20260707,2026-07-07
서울 부암동 여행 데이트 석파정_왕이 사랑한 정원...,https://blog.naver.com/lovemy_b/224339268349,부암동카페 #부암동미술관 #종로데이트 #종로가볼만한곳 #서울데이트하기좋은곳 #서울데이트... 서울여행 #부암동 #석파정주차 #석파정주차장 #석파정전시 #석파정주변카페 #석파정주변식당 #부암동주차,프로 리뷰어:/어흥,blog.naver.com/lovemy_b,20260707,2026-07-07
양산 소품샵 양산 카페 사장님의 자체제작 굿즈로 가득한...,https://blog.naver.com/tts0216/224339268579,"안녕하세요 오늘은 양산 새로 생긴 카페를 소개해보려 합니다 오브린다 주소 경상남도 양산시 교동2길 13, 1층(교동) 영업시간 : 하절기 오전 10시 - 오후 8시 양산역 도보 10분 소품샵 겸 카페인데요 일러스트...",MNBI,blog.naver.com/tts0216,20260707,2026-07-07
서울지방변호사회 제87차 북콘서트 『파산수업』,https://blog.naver.com/rpsh00/224339269105,서울지방변호사회 및 관계되신 분들께 깊은 감사를 올린다. 상담문의 전화 상담 02-582-9004 카톡 상담 연결하기 구글폼 상담 신청 바로가기  변호사 소개  유튜브 바로가기  경험과 정보를 나눌 수 있는 네이버 카페,‘빨간불’을 ‘녹색불’로 바꾸는 [법무법인 선경],blog.naver.com/rpsh00,20260707,2026-07-07
망고데이,https://blog.naver.com/bgureum/224339268420,"바뀌었지 카페 외부/내부 인테리어도, 메뉴판도 거의 그대로고 포장용기부터 하트빨대까지 망고레이랑 똑같이 판다 법은 잘 모르지만 이래도 됨? 그래도 맛있긴 하다 달달하고 진한 생망고 맛과 머리가...",제주일기,blog.naver.com/bgureum,20260707,2026-07-07
"화성시 병점구 진안동 주방청소, 전 주인 기름때 그대로...",https://blog.naver.com/cleanagit/224339269040,"화성/수원 전 지역 상업공간 청소는 '클린아지트' 클린아지트는 화성 전 지역(병점, 진안동, 동탄 등) 및 수원 전 지역을 대상으로 식당, 카페, 급식실 등 모든 상업 공간의 주방을 내 가게처럼 꼼꼼하게...",청소의모든것)클린아지트,blog.naver.com/cleanagit,20260707,2026-07-07
3만원어치 2시간주차넣기/강서NC주차비정산/더카페,https://blog.naver.com/iwxoxomi/224339269104,"더카페에서 상하목장 아이스크림을 주문해서 구매했고 가격은 4500원 이었습니다! 더카페 외부 모습입니다 여기 보시면, 식당가 및 카페정산시 2시간무료주차 되어있죠? 제가 갔을때는이미 만석이었습니다....",루루의 룰루랄라 라이프,blog.naver.com/iwxoxomi,20260707,2026-07-07
인사동 디저트카페 서울을 대표하는 선물 디저트 브릭샌드...,https://blog.naver.com/ktjung973/224339268120,"디저트 카페가 있으면 진짜 매일 올 것 같아요 가끔 예쁜 접시나 컵 발견하면 하나씩 사모으는 게... 커피 + 브릭샌드 = 사랑❣️ 인사동에 놀러왔을 때 편하게 머무를 수 있는 디저트카페, 기념품과 선물용으로도...",소소클로젯,blog.naver.com/ktjung973,20260707,2026-07-07
밀린일상 2탄 -（￣︶￣）↗,https://blog.naver.com/wumlog/224339268207,다같이 슬기언니랑 형부 보기로 한날 나만 쉬어서 혼자 카페 갔다가 언니가 뒤늦게 와서 달달한 음료 한잔씩 애견동반 카페였는데 귀여운 강쥐들을 볼 수 있어서 좋았다 두쫀쿠 유행 절정일때 떠오른 키티...,잡다구리구리의 일상 ʅʕ•ᴥ•ʔʃ,blog.naver.com/wumlog,20260707,2026-07-07
분당 미금역 공유오피스 슈가맨워크 분당미금점,https://blog.naver.com/sugarmanworkmigeum/224339268454,#미금역공유오피스 #슈가맨워크 #공유오피스 #분당공유오피스 #분당미금역 #사무실임대 #창업지원공간 #재택근무공간 #비즈니스센터 #미금역카페 #직장인추천 #2023사무공간트렌드 #분당사무실...,분당공유오피스 슈가맨워크분당미금점,blog.naver.com/sugarmanworkmigeum,20260707,2026-07-07
광고 없는 무료 동영상 플레이어 - 킹플레이어(윈도우용),https://blog.naver.com/mutantcell/224339268832,삼성스마트폰카페(삼공스)입니다. KOREA SAMSUNG Smartphone Community 평생 무료에 광고 없는 동영상... 삼성스마트폰카페(삼공스) KOREA SAMSUNG Smartphone Community https://cafe.naver.com/anycallusershow,한국삼성스마트폰사용자카페,blog.naver.com/mutantcell,20260707,2026-07-07
연극 《플리백》 후기- 이해하지 못했지만 안아주고 싶었던 사람,https://blog.naver.com/maeumirok/224339269110,"두산의 상징인 곰인형도 곳곳에 보였고 오늘은 플리백 속 기니피그 카페가 떠올랐다. 마침 기니피그를... 플리백은 가장 친한 친구 부(Boo)와 함께 기니피그 카페를 운영했었다. 친구를 잃은 뒤, 그녀는 자신의...",마음이록,blog.naver.com/maeumirok,20260707,2026-07-07
성동구 무선단말기 설치 포스기로 토스페이 사용,https://blog.naver.com/gqgitxfqtzpvfx/224339268263,"대형 오피스와 주거지역, 상업시설이 함께 발달해 있어 음식점, 카페, 병원, 약국, 미용실, 편의점... 무선단말기와 포스기는 음식점, 카페, 베이커리, 병원, 약국, 미용실, 네일샵, 헬스장, 필라테스뿐 아니라...",올페이24 단말기/포스/페이 전문,blog.naver.com/gqgitxfqtzpvfx,20260707,2026-07-07
[제주] 동쪽 감성카페 헛간 더반스위트｜제주 포토존 카페...,https://blog.naver.com/bonyi-/224339268098,안녕하세요~ 제주에서 마음에 들었던 감성카페를 소개해드려요! 제주 여행을 다니다 보면 예쁜 카페가 정말 많잖아요. 그런데 이번 여행에서 제 마음속 1등은 바로 헛간 더반스위트였어요. 헛간 더반스위트 위치...,Date_Bonyi_,blog.naver.com/bonyi-,20260707,2026-07-07
카페 추천｜아이가 집에 가기 싫어했던 미니특공대 키즈카페...,https://blog.naver.com/rose_0425/224339269035,날씨가 너무 덥거나 비 오는 날에는 실내에서 마음껏 뛰어놀 수 있는 키즈카페를 찾게 되는데요. 이번에는 아이들이 평소 좋아하는 미니특공대 캐릭터가 있는 미니특공대 키즈카페 전주혁신점에 다녀왔어요....,"아이 웃음 가득했던 여행, 그리고 맛있는 기억",blog.naver.com/rose_0425,20260707,2026-07-07
"""2회 찍고 잘렸습니다""... 지진희가 20년 넘게 숨겨온 신인...",https://blog.naver.com/gon791213/224339267947,"두 사람은 인근 카페에서 많은 대화를 나눈 뒤 술 한잔으로 아쉬움을 달랬고, 배우의 길이 결코 쉽지 않다는 현실을 다시 한번 실감했다고 밝혔습니다.  어머니께 차마 말하지 못했던 비밀 가장 힘들었던 것은...",아직 청춘이야,blog.naver.com/gon791213,20260707,2026-07-07
KT미납 발신정지 → LG모두의유심으로 5분 만에 복귀한 후기,https://blog.naver.com/tg3006/224339268142,"실제로 카페에서 영상 스트리밍을 틀어놓고 작업해도 끊김이 없었습니다. 세 요금제 모두 음성·문자 기본 제공이고, 이 외에도 다양한 요금제가 있으니 개통 플랫폼에서 직접 확인해보세요. 4. 셀프개통...",로아모바일 | www.개통.net,blog.naver.com/tg3006,20260707,2026-07-07
"홍대 경희선숲길 브런치 맛집 어슬라이스, 내돈내산 재방문 후기",https://blog.naver.com/hyen__log/224339268426,매장은 넓지 않지만 적당히 아담하고 우드톤 인테리어에 감성있는 브런치 카페랍니다 혼자... 마포구에서 샌드위치 맛집이나 브런치 카페를 찾고 있다면 한 번쯤 꼭 방문해 보시길 추천드려용 :) #마포구맛집...,happy hyen.log,blog.naver.com/hyen__log,20260707,2026-07-07
[베트남여행]나트랑 시내 로컬카페 cocoly 코코리 코코넛...,https://blog.naver.com/wlduql0708/224339268684,데이트하기 딱 좋은 나트랑 카페로 낮엔 어떤 분위기일까??너무 궁금했다. 예쁜 엽서와 목걸이... ✔️ 낮보다는 밤에 가는 걸 추천 ✔️ 은은한 음악에 조명에 밤마실 나오기 좋은 카페 ✔️ 데이트 하기...,#애니블로그,blog.naver.com/wlduql0708,20260707,2026-07-07
"강릉 디저트 간식 강릉샌드 - 강릉샌드 본점 방문 커피,딸기 맛...",https://blog.naver.com/read_n_go/224339268445,총 4층짜리 건물로 규모도 크고 인테리어도 카페 같기도 하고 갤러리 같기도 한 게 샌드를 이용한 복합문화공간 같았어요. 넓고 쾌적한 공간이 벌써부터 마음에 쏙 들었답니다. 샌드구매와 메뉴 메뉴판을...,리고네 주말 수집,blog.naver.com/read_n_go,20260707,2026-07-07
"이동건 제주 카페 휴업, 이혼숙려캠프 법정서 포착된 반전 근황",https://blog.naver.com/dahlia_dahlia/224339268322,1년 3개월간 공들여 운영하던 제주도 카페의 공식 휴업 소식을 알렸던 이동건이 곧바로 예능 프로그램... ▌ [카페 휴업 후 촬영장에서 포착된 행보] 이동건은 7일 자신의 SNS를 통해 짧은 영상을 게재하며 근황을...,은보미의 이슈로그,blog.naver.com/dahlia_dahlia,20260707,2026-07-07
광주시 송정동 신축빌라 마지막 1세대｜방3 화장실2...,https://blog.naver.com/asunited19/224339267927,"주변으로 광주시청, 행정시설, 병원, 마트, 음식점, 카페, 생활편의시설 등을 이용하기 편하고 경기광주역과 광주터미널 방향으로도 생활 동선이 이어집니다. 송정동의 장점은 너무 번잡한 상권 한가운데 있는...",내 집 마련을 위한 첫걸음,blog.naver.com/asunited19,20260707,2026-07-07
"홍대 피부과 티시보 스킨부스터 후기, 엠보/통증/효과까지...",https://blog.naver.com/grow_slowly/224339268949,홍대 피부과 티시보 스킨부스터 맛집이라 그런지 사람도 많고 대기하는곳도 넓고 카페느낌의 인테리어 ~~! 편하게 기다릴 수 있었답니다>< 그리고 홍대 피부과 제가 다녀온 이곳은! 먼저 피부진단을 무료로...,천천히 단단하게 · Grow Slowly,blog.naver.com/grow_slowly,20260707,2026-07-07
양양 여행 가볼만한 곳 총정리 강원도의 숨은 보석 같은 양양의...,https://blog.naver.com/cmccmc111/224339268570,맛집과 카페들은 신선한 해산물은 물론 감각적인 인테리어의 카페들이 많아 여행의 즐거움을 더해줍니다 여행 동선을 잘 짜서 알차게 둘러보시길 바랍니다 강원도의 푸른 바다와 산이 반겨주는 양양에서 잊지...,히스토리 앤 트립,blog.naver.com/cmccmc111,20260707,2026-07-07
가족 모두 속초로 집합,https://blog.naver.com/youbong-/224339268550,할머니 집처럼 쇼파에 누워서 티비 시청하심 둘째날은 바다정원 카페가서 사진 찍고 놀았다.... 역시 푸릇푸릇한게 최고야 계단이 있어서 가족들과는 못갔지만 귀여워서 찍은 카페 가족들이랑 오면 호텔 조식...,덩석이의 블로그,blog.naver.com/youbong-,20260707,2026-07-07
"간단하게 들고 다니기 좋은 9인치 태블릿, Visual Land...",https://blog.naver.com/wsg3326/224339268831,"지하철이나 카페에서 딱 좋은 크기였어요 요즘 집에서 넷플릭스 보다가 소파에 눕거나, 카페에서 가볍게 웹서핑하고 싶을 때가 많잖아요. 그래서 큰 노트북까지는 아니지만 폰보다는 시원하게 볼 수 있는...",Secret seller,blog.naver.com/wsg3326,20260707,2026-07-07
"무조건 "" 콜 보장 "" 해주는 분양 광고!!",https://blog.naver.com/hoho2026_/224339268336,네이버 카페 대량 배포(매주 300건) 3. 카카오톡 부동산 방 대량 배포(매주 100건 이상) 콜 보장 광고 ※ 서울권 50콜 이상 보장 ※ ※ 경기/인천권 40콜 이상 보장 ※ 3종 분양 광고 특징 3종 분양 광고는 실제...,은하이엔씨(배포용 계정),blog.naver.com/hoho2026_,20260707,2026-07-07
전남광주통합특별시 동구 서석동 제봉로 70 상가 2층  TCG샵...,https://blog.naver.com/gallery147/224339269096,"블라인드갤러리에서는 가정집은 물론 카페, 사무실, 매장, 상가 등 다양한 공간에 맞춰 커튼과 블라인드를 상담하고 맞춤 제작·시공해드리고 있습니다. 광주에서 커튼이나 블라인드 설치를 고민하고 계신다면...",광주 커튼 블라인드 양동복개상가 <블라인드갤러리>,blog.naver.com/gallery147,20260707,2026-07-07
넓은 공간과 편안한 분위기 파주 대형카페 바리루스,https://blog.naver.com/eunnebe00/224339267902,파주 대형카페를 찾고 있다면 바리루스를 방문해 볼 만합니다. 넓고 쾌적한 공간을 갖추고 있어 가족... 대형카페의 장점은 다양한 좌석과 넉넉한 공간을 활용할 수 있다는 점입니다. 바리루스 는 음료와...,♡,blog.naver.com/eunnebe00,20260707,2026-07-07
구리 회사커피머신 빠르게 진행받는법,https://blog.naver.com/uog449013/224339267665,요근래엔 어디나 카페를 여러번 볼수있습니다 그렇지만 고비용 시기라 막연히 저렴히 판매한다해도... 가격대인 카페가격과는 가격차이가 크긴합니다 에스프레소의 구성양을 얼마만큼의함량으로...,uog449013님의 블로그,blog.naver.com/uog449013,20260707,2026-07-07
"가기 전 잠시 쉬어간 제주 슈푸, 여행 중 우연히 발견한 감성 카페",https://blog.naver.com/blubss/224339267314,"07 픽업카페에 들렀다가 커피 한 잔이 더 마시고 싶어서 근처를 둘러보다가 우연히 '슈푸'를 발견했습니다. 큰 기대 없이 들어갔는데, 여행이 끝난 지금도 기억에 남는 카페였어요. 우연히 발견한 작은 카페...",쏘미록,blog.naver.com/blubss,20260707,2026-07-07
9월 일기(2023.09.01~2023.09.30),https://blog.naver.com/feel_bad/224339266954,나카자키초 카페 거리도 감 저때 처음 저길 간건데 많은 가게가 닫혀있길래 내가 날을 잘못 골랐나?(평일) 라고 생각했지만 다음 번에 갔을 때도 많이 닫혀있음 나제..? 이때 처음 먹어본 이즈모 루쿠아 장어랑...,favorite things,blog.naver.com/feel_bad,20260707,2026-07-07
화성 청소업체 견적금액이 왜 다를까요? 저렴한 견적과...,https://blog.naver.com/ollily74/224339267858,"공장청소, 사무실청소, 식당청소, 카페청소 문의를 받다 보면 가장 많이 듣는 질문이 있습니다. ""같은... 제조공장 ✔ 카페 주방 모두 작업량이 완전히 다르기 때문입니다. 실제로 같은 면적이라도 작업 시간이...",퍼스트원토탈클리닝,blog.naver.com/ollily74,20260707,2026-07-07
서초구 토스페이 무선단말기 결제 포스기 설치,https://blog.naver.com/gqgitxfqtzpvfx/224339266861,"음식점과 카페, 병원, 약국, 미용실, 학원, 편의점, 의류매장 등 다양한 업종이 운영되고 있어 빠르고... 테이블 결제가 필요한 음식점이나 카페는 물론 배달 전문점, 방문 서비스, 행사장, 플리마켓 등에서도...",올페이24 단말기/포스/페이 전문,blog.naver.com/gqgitxfqtzpvfx,20260707,2026-07-07
대구 세무사가 알려주는 부가세 환급 받는 경우 vs 못 받는 경우,https://blog.naver.com/x_xblog/224339267720,"예를 들어 ✔️ 카페 창업 (인테리어 + 기계 + 집기) ✔️ 병원, 학원 시설 투자 ✔️ 온라인 쇼핑몰 재고 대량 사입 이런 경우에는 초기에 지출이 크기 때문에 매입 부가세가 매출 부가세보다 커질 수 있습니다....",세무법인 아성 대구점 강다영 세무사 블로그,blog.naver.com/x_xblog,20260707,2026-07-07
까치울역 생면 파스타 맛집 :: 패쓰 Path,https://blog.naver.com/kangja_/224339267204,주차는 카페거리에 하시면 되고 운 좋으면 건물 내 주차도 가능해요! #까치울역맛집 #까치울역파스타 #까치울역생면파스타 #패쓰 #path 오늘 소개할 곳은 바로 여기입니다 카페 거리에 위치한 곳으로 점심에는...,먹방강자의 달달한 일상,blog.naver.com/kangja_,20260707,2026-07-07
"[웨딩기록. 웨딩촬영] 양평, 남양주 ""라뮤즈 스튜디오"" 웨딩촬영...",https://blog.naver.com/mekdos/224339267380,국내 최대 결혼준비 커뮤니티  다양한 포인트 제도로 현금화 가능  비동행 플래너로 합리적인 가격  가성비 스드메 가능  많은 제휴업체 보유로 선택의 폭 넓음  다이렉트웨딩 카페  https://cafe.naver.com/directwedding,Sommmi blog,blog.naver.com/mekdos,20260707,2026-07-07
[한국식품정보원] 자격증 하나로 품질·위생 전문가 되기!...,https://blog.naver.com/kfilee235/224339267917,★인스타그램 @kfi_foodi https://www.instagram.com/kfi_foodi/ ★다음카페 '식품안전의 모든것' http://cafe.daum.net/foodi114 ★다음카페 '식품기술사가 되는길' http://cafe.daum.net/foodpe1 ★유튜브 https://www.youtube.com/@k-foodi,대한민국 식품안전지킴이 한국식품정보원,blog.naver.com/kfilee235,20260707,2026-07-07
구리정수기렌탈 추천! 구리얼음정수기렌탈 가격 비교부터...,https://blog.naver.com/leap12907/224339267779,"병원, 카페 등 다양한 공간에서 높은 만족도를 얻고 있습니다. 구리시는 갈매지구를 비롯해 인창동... 홈카페를 즐기는 분들에게도 매우 적합합니다. 자녀가 있는 가정 대용량 직수형 얼음정수기가 인기가...",세계를 향해 떠나다,blog.naver.com/leap12907,20260707,2026-07-07
방부데크 가격부터 특징까지! 공원·인테리어 현장에서 가장...,https://blog.naver.com/dy-171030/224339267880,"가격 대비 성능이 우수하고 시공성이 좋아 공원, 전원주택, 카페, 펜션, 학교, 산책로, 조경공사 등... 활용 사례 카페 테라스 레스토랑 야외좌석 상가 외부 데크 루프탑 호텔 야외공간 주거공간 가정에서도...",DY합판목재_합판/데크/집성판재/각재 도소매 판매,blog.naver.com/dy-171030,20260707,2026-07-07
도쿄 요코하마 차이나타운 버블티 맛집 미쉐 MIXUE 카페 디저트,https://blog.naver.com/jihye_blog/224339267262,도쿄 요코하마 차이나타운 버블티 맛집 미쉐 MIXUE 카페 디저트 도쿄 요코하마 차이나타운에 갔다가 버블티로 유명한 중국 브랜드 미쉐 MIXUE 카페를 방문했어요 중국 밀크티 브랜드 1위라고 하는데 한국에도...,여행하는 혜짱,blog.naver.com/jihye_blog,20260707,2026-07-07
대학로 숨은 무료 작업공간 | 쿼드 (서울예술인지원센터),https://blog.naver.com/jisun196/224339267192,1층 라운지 안쪽에는 카페도 있다. (가격도 착한 편!) 좌석도 꽤 있고 콘센트 있는 쇼파 자리도 있다. 간단하게 요기할 수 있는 구움과자가 판매 중이다. 자세한 메뉴가 보고 싶으시다면 메뉴판을 참고해주세요!...,맛집탐방 냥댕이,blog.naver.com/jisun196,20260707,2026-07-07
빵집오빠 충북도청점 오픈!!,https://blog.naver.com/bbangjipoppa/224339266969,위치: 충북 청주시 상당구 상당로 73 #빵집오빠 #빵집오빠충북도청점 #청주카페 #청주핫플 #충북도청맛집 #청주디저트 #청주빵집 #청주가볼만한곳 #신상카페 #빵지순례,소소한 행복 빵집오빠,blog.naver.com/bbangjipoppa,20260707,2026-07-07
그랜드 조선 부산 호텔 완벽 가이드 소개 부산 해운대 럭셔리...,https://blog.naver.com/1009ssun/224339267451,"호텔을 나서면 바로 해변 산책을 즐길 수 있고, 해운대 시장과 맛집, 카페, 다양한 관광명소도 가까워 부산 여행 동선이 매우 편리합니다. 지하철 해운대역 3번 또는 5번 출구에서 도보 약 10분 정도면 도착할 수...",행복한쀼의 설레는 여행 기록,blog.naver.com/1009ssun,20260707,2026-07-07
대전 중구 귀여운 느낌 낭낭한 넓은 카페 <크리켓사운드...,https://blog.naver.com/sweeeet_home/224339267331,여러분 안녕하세요 해니에요 귀여워서 저장해둔 카페를 대전 간 김에 들려보았어요 그럼 바로 후기 시작해볼게요 고고 ( •̀ᴗ•́ )و ̑̑ 크리켓사운드 귀여운 느낌 낭낭한 넓은 카페 ✔️영업정보 매일 12:00...,해니집,blog.naver.com/sweeeet_home,20260707,2026-07-07
시흥능곡맛집 소담촌 가격 월남쌈 샤브샤브 장곡동 장현동...,https://blog.naver.com/doogidoogiyo/224339267727,"저희는 죽보다는 볶음밥을 더 선호해서 국물 거의 다 뺀 후에 볶음밥으로 먹었어요 ㅎㅎ 배터지게 먹고 카페 구경가봤는데 커피, 홍차, 석류주스, 아이스크림이 잔뜩 있더라구요 ㅎㅎ 얼음도 있어서 아이스...",두기두기요 일상이야기,blog.naver.com/doogidoogiyo,20260707,2026-07-07
[우포스] 우포스 오리지널 플러스 솔직후기!사이즈 추천...,https://blog.naver.com/iamziu/224339267261,으로 결제 ㅋㅋ 우포스 오리지널 플러스 착화후기 구매하고 여행전에 일단 길들여본다며 잠시 카페 가는 길에 개시해 보았다 착화감. 진짜 쪼리는 우포스다!라는 말이 수긍되는 편안함~ + 폭신하면서도 발목이...,하레디유 소중한지금ෆ,blog.naver.com/iamziu,20260707,2026-07-07
진성 JS5 핫워터디스펜서 온수기 수리 고장 AS 점검 (히팅이...,https://blog.naver.com/maxpro0909/224339266938,"오늘은 서초구 한 카페에 #진성JS5 온수기 입니다. 나이스,카페플래너와 더불어 정말 많이 보이는 온수기입니다. 다른 온수기들도 다양하지만 제일 많이 보이며 AS도 잘되는 온수기입니다. 어떤 문제일까요??...",CAFE DIRECTOR YOON,blog.naver.com/maxpro0909,20260707,2026-07-07
꽤나 행복한 사람,https://blog.naver.com/s_zero_co_kr/224339266823,ㅋㅋㅋㅋㅋㅋ 나는 논 니코틴 알코올 카페인자에 게임도 안 해서 집 가는 길에 친구가 도파민을 어디서 얻냐 했는데 사실 인생 살면서 스트레스도 없고 행복하게 살아서 (물론 그 순간 잠깐잠깐 받는 건...,S.ZERO.CO.KR,blog.naver.com/s_zero_co_kr,20260707,2026-07-07
(금촌 애견샵임대상가)파주 금촌 금호어울림 상가 임대!...,https://blog.naver.com/exit7558/224339267775,"애견미용 샵이나 애견 카페, 반려동물 용품점 같은 업종은 입지 조건이 사업 실패와 성패의 80% 이상을 좌우한다고 해도 과언이 아닙니다. 왜냐하면 반려견을 동반하여 방문해야 하는 업종 특성상, 주차가...",쏭지랑 최군 이야기,blog.naver.com/exit7558,20260707,2026-07-07
성심당 근처 숨은 보석! 은행동별리달리에서 즐기는 특별한...,https://blog.naver.com/yaknu5t3f/224339266879,"3층 카페 공간과 무료 보드게임 돈까스를 맛있게 먹고 난 후, 그대로 자리를 옮겨 3층 카페 공간으로 향했어요. 이곳이 바로 별리달리의 또 다른 매력 포인트! 2층에서 맛있는 식사를 즐긴 후 3층 카페에서...",김바람,blog.naver.com/yaknu5t3f,20260707,2026-07-07
창원중동유니시티  41평 매매 1단지아파트｜109동 중층...,https://blog.naver.com/qnwk3934/224339266789,"생활 인프라 단지 주변에는 대형마트와 다양한 음식점, 카페, 병원, 약국, 금융기관 등이 가까이 위치해 있어 대부분의 생활을 차량 이동 없이 해결할 수 있습니다. 주말에는 가까운 공원에서 산책이나 운동을...",창원 유니시티 지향부동산,blog.naver.com/qnwk3934,20260707,2026-07-07
대구 달서구 월성동 왕초보 영어회화 성인 영어과외 자연스러운...,https://blog.naver.com/gktchzh099/224339267609,"카페에서 주문하기, 길 묻기, 병원 방문하기, 쇼핑하기, 자기소개하기처럼 생활영어에서 자주 사용하는 상황을 반복적으로 연습합니다. 어느 정도 자신감이 생기면 프리토킹도 조금씩 시작합니다. 오늘...",❤️❤️과외는 주쌤과외 01042352170 ❤️❤️,blog.naver.com/gktchzh099,20260707,2026-07-07
미니말레 교대 카페 디저트 맛집 스페셜티 커피와 베이커리를...,https://blog.naver.com/cardprof/224339267121,미니말레 교대법원점 헬싱키라떼 바브카 교대역 분위기 좋은 카페 추천 미니말레 커피뢰스터 교대법원점 ⓒ 글·사진·영상 진진타임즈 교대역 근처 카페를 찾다가 처음 보는 디저트 하나가 눈에 들어왔어요....,JINJINTIMES,blog.naver.com/cardprof,20260707,2026-07-07
서귀포 가성비 숙소 제주 그레이스 호텔 3만원대 예약 꿀팁과...,https://blog.naver.com/this-info/224339266012,"카페: 스타벅스 서귀포DT점이 가까워 모닝커피를 즐기기에 최적입니다. 교통: 서귀포 버스터미널이 인근에 있어 렌터카가 없는 뚜벅이 여행객들에게는 성지와도 같은 곳입니다. ""현지인들이 많이 찾는 식당이...",오늘의 정보 픽(Pick),blog.naver.com/this-info,20260707,2026-07-07
브라이언스커피 포스코사거리| 스콘맛집,https://blog.naver.com/memoryeng/224339266350,"사먹고 카페도 들렀다 가기로 했다. 요양병원 셔틀버스 기사님이 추천해주신 맛집 '홍영재 장수 청국장'에서 건강하고 맛있는 청국장 점심을 먹고 근처 카페로 갔다. 내가 픽한 카페는 바로, '브라이언스커피...",Lillie의 Dream Box:유방암 투병기,blog.naver.com/memoryeng,20260707,2026-07-07
"성주 가볼만한 곳 대구 근교 힐링 맛집 촌두부집, 카페...",https://blog.naver.com/tfa__/224339266273,감성 카페 포레스트 36! 성주 가볼만한 곳 촌두부집 들렀다가 포레스트36 가니 옆테이블 분들을 마주칠... 넘넘 인테리어가 깔끔하고 예쁨 촌두부집이 산 속 따스한 산장이었다면 성주 카페 포레스트 36은 산 속에...,데굴데굴 사과의 블로그,blog.naver.com/tfa__,20260707,2026-07-07
경기 안산시 단원구 고잔동아파트경매...,https://blog.naver.com/kdm0820200/224339266558,"아래 사이트 중에 이용하기 편리한 곳을 선택하여, 앱을 다운받아 물건을 검색하시면 매일 편하게 보실 수 있습니다. 네이버블로그 https://blog.naver.com/kdm0820200 다음카페 https://cafe.daum.net/RichActionbada",김주영의 부동산경매재테크,blog.naver.com/kdm0820200,20260707,2026-07-07
[익산] 채석장뷰 이색적인 카페 어스언더파크 익산,https://blog.naver.com/mango_lover_/224339266552,오늘은 채석장뷰로 유명한 익산 이색카페 어스언더파크에 내돈내산으로 다녀온 후기를 써보려고... 공간 카페 내부에는 스무테이블 정도 있었는데 주말오후라서 그런지 사람들이 굉장히 많더라구요! 저희는...,life with mango,blog.naver.com/mango_lover_,20260707,2026-07-07
동대문네일 받고 손만 하루 종일 봤어요… 자석네일은 여기...,https://blog.naver.com/ubtlibrary/224339265732,"손을 조금만 움직여도 분위기가 계속 바뀌니까 계속 손을 보게 되더라고요.ㅋㅋ 카페 가서 음료 들고 있는데 저도 모르게 손 사진만 계속 찍고 있었어요. 친구가 웃으면서 ""오늘 손만 몇 번 보는 거야?"" 라고...",일단 찍고 봄,blog.naver.com/ubtlibrary,20260707,2026-07-07
"갤럭시의 모든 것, 모바일 핫스폿 데터링 테더일 비밀번호 변경...",https://blog.naver.com/haswqe15/224339265839,외출 중 카페나 외부에서 급히 노트북이나 인터넷을 연결해야 할 때 와이파이가 없으면 갤럭시 스마트폰의 모바일 핫스폿 기능을 활용하면 정말 유요합니다 그러나 외부에서 쓰는 만큼 기본 설정 그대로 두면...,알렉스의 일상,blog.naver.com/haswqe15,20260707,2026-07-07
수원시 행궁동 시바견이있는 카페 리포커피,https://blog.naver.com/rohmk123/224339266122,"행궁동에 시바견이 상주하는 카페가 있다고해서 찾아가봤어요 간판, 입구 외관이 레트로하면서도... 느좋카페 찾는분들은 Lifo coffee방문해보세요! *단 노키즈존이랍니다. 위치: 경기 수원시 팔달구...",⋆｡˚,blog.naver.com/rohmk123,20260707,2026-07-07
<따랑따랑> 66화. 봉투,https://blog.naver.com/mimi_chloe_yoon/224339266099,"민윤제 그렇게 만나고 싶으면 동네 망한 카페 뒤져 보든지요. 아참, 조심하세요. 민윤제는 여자도 때려요.” 어제 밤 10시. 한 남자가 학원을 마치고 내려오는 연석정 앞을 막아섰다. “연석정?” 석정과 함께 내려...",소우주,blog.naver.com/mimi_chloe_yoon,20260707,2026-07-07
강원도 양양 카페 ㅇㅇㅍㄹ 여운포리 빵집,https://blog.naver.com/yulyul0901/224339266160,양양 숙소 근처에서 핫한 곳이라길래 다녀와 봤어요~ 카페는 빼놓을 수 없으므로 ㅎㅎ [ 여운포리 빵집... 주차장도 따로 없어서 난감했어요 ㅜㅠ 앞은 완전 논뷰~ 도로에 겨우 주차하고 카페로 갔는데요.. 이...,오늘은 뭐 할까.,blog.naver.com/yulyul0901,20260707,2026-07-07
부평 문화거리 3층 상가 임대 55평 가챠샵 소품점 카페 등,https://blog.naver.com/ekswk1234/224339265725,"기존에는 케이크 전문 카페로 운영되었던 매장이며, 개인적인 사정으로 영업을 종료하게 되어 현재 임대 중입니다. 카페, 디저트 전문점, 가챠샵, 소품점 등 다양한 업종을 검토하실 수 있으며, 임대료와...",부평 2층부동산,blog.naver.com/ekswk1234,20260707,2026-07-07
2026년 2분기 카페 원두 추천! 전국 카페가 다시 선택한 우수...,https://blog.naver.com/kokebiz/224339266572,"전국 2만여 카페 매장의 식자재 파트너 코케비즈(Kokebiz)입니다. 카페 운영에서 가장 중요한 선택 중 하나는 바로 원두입니다. 원두는 단순히 커피 맛을 결정하는 것을 넘어 고객의 재방문, 매장의 브랜드...",코케비즈,blog.naver.com/kokebiz,20260707,2026-07-07
카페 독서와 브런치를 동시에 즐기는 라이브러리카페...,https://blog.naver.com/mikijjang_/224339266682,"라이브러리카페 커도의서재 위례카페 위례베이커리카페 위례브런치카페 위례북카페 안녕하세요 미키입니다 조용히 책 한 권 읽으며 맛있는 디저트도 같이 먹고 싶은 날, 위례신도시 도심 속 힐링 공간...",Ordinary daily life,blog.naver.com/mikijjang_,20260707,2026-07-07
고함량 알파CD 12kg 감량한 다이어트 찐후기,https://blog.naver.com/wansojun/224339266005,맘카페나 인터넷으로 이것저것 열심히 알아보다가 고함량 알파CD 성분이 요새 관리에 좋다는 걸 알게 됐어요 이게 식이섬유의 일종이라서 몸속 찌꺼기 배출을 도와주고 가벼운 몸을 만드는 데 탁월하다고 이미...,준또의 오늘 하루,blog.naver.com/wansojun,20260707,2026-07-07
앤커 프라임 보조배터리 20100mAh 220W 직접 써본 솔직 사용기,https://blog.naver.com/80p5cg4brgcv/224339265885,카페에 앉아도 콘센트 자리 경쟁이 치열하고요. 그러다 인스타그램 피드를 넘기다가 앤커 프라임 보조배터리 20100mAh 220W 광고를 보게 된 거예요. '음? 220W면 노트북도 된다고?' 하면서 솔직히 처음엔...,80p5cg4brgcv님의 블로그,blog.naver.com/80p5cg4brgcv,20260707,2026-07-07
"발볼러도 편안하게! 버켄스탁 아리조나 내돈내산, 커플 여름...",https://blog.naver.com/bbo_explore/224339265922,"버켄스탁 아리조나 커플템 남편과 커플로 맞춰 신어봤는데, 같은 디자인이라도 부담스럽지 않고 자연스러운 커플룩을 연출할 수 있어서 더 마음에 들었어요~ 둘이 동네 산책하면서 찍어봤어요 카페에서 한...",백 수집가의 쓸모수집,blog.naver.com/bbo_explore,20260707,2026-07-07
#2026 The 1 week of JUL,https://blog.naver.com/f_garden_day/224339266614,애견 동반 카페 찾기 위해서 열심히 찾은건데 브리니팔공 카페에 도착! 야외에서만 가능하다고 해서 날이 그래도 좋아서 야외 데이트 셀린이도 기분 좋아서 행복했던 날이었나봐요! 오빠가 자꾸 인생샷...,f_garden_day,blog.naver.com/f_garden_day,20260707,2026-07-07
BAGGU 바쿠 16인치 노트북 파우치 맥북 태블릿 케이스 직접...,https://blog.naver.com/fnjg30jx5kdk5/224339265770,얼마 전에 새로 산 맥북 에어를 들고 카페 갈 일이 많아졌거든요. 근데 기존에 쓰던 노트북 파우치는... 카페 갈 때나 출장 갈 때 정말 유용하더라고요. 2. 튼튼한 내구성 바쿠 파우치는 캔버스 재질이라 그런지...,fnjg30jx5kdk5님의 블로그,blog.naver.com/fnjg30jx5kdk5,20260707,2026-07-07
"광주 대형키즈카페 추천 | 초등아이랑 실내 가볼만한 곳, 루미잼...",https://blog.naver.com/kje092822551/224339266383,저는 아이들이 초등학생이다보니 이제 키즈카페는 졸업했다 생각했는데 루미잼 키즈테마파크는... 제가 사는 포항에는 이런 대형 키즈카페가없어서 늘 아쉬웠는데 광주에는 대형 키즈카페가 있어서 너무...,별과해가 놀고 먹고 자라고,blog.naver.com/kje092822551,20260707,2026-07-07
"ㅣ 로맨틱 스탠다드. 고잔동 카페 추천, 단호박갸또 홀케이크 주문",https://blog.naver.com/rhkd37/224339266020,이렇게 갬성가득하고 예쁨가득한 로맨틱 스탠다드 카페 구경 끝! 이제 실물을 공개합니닷. 안전하게... #안산카페 #안산케이크 #고잔역 #중앙역 #로맨틱스탠다드 #로맨틱스탠다드홀케이크 #안산로맨틱스탠다드...,우리의 같이 쓰는 일기,blog.naver.com/rhkd37,20260707,2026-07-07
"경기 광주 이삿짐센터 가격 비용, 아파트 주택 포장이사...",https://blog.naver.com/syj00900/224339265653,지역 커뮤니티나 카페에서 꾸준히 이름이 오르내리는 경기 광주 이삿짐센터라면 그만큼 신뢰도를 가늠해볼 근거가 된다고 볼 수 있어요. 7. 계약 전 반드시 짚어야 할 보험과 배상 범위 이사 과정에서 발생할 수...,똑똑한 경제박사 해피바이러스,blog.naver.com/syj00900,20260707,2026-07-07
커피머신 고장 수리 소모품교체 고무가스켓 샤워스크린은...,https://blog.naver.com/sinsungcnf/224339266674,카페 사용중인 나이스온수기 누수 고장/수리 AS 온수기 핫워터디스펜서는 가장많이 사용하는... 커피머신 AS / 카페 장비 수리 AS 관리 _ 서울 전 지역 / 경기 일부 지역 가능 커피머신 / 제빙기 / 온수기...,필터체인지,blog.naver.com/sinsungcnf,20260707,2026-07-07
"광주광산구 신설 흑석탑튼튼정형외과,카페처럼 정갈하고...",https://blog.naver.com/lovemon0525/224339266621,""" 카페 같은 깔끔·정갈한 내부 인테리어 처음 문을 열고 들어서자마자 ""와~"" 소리가 절로 나왔어요. 제가 지금까지 다녀본 정형외과들은 조금 딱딱하고 무거운 분위기가 많았는데, 여기는 마치 감성 카페에 온...",lovemon0525님의 블로그,blog.naver.com/lovemon0525,20260707,2026-07-07
전북 전주에서 나홀로 사색하며 산책하기 좋은곳 #7,https://blog.naver.com/aaaaaaaaaaajin111/224322345259,공원 내에는 작은 카페도 있어 잠시 휴식을 취하며 자연을 음미할 수 있습니다. 특히 아침이나 저녁 시간대가 조용하고 산책하기에 이상적입니다. 전주천변 산책로에서 느끼는 도시와 자연의 조화 전주천은...,aaaaaaaaaaajin111님의 블로그,blog.naver.com/aaaaaaaaaaajin111,20260707,2026-07-07
이천정수기렌탈 추천｜이천얼음정수기렌탈 가격 비교부터 설치...,https://blog.naver.com/sharp4596/224339265508,"병원, 카페, 학원 등 다양한 공간에서 높은 만족도를 얻고 있습니다. 이천시는 증포동, 부발읍, 마장면... 신혼부부 냉온정수기와 얼음정수기를 많이 선택하며 홈카페를 즐기는 분들에게도 인기가 높습니다....",길 위의 모험기,blog.naver.com/sharp4596,20260707,2026-07-07
판교 현대 유명 카페 창업 백화점 선호도 1위 상권,https://blog.naver.com/trendkorea09/224339265167,판교 현대 유명 카페 창업 백화점 선호도 1위 상권 특수상권 전문 컨설팅 케이글로벌입니다 오늘은 [현대백화점 판교점 유명 카페 창업] 물건 소개드립니다. 카페 창업은 브랜드도 중요하지만 어떤 상권에서...,K.Global 창업컨설팅,blog.naver.com/trendkorea09,20260707,2026-07-07
그랜드 하얏트 1박 2일 숙박 후기,https://blog.naver.com/megaton_00_/224339262073,"또한 미니바 공간에는 네스프레소 캡슐 커피 머신과 캡슐 커피가 기본 제공되어, 아침저녁으로 통창 앞 테이블에 앉아 남산 뷰를 바라보며 향긋한 홈카페를 즐길 수 있었습니다. 상부장에는 와인잔, 온더락잔...",살림 · 여행 · 쇼핑 · 웰니스,blog.naver.com/megaton_00_,20260707,2026-07-07
"17인치 노트북 백팩, 세일러즈 백팩(이지백팩 L) 내돈내산 후기",https://blog.naver.com/balval/224339260150,"평일에는 출근용으로, 주말에는 카페 갈 때, 그리고 1박 2일 여행 갈 때도 메고 다녀봤는데 생각보다 활용도가 정말 높았습니다. 짐은 꽤 많이 들어가는데 겉으로는 커 보이지 않는 것도 정말 마음에 들었어요....",Valencong’s Diary,blog.naver.com/balval,20260707,2026-07-07
남자두피문신 상담까지 받아보고 마음 접은 썰,https://blog.naver.com/xdstart/224338102050,"그 길로 탈모 카페 들어가서 후기 많은 순으로 밤새 뒤지고, 제품 성분표를 엑셀로 정리해서 며칠을 비교했다. 그러다 계속 눈에 걸리는 게 하나 있었는데, 그게 바로 디에제르 모식스 샴푸였다. 처음엔 '샴푸가...",xdstart님의 블로그,blog.naver.com/xdstart,20260707,2026-07-07
충남여행 예산관광 예당호전망대 무료로 즐기기,https://blog.naver.com/lifefly1004/224339264905,"1층에는 베이커리 카페와 푸드코트가 마련되어 있다는 점. 푸드코트로 연결해서 앞으로 나가려고 하는데, 뒤편에 있는 노란색 모노레일이 발목을 잡는다. 이게 뭔가 궁금해서 읽어보니, 예당호 무인 미니...",국도대장정,blog.naver.com/lifefly1004,20260707,2026-07-07
업소용 대용량 냉동·냉장고 추천 BEST 3: 가성비와 성능 모두...,https://blog.naver.com/dabarstore/224339112232,"식당이나 카페, 음식점 운영하시는 분들이라면 대용량 냉장·냉동고는 필수템이죠. 특히 신선한 식재료 보관과 빠른 냉각이 중요해 간냉식 제품들이 인기를 끌고 있어요. 고가의 제품들이지만 사양과 용량...",신일N위시웨이,blog.naver.com/dabarstore,20260707,2026-07-07
김해소파저렴한곳 추천! 김해모렌에서 만나는 고급스러운...,https://blog.naver.com/pyj0517/224339265098,"모던한 거실은 물론 카페, 사무실 등 다양한 공간에서도 감각적인 분위기를 연출할 수 있습니다. 앉아보면 더욱 만족스러운 착석감을 느낄 수 있습니다. 적당한 쿠션감으로 오래 앉아 있어도 편안하며, 가족...",행복한 야옹이,blog.naver.com/pyj0517,20260707,2026-07-07
1인 휴대폰성지 창업 옆커폰 혼자서도 안정적으로 운영하는...,https://blog.naver.com/surfingtaiji/224339234657,"여기에 네이버 카페 회원 수는 75.2만 명에 달해 이미 대규모 커뮤니티가 형성되어 있는데요. 이러한... 음식점이나 카페 창업을 알아보신 분이라면 알겠지만, 요식업의 경우 주방 설비와 인테리어, 초기...",쨘쨔자잔쨔자쟌! 두둥!,blog.naver.com/surfingtaiji,20260707,2026-07-07
광안리 브런치 맛집 데이트하기 좋았던 마렌토 망고빙수까지 완벽,https://blog.naver.com/gusk1012/224339265054,"요즘 광안리에는 예쁜 카페나 식당이 많지만, 마렌토는 브런치 감성과 데이트 무드를 동시에 챙길 수... 남편이랑 주말에 방문했는데, 밥 먹고 카페 찾으러 또 이동하지 않아도 한 곳에서 피자, 음료, 술...",데이의 day by day,blog.naver.com/gusk1012,20260707,2026-07-07
아기랑 가볼만한곳 / 인천 차이나타운 / 연경 중식당...,https://blog.naver.com/mimionlog/224339265227,"이라고 애니메이션 캐릭터로 꾸며진 거리도 있었다. 언덕과 평지만 있고, 그늘이 없어서 해가 없는날인데도 무척 더웠다. 그렇지만? 카페가 많아서 힘들면 들어가서 쉬면 됨",ONlog❤️,blog.naver.com/mimionlog,20260707,2026-07-07
[판교/성남카페] 통창 숲뷰 분위기 좋은 대형카페 '카페 운중동',https://blog.naver.com/yoonisuh/224339261765,"'카페 운중동'  경기 성남시 분당구 하오개로344번길 8 1층, 2층 ⏲️ 월~금 11:00~21:00, 주말 10:30~21:00... 방문한 '카페 운중동' 한 12시30분에서 1시 사이에 방문했는데 이미 주차는 한자리 남았었어요. 나올 때는...",나의기록,blog.naver.com/yoonisuh,20260707,2026-07-07
일본 교토 여행 당일치기 교토 아라시야마 치쿠린 대나무숲...,https://blog.naver.com/seok_ze/224339264997,"교토 아라시야마 상점가 거리 및 미피 카페 구경 4. 치쿠린 대나무숲 영화 촬영지 코스 5. 노노미야 신사... 작은 카페와 미니스탑, 로손 등의 편의점이 있었고, 대나무숲쪽으로 따라 걷다보면, 아라시야마의...",졔미있는 여행일기 ʕتʔ,blog.naver.com/seok_ze,20260707,2026-07-07
"이동건, '이혼숙려캠프' 새 MC 데뷔··· 정장 입고 촬영장...",https://blog.naver.com/entinfo50/224339217263,☕ - 제주 카페 사장으로의 변신 이혼 후 이동건은 새로운 삶을 시작했어요. 2025년에는 '제주 카페 사장'으로 거듭났다는 소식이 전해져 화제가 되었습니다. 직접 커피를 내리고 손님을 맞이하며 제2의 인생을...,entinfo50님의 블로그,blog.naver.com/entinfo50,20260707,2026-07-07
테팔 미니 그릴 GC5718KO 신혼가전 할인정보｜비좁은...,https://blog.naver.com/ok8459460/224339226811,어제 저녁에도 좁아서 고생하다가 결국 식탁 위에 두고 쓰기 참 좋은 콤팩트한 소형 사이즈 위주로 며칠 밤낮을 맘카페 폭풍 검색함 ㅋㅋ ────────── 처음엔 이름 모를 저가형 브랜드의 감성적인...,월천팩토리가 사는 세상,blog.naver.com/ok8459460,20260707,2026-07-07
개인정보보호법위반합의금기준 2026 최신 판례와 실무 합의금...,https://blog.naver.com/zxajtn/224339232658,2) 가중 요소(각 항목마다 가산) - 정보의 민감도: 주민등록번호·건강/질병·금융·위치·미성년자 관련 정보·사생활 침해성 사진·영상 - 유포 범위/지속: 오픈채팅·카페·게시판·커뮤니티 게시·재게시 정황...,경찰출신 형사전문변호사,blog.naver.com/zxajtn,20260707,2026-07-07
6월 일기,https://blog.naver.com/slvjoe/224339264628,밥 먹고 다른 해수욕장 찾아 조개 줍줍한 후 카페가서 흑임자라떼!!!를 먹었는데!!! 진자 이케 맛있어도... 어제 갔던 카페에서 다른 메뉴 도전! (흑임자라떼 카페인땜에 고생해서 먹고싶은 마음 참고 디카페인...,내 맘대로 살아가기 위한 여정 기록,blog.naver.com/slvjoe,20260707,2026-07-07
"포항중고에어컨 중고냉난방기 매입, 판매, 이전설치, 수리",https://blog.naver.com/tlstlsvhgkd/224339265025,"카페, 식당, 사무실, 병원, 학원과 같이 넓은 공간에서도 효율적인 냉방이 가능하고 스탠드와 벽걸이도 함께 저렴하게 구입하여 설치까지 한 번에 맡기실 수 있습니다. 이사를 하면서 가장 많이 문의하시는...",신포항에어컨 신포항철거,blog.naver.com/tlstlsvhgkd,20260707,2026-07-07
"커피빈 아이스 커피빈카노, 아이스 커피빈라떼│25주년...",https://blog.naver.com/silverrrj0803/224339264887,없이 카페 찾는 분 공감이랑 이웃추가는 사랑입니다  #커피빈생일선물카드후기 #커피빈25주년 #커피빈이벤트 #커피빈안양시청앞점 #커피빈카드혜택 #안양카페 #커피빈스탬프 #내돈내산카페 #커피빈주차...,하루를 조각조각 모으며 행복찾는 ISTP,blog.naver.com/silverrrj0803,20260707,2026-07-07
나는 솔로 31기 순자 경수 카페 데이트룩과 설레는 커플 패션...,https://blog.naver.com/everyday_story24/224339134887,감성 가득한 카페 데이트와 패션 아이템에 쏠린 시선 최근 순자와 경수가 함께한 금요일 카페 데이트 사진이 공개되면서 두 사람의 달달한 분위기뿐 아니라 패션 아이템에도 관심이 쏠렸습니다. 테이블 위에...,오늘이야기24,blog.naver.com/everyday_story24,20260707,2026-07-07
[부산 안락동 맛집] 온천천 카페거리의 따뜻한 감성 식당...,https://blog.naver.com/geumdong0413/224339265073,바지락으로 조개육수를 넣어서 만들었다고 하셨는데 정말 육수가 맛있었어요~ 방아랑 육수 오징어가 조화롭게 잘 어울렸어요~  매장 정보 및 위치 위치: 부산 동래구 안락동 (온천천 카페거리 인근) 특징...,금동부동산,blog.naver.com/geumdong0413,20260707,2026-07-07
BCK 가족 운동회 커피차 출동! 온 가족이 함께 즐긴 사내...,https://blog.naver.com/food-supporters/224339264560,깊고 진한 풍미의 커피 라인 [아메리카노] 어른들의 에너지를 급속 충전해 줄 필수 아이템 [카페라떼]... 이동식 카페 공간이 필요하시다면 언제든 저희 푸드서포터즈를 찾아주세요.  #운동회 #커피차...,푸드서포터즈,blog.naver.com/food-supporters,20260707,2026-07-07
김해 진례 맛집 성림가든 평지마을 백숙촌 초복 중복 말목 몸보신,https://blog.naver.com/rlawlgp0207/224339233615,옆에 카페도 있드라구요 커피 한잔도 후식으로 마무리 코코넛커피랑 아이스쌍화차 주문했답니다 이렇게 메뉴가 있어요 다양한 메뉴가 가득하죠 쌍화차를 아이스로 먹을수 있다니 신기 주문을 하고 아까...,창원좋은광고 창원간판 광고에 모든것,blog.naver.com/rlawlgp0207,20260707,2026-07-07
여름 준비는 마곡PT에서! 노하우와 혜택까지 총정리한 운동...,https://blog.naver.com/jxdmnqyalcsqev/224339264798,"그라운드 전체가 편안한 카페 공간도 있어서, 물이나 이온음료 한 컵 마시고 여유롭게 휴식하며 땀 식히는 일까지 자연스레 챙길 수 있습니다. 이쯤 되니, 좋다는 건 알겠는데 회원권이 너무 비쌀까...",jxdmnqyalcsqev님의 블로그,blog.naver.com/jxdmnqyalcsqev,20260707,2026-07-07
올림픽공원가상오피스 근처 실사용 가능한 곳,https://blog.naver.com/gvlqr4769c7/224339264563,라운지 분위기가 진짜 예쁨 라운지가 카페보다 훨씬 예쁘고 쾌적해서 깜짝 놀랐어요. 대형 식물도 많고 화이트 톤 데스크라 프라이빗하면서도 안정감 있는 분위기에서 집중 작업하기 정말 좋습니다....,여운이 남는 하루,blog.naver.com/gvlqr4769c7,20260707,2026-07-07
전단지 배포로 화성시에서 브랜드 인지도를 높이기,https://blog.naver.com/lowtude/224338087497,"화성시의 유동인구가 많은 장소, 예를 들어 쇼핑몰, 카페, 공원 등에서 배포하면 더 많은 사람들에게 브랜드를 알릴 수 있습니다. 셋째, 배포 후 고객의 반응을 분석하여 다음 마케팅 전략에 반영하는 것이...",판촉물전단지배포,blog.naver.com/lowtude,20260707,2026-07-07
"대구에서 '힙한 낮과 밤'을 보고 싶다면, 대봉동으로~",https://blog.naver.com/khklife4860/224339265395,"낡은 주택을 개조한 카페에서 커피 한 잔을 마시는 것만으로도, 마치 시간이 느리게 흐르는 듯한 위로를... 맛난 카페 대봉동 지도 여러분이 대봉동에서 발견한 [나만의 작은 아지트]가 있다면 댓글로 살짝...",복터 에스테이트 인 대구,blog.naver.com/khklife4860,20260707,2026-07-07
[창원 맛집] 강원도래요 주남저수지 본점 감자옹심이 후기,https://blog.naver.com/nanchegoya/224339265020,완뚝! 다 먹고 근처 주남저수지에서 조금 걸었어요 근처에 주남저수지도 있고 대형 카페들도 있어서 주말에 나들이하러 와서 감자옹심이 한 그릇 하고 가기 좋아요,어떤 하루,blog.naver.com/nanchegoya,20260707,2026-07-07
소통이 안 될 때는 토론 대신 숙론! - 제돌이를 바다로...,https://blog.naver.com/sinbijw/224268019827,"그 시절 빈의 사람들은 날마다 카페 테이블에 모여 앉아 예술과 문학, 정치, 과학에 대해 논의했다고 합니다. 새로운 양식의 회화, 음악, 건축이 태동하고 여러 문학사조가 생겨나던 시기입니다. 지금 대한민국은...",Life is so cooooooool,blog.naver.com/sinbijw,20260707,2026-07-07
[공실] 큐브시그니처C 101호 | 상가 1 | 보증금 3000 / 월세...,https://blog.naver.com/taeryong381/224339265432,"• 카페 / 디저트숍 – 유동인구 많고, 작은 평수도 운영 가능 • 배달 전문 음식점 – 상권 접근성이 좋아 배달 수요 확보 용이 • 편의점 / 소매점 – 안정적인 매출 기대 • 서비스형 매장...",(주) 태룡건설,blog.naver.com/taeryong381,20260707,2026-07-07
대부도아이랑가볼만한곳 카페아셀 모래놀이와 조개잡이...,https://blog.naver.com/63816/224339265502,주말 아침 일찍부터 서둘러 서해 바다의 독보적인 감성 뷰를 자랑하는 대부도 오션뷰 카페 아셀에 다녀왔습니다 대부도 쪽 핫플 카페들은 주말 피크타임에 가면 주차 전쟁 때문에 시작부터 진이 쏙 빠지기...,예니 일상 이야기,blog.naver.com/63816,20260707,2026-07-07
"숏폼광고, 온라인에서 살아남는 가장 현실적인 방법",https://blog.naver.com/winhbh/224339265022,"음식점과 카페는 감성을 중심으로 접근하고, 병원과 학원은 신뢰와 전문성을 강조하며, 미용실과... 또한 카페침투 전략을 활용하여 다양한 온라인 커뮤니티에서 브랜드가 자연스럽게 노출될 수 있도록 운영하고...",전국최다시술 마음에점을찍다 본점,blog.naver.com/winhbh,20260707,2026-07-07
덕계역 지웰엘리움 매매 덕계동 3억대 아파트 모델하우스 위치,https://blog.naver.com/must18950/224339264480,"오픈라운지와 키즈라운지, 북카페가 마련되고 외부 방문객을 위한 게스트하우스도 함께 계획되어 있습니다. 입주민 전용 셔틀버스 2대가 운행될 예정입니다. 덕계역과 중심 상권을 잇는 노선으로 출퇴근...",흐린불침,blog.naver.com/must18950,20260707,2026-07-07
[아반떼AD] 안드로이드올인원JS 네비게이션장착 무선카플레이...,https://blog.naver.com/strong153815/224339264843,product_no=39567&cate_no=1&display_group=2 & 네이버카페(가격정보):https://cafe.naver.com/navi1020 홈페이지(상품정보) :https://smartstore.naver.com/strong1538 블로그(이미지) :https://blog.naver.com/strong1538 월~토 오전 9시부터...,안드로이드 올인원 구매시 필독~!!!,blog.naver.com/strong153815,20260707,2026-07-07
JBL 노이즈캔슬링 무선 이어폰 편안한 착용감과 뛰어난 음질...,https://blog.naver.com/dahme74/224339264990,대중교통이나 카페처럼 소음이 많은 곳에서도 음악에만 온전히 집중할 수 있게 해주거든요. ANC(Adaptive Noise Cancelling) 기술이 탑재되어 있어서 그런지 외부 소음을 효과적으로 차단하면서도 필요한 경우엔...,dahme74님의 블로그,blog.naver.com/dahme74,20260707,2026-07-07
"연제구 수련하나공원, 정원처럼 새단장",https://blog.naver.com/bplusnews/224339265376,"말하자면, 동네 공원이 살짝 “정원 카페 감성”을 장착한 느낌입니다. 커피는 직접 들고 가야 하지만요. 낡은 시설은 걷어내고, 계절감 있는 녹지로 변신 이번 재정비사업에서는 먼저 기존의 낡은 시설물을...",BPlusnews님의 블로그,blog.naver.com/bplusnews,20260707,2026-07-07
"몽키버니 휴대용 아기침대 여행용 추천 후기, 신생아 이동식...",https://blog.naver.com/pangtear7/224339238890,주말에 친정 갔다가 낮잠 재울 곳이 마땅찮아서 카페 구석 소파에 눕혀놓고 저는 옆에서 커피도 못 마시고 손으로 계속 받치고 있었던 적도 있었어요. 이런 상황 겪어보신 부모님들 꽤 계시지 않나요. 저도...,스타코리아,blog.naver.com/pangtear7,20260707,2026-07-07
"홈카페 원두 추천, 상황별로 골라봤어요 (직접 마셔보고 정리한...",https://blog.naver.com/tomo_nuri/224339265468,"홈카페 원두 추천, 상황별로 골라봤어요 (직접 마셔보고 정리한 후기) 홈카페 생활을 3년 넘게 하면서 정말 다양한 원두를 사서 마셔봤어요. 처음엔 아무거나 사서 마셨는데, 마시는 상황에 따라 잘 맞는 원두가...",꿈 많은 삐오,blog.naver.com/tomo_nuri,20260707,2026-07-07
서대문구 포스기 설치 없이 토스페이 결제하기,https://blog.naver.com/gqgitxfqtzpvfx/224339265492,"대학가와 주거지역, 오피스 상권이 함께 어우러져 있어 음식점과 카페, 병원, 약국, 미용실, 학원... 토스페이를 비롯한 간편결제는 음식점, 카페, 베이커리, 병원, 약국, 미용실, 네일샵, 헬스장, 필라테스뿐...",올페이24 단말기/포스/페이 전문,blog.naver.com/gqgitxfqtzpvfx,20260707,2026-07-07
"판나코타(Panna Cotta), 부드럽게 녹아내리는 이탈리아...",https://blog.naver.com/qu_qu_qu_/224324618447,"전통적으로는 생크림을 천천히 가열한 뒤 굳혀 만들었으며, 현재는 세계 각국의 레스토랑과 카페에서... 다양한 소스와 과일을 활용할 수 있어 응용 범위가 넓으며, 레스토랑과 카페에서 꾸준히 사랑받고 있는...",qu_qu_qu_님의 블로그,blog.naver.com/qu_qu_qu_,20260707,2026-07-07
"공간의 품격을 완성하는 인테리어 오브제, LG 트롬...",https://blog.naver.com/uselogram/224339251449,LG 트롬 오브제컬렉션 드럼 세탁기 베이지는 따스한 색감 덕분에 세탁실을 화사한 카페처럼 바꿔준답니다. 다만 설치 전에는 반드시 수전 위치와 배수구 규격을 꼼꼼히 체크하세요. 공간이 좁다면 도어 열림...,USELOGRAM,blog.naver.com/uselogram,20260707,2026-07-07
통영 루지 케이블카근처 빵지순례 소금빵맛집 공유공간작업실45,https://blog.naver.com/dhfo0421/224339265241,"소금빵 맛집답게 카페 앞에 도착하기전부터 버터향기가 가득. 베이글 매일매일 수제로, 소금빵 매일매일 수제로, 프레첼 매일매일 수제로. 매일 매일 수제로가 매일매일 주세요로 읽었다. 매일 매일 먹어도...",통영공방 기관 학교 단체 출강 부케기프트 환경공예,blog.naver.com/dhfo0421,20260707,2026-07-07
재방문은 당연한 거 아님? 솔찍후기 키워드 남양주카페추천,https://blog.naver.com/carrot12544/224339265222,이런 곳은 평소에 카페 좋아하는 친구가 물어보면 가장 먼저 떠오를 것 같았습니다. 분위기 편안하고... 괜히 남양주카페추천으로 많이 이야기되는 이유가 있구나 싶었네요^^ 중간에 창밖도 구경하고 사진도 찍고...,Lucy,blog.naver.com/carrot12544,20260707,2026-07-07
"가게홍보, 뭐부터 해야 할지 막막하신 적 있으신가요?",https://blog.naver.com/chlehdrnr7/224339261401,"홈페이지제작으로 첫인상 만들기 한 카페 사장님은 가게홍보를 고민하다가 홈페이지제작부터 시작하셨다고 합니다. ""인스타그램만으로는 가게 정보를 다 담을 수 없더라고요. 메뉴, 위치, 영업시간을 한 곳에...",후니쌤의수업,blog.naver.com/chlehdrnr7,20260707,2026-07-07
ADSP 4주 독학 후기(내돈내산),https://blog.naver.com/jnhvngsn/224339264658,"이지패스 카페에도 문제 답 올라오는 것 같으니, 참고하시면 좋을 것 같아요☺️ 가채점 점수 결과는 13일 뒤에 나왔어요! 그래서 시험 결과는‼️ 1과목 16점, 2과목 16점, 3과목 50점으로 총 82점으로...",1인분을 넘기자!,blog.naver.com/jnhvngsn,20260707,2026-07-07
"부모님들의 가장 큰 실수!! ""조금 더 크면 시작할게요.""",https://blog.naver.com/brainnow_jukjeon/224339265030,용인죽전영어유치원 #용인죽전영유 #용인죽전파닉스 #용인죽전두뇌교육 #brainnow #brainnowstudio #브레인나우체험수업 #토들러클래스 #월드브레이니선발대회 #브레인업 챌린지 #누리에뜰 #보정동 카페거리,"Rightnow, Brainnow",blog.naver.com/brainnow_jukjeon,20260707,2026-07-07
광고비 줄이고 매출 올리는 로켓그로스 창업 광고 세팅법,https://blog.naver.com/eyettaking1997/224328477536,"광고비는 줄이고, 상품의 가치는 높이는 이 구조만 완성하면 사장님의 쇼핑몰은 더 이상 광고비를 태우지 않아도 저절로 굴러가는 수익 엔진이 될 것입니다.""  [클릭!] 쇼핑몰 다이렉트 마스터 공식 카페...",eyettaking1997님의 블로그,blog.naver.com/eyettaking1997,20260707,2026-07-07
제니퍼룸 가정용 전자동 커피머신 추천 바리스타 아르떼...,https://blog.naver.com/sdb0802/224339259576,카페 부럽지 않은 깊은 풍미를 즐길 수 있는 최고의 감성 가전이고요 3 무료 배송에 네이버 멤버십 최대 10퍼센트 추가 적립 혜택과 내일 도착 보장까지 모두 제공되는 한정 프로모션이니까 감성 홈카페를...,구단 알림장,blog.naver.com/sdb0802,20260707,2026-07-07
[경북 경주 용강동고분] 숨은 고분 탐방과 경주 시내 코스,https://blog.naver.com/go-in/224339264482,"경주 용강동 주변에는 전통시장과 카페, 먹거리 장소들이 자리잡아 있다. 고분 탐방 후 지역 특산물인 경주 한우를 맛보거나, 전통 찻집에서 차 한잔 하는 것도 색다른 경험이다. 또 지역 공예품 가게를 둘러보며...",국내로 여행가자 go~in,blog.naver.com/go-in,20260707,2026-07-07
2026.07.07_금일 특징주!,https://blog.naver.com/casio4321/224339265271,"(목표주가 250,000원으로 대폭 상향) BGF리테일 (282330) | [상승 ⬆️] 이슈: 무인카페 폐점에 따른... 자영업자들의 무인 카페 폐점이 가속화되면서 편의점 전용 커피 및 음료 카테고리로의 반사수혜가...",깔라만두,blog.naver.com/casio4321,20260707,2026-07-07
성능부터 마감까지 꼼꼼하게 살핀 삼성전자 인강용 사무용...,https://blog.naver.com/yoonzabebe/224336946194,카페에서 급하게 메일 보내려는데 노트북이 멈춰서 진땀 흘린 적 있으시죠. 분명 어제까지 잘 되던... 가벼움이 주는 일상의 자유로움 카페나 도서관으로 향하는 발걸음이 한결 가벼워졌어요. 삼성전자 인강용...,Your Shopping Fairy,blog.naver.com/yoonzabebe,20260707,2026-07-07
제왕절개 실밥제거 후 샤워 언제부터 될까요,https://blog.naver.com/mineral75745/224339262960,"맘카페랑 커뮤니티에서 산후 교정 관리템으로 입소문이 났다는 것도 괜히 안심이 됐고요. 다만 절개 부위가 아직 아물지 않았거나 젖어 있을 땐 착용을 미루고, 담당 선생님과 상담 후 건조한 상태에서 쓰시길...",mineral75745님의 블로그,blog.naver.com/mineral75745,20260707,2026-07-07
가계부 어플 추천 꾸준히 쓰게 되는 3가지 기능 비교,https://blog.naver.com/cindy74472/224337828395,"똑똑한 가계부 어플들은 스타벅스에서 결제하면 식비나 카페 항목으로, 주유소에서 결제하면 교통비 항목으로 카테고리를 알아서 분류해 줍니다. 그리고 일주일이나 한 달 단위로 내가 어느 분야에 가장 많은...","지식창업 노마드, 성공이의 성장 기록",blog.naver.com/cindy74472,20260707,2026-07-07
부천역 카페 핸드드립 맛집 카페 디저트 휘낭시에 추천...,https://blog.naver.com/hmtina/224339264909,"ㅎㅎ 주말 늦잠자고 남편이랑 추억의 떡볶이 데이트를 한 후, 디저트에 커피까지 즐기러 동네 신상카페 다녀왔어요. 카페 바로앞에 반려견 분양샵이 있는데, 꼬물이 강쥐들 너무 귀여워서 한마리한마리 다...",Tina's Diary,blog.naver.com/hmtina,20260707,2026-07-07
부산 온천장 브런치 카페 사운즈커피 주차도 편함,https://blog.naver.com/pkh9095/224339264792,부산 온천장 브런치 카페 사운즈커피 주차도 편함 비가 오는 일요일은 아침하기 귀찮고 간단하게 먹고싶을때가 있다. 그럴때 딱 들리기 좋은 곳을 미리 봐두었지. 부산 온천장 브런치 카페 사운즈커피다....,미닝아웃(Meaning Out),blog.naver.com/pkh9095,20260707,2026-07-07
마포구 / 홍대입구 무한리필 추천 라장양갈비 양꼬치무한리필...,https://blog.naver.com/botton_design_studio/224339265363,"원래 카페같은 매장이었던거로 기억하는데 요즘은 임대료가 비싸져서 쉽지 않겠죠  초입부터 뭔가 잔뜩 써있습니다. 가격이 1인 가장 비싼 메뉴가 27,900원 2층으로 올라갑니다. 엘리베이터 타시면 안됩니다....","보통사람의 온갖 이야기, 보통 디자인 스튜디오",blog.naver.com/botton_design_studio,20260707,2026-07-07
"제주 혼여행 WE호텔 제주 나홀로 패키지 슈페리어 숲전망, 조식...",https://blog.naver.com/jotorii/224339264518,"말차 카페 건물로 들어오면 1층에는 별게 없고 (작은 안내데스크, 편의점, 수영장으로 가는 길 등) 바로... 체크인 카운터 옆쪽으로는 슬로우 말차라는 카페가 있었는데 이 카페 인테리어와 분위기가 너무...",조토리의 여행 맛집 일상 기록,blog.naver.com/jotorii,20260707,2026-07-07
오크레페 해운대점 메뉴 구성과 공간 특징,https://blog.naver.com/th8664/224336510144,"이용 흐름 개요 오크레페 해운대점은 다양한 크레페와 음료를 제공하는 카페로, 해운대역 3번 출구에서... 자주 묻는 질문 이 카페는 어떤 메뉴가 인기인가요? 대표 메뉴로는 커스터드＆망고 치즈케이크 크레페...",산책 로그,blog.naver.com/th8664,20260707,2026-07-07
"가면의 종말, 그리고 날것의 경영",https://blog.naver.com/bbode010/224339265306,맞추는 지식 공동체 카페입니다. 표류하는 시대 속에서 진리와 본질을 향해 함께 이끌고 밀어줄 성숙한 동반자가 되어주세요.  [삶과 일 연구소] 네이버 카페 바로가기 (클릭) 이상욱 [관점TV_삶과 일 연구소] 올림.,이상욱 관점TV_삶과 일 연구소,blog.naver.com/bbode010,20260707,2026-07-07
"지치고 힘들 때, 커피 한 잔의 위로, 조지아 크래프트...",https://blog.naver.com/ylsmf894907_yt/224338618929,"하지만 매번 카페에 갈 수 없는 현실, 집에서 즐기는 홈카페도 때로는 특별한 무언가를 원하게 됩니다. 매일 마시는 커피, 이제는 좀 더 깊고 풍부한 풍미를 느껴보고 싶다는 간절한 바람이 생겼답니다. 어떤...",미래를 향해 판결,blog.naver.com/ylsmf894907_yt,20260707,2026-07-07
대장 과형성용종과 선종은 어떻게 구분하나요 최근 관리 기준,https://blog.naver.com/cncn1000000/224334385640,"최근 결과지를 들고 밤새 인터넷 카페를 뒤척이며 잠 못 이루는 분들을 위해, 복잡한 의학 용어를 다 걷어내고 내 몸을 지키는 명확한 대처법을 나누고자 합니다. ✅ 핵심 요약 과형성 용종은 암으로 진행하지...",오늘이 제일 예쁜날,blog.naver.com/cncn1000000,20260707,2026-07-07
"""매번 똑같은 명령 쓰다 뇌정지?!"" 베일 벗은 챗GPT 대화방...",https://blog.naver.com/ugwang_/224339120944,"이웃님들, 솔직히 평소에 가방 속에서 에어팟 딱 꺼내 꽂고 출퇴근길 지하철 안이나 카페에서... 이렇게 주차 플랜을 짜두면, 가방 속에서 에어팟 딱 꺼내 꽂고 지하철 안이나 카페에서 자급제폰...",IT 이야기,blog.naver.com/ugwang_,20260707,2026-07-07
양산 토스페이 페이스 설치 카드단말기 신청,https://blog.naver.com/scrkamluqzjuz/224339263892,* 음식점 * 카페 * 베이커리 * 병원 * 미용실 * 프랜차이즈 매장 * 소매점 * 숙박업소 --- ## Q. 토스페이 지원 카드단말기의 장점은 무엇인가요? * 토스페이 간편결제 지원 * 페이스페이(얼굴결제) 지원 가능...,HPOS❤️,blog.naver.com/scrkamluqzjuz,20260707,2026-07-07
발주 66% 증가 - 조선 해양 이야기 2026-07-07 최박 조선 카페,https://blog.naver.com/air10890/224339160061,"● 캐나다 잠수함 사업, 독일 TKMS 우선협상대상자 선정 캐나다 차세대 잠수함 도입 사업(CPSP)에서 독일 TKMS가 우선협상대상자로 선정되면서 국내 조선·방산업계에 아쉬움을 남겼다. 한화오션과...",최박 조선 카페,blog.naver.com/air10890,20260707,2026-07-07
광주 요식업 정책자금 전문 상담: 중소벤처기업부 정책자금...,https://blog.naver.com/mthosefaultj79/224339000625,"현장에서 식당, 카페 등을 운영하시는 분들과 상담을 해보면 지원금, 정책자금, 저신용대출, 대환대출의 차이를 궁금해하시는 분들이 정말 많습니다. 현실적으로 명확히 짚어드리자면, 사장님들께서 '지원금...",알아두면 돈버는 정보,blog.naver.com/mthosefaultj79,20260707,2026-07-07
20대 마지막 생일맞이 부산나들이(feat.부산모빌리티쇼),https://blog.naver.com/chupinglog/224339265260,"ㅋ 부산도착하자마자 도가니탕에 갈비탕으로 이열치열 해주고 귀요미 강아지가 있다는 카페무토 를... 키티카페에서,,, 사진찍어달라구 했다! 유아퇴행 그만하라는 돼지,,,흥 만두 6개 타코야끼 1개 닭강정1...",⠀⠀⠀⠀⠀⠀⠀⠀⠀⠀⠀⠀,blog.naver.com/chupinglog,20260707,2026-07-07
인천 이음카드 20% 신청방법 주유소 캐시백 사용처 총정리,https://blog.naver.com/zzone5089/224338923093,음식점 카페 편의점 전통시장 병원 약국 미용실 학원 동네마트 주유소 다만 다음과 같은 곳에서는 사용이 제한될 수 있습니다. 백화점 대형마트 기업형 슈퍼마켓(SSM) 일부 프랜차이즈 직영점 사용 전 가맹점...,뭉치의 IT이야기,blog.naver.com/zzone5089,20260707,2026-07-07
"성수동 핫플 캐릭터 편집샵, 히든블라인드박스와 함께할...",https://blog.naver.com/wjdwlduq8/224339264281,✔ 트렌디한 브랜드와 함께 성장하고 싶은 분 ✔ 일반적인 카페나 음식점이 아닌 차별화된 아이템을 찾는 분 ✔ 캐릭터 및 굿즈 시장의 성장 가능성을 높게 보는 분 ✔ 성수동을 대표하는 콘텐츠형 브랜드에...,성공창업 길잡이,blog.naver.com/wjdwlduq8,20260707,2026-07-07
마포구 토스페이 결제 가능한 무선 카드단말기 포스기,https://blog.naver.com/gqgitxfqtzpvfx/224339263778,"음식점과 카페는 물론 병원, 약국, 미용실, 네일샵, 의류매장, 편의점, 학원 등 다양한 업종이 운영되고... 무선 카드단말기와 포스기는 음식점, 카페, 베이커리, 병원, 약국, 미용실, 필라테스, 헬스장뿐 아니라...",올페이24 단말기/포스/페이 전문,blog.naver.com/gqgitxfqtzpvfx,20260707,2026-07-07
세종 아름동:) 여기가 무인카페맞아? 감성가득 “카페하타”,https://blog.naver.com/tpdmsahah/224339263631,"여기 카페 생겼네! 다음에 와봐야지! 했던 곳이 있었다 외관이 넘나 내 스타일이였거듬여… 아름동, 감성가득 24시 무인카페 카페하타 가마치통닭 건물에 있다 이렇게 감성가득가득 이 날도 다이소 가는...",빠기의 블로그,blog.naver.com/tpdmsahah,20260707,2026-07-07
나를 잃지 않는 방법,https://blog.naver.com/happinessbox/224339263433,커피마시러 간 비터스위트 1L 텀블러 살짝 탐났다 아이스 디카페인 숏라떼 괜찮았다 담에는 가서... 큰 카페들은 꽉 찼다. 7월 첫째주 토요일인데 다들 어디 놀러 안가구 왜 여기있는지...!! 오빠는 주말내내...,진진의 오늘,blog.naver.com/happinessbox,20260707,2026-07-07
예물백으로 빠지면 섭한 샤넬 트렌디 cc 블랙 가격 정보,https://blog.naver.com/chanel_openrun/224339263646,저도 최근에는 샤넬트렌디CC를 포함한 다양한 신상 정보와 매장 후기를 샤넬오픈런 카페에서 자주 확인하고 있습니다. 회원분들이 직접 방문한 후기와 실시간 입고 소식을 공유해 주셔서 오픈런을 준비할 때도...,샤넬오픈런,blog.naver.com/chanel_openrun,20260707,2026-07-07
신지도 바다를 품은 조용한 묘자리｜대곡리 계획관리지역...,https://blog.naver.com/yms9058/224339263610,완도 섬 부동산 전속 의뢰 시 ✅ 3D VR 제작 ✅ 드론 촬영 ✅ 유튜브 영상 제작 ✅ SNS(블로그·카페·밴드·페이스북 등) 홍보 ✅ 전문 영상 편집 및 온라인 마케팅 위 서비스를 별도 비용 없이 지원해...,완도 섬 부동산,blog.naver.com/yms9058,20260707,2026-07-07
[일본일상/도쿄일상] 포챠코 콜라보 카페,https://blog.naver.com/1dugi1/224339263482,포챠코 콜라보 카페 왔어요 귀여워 메뉴판 짱귀엽쥬 테이블도 귀엽당 컵도 하늘색이야 메뉴 다 너무... 콜라보 카페 다닐 땐 최애 말고 다른 애들 나올까 봐 랜덤 굿즈는 손도 안 댔는데 포챠코는 왤케...,1dugi1님의 블로그,blog.naver.com/1dugi1,20260707,2026-07-07
레스토랑 말고 마트로? 2026 여행 트렌드 '마트 어택'의 모든 것,https://blog.naver.com/tourmoz/224339264343,"재래시장, 골목 카페, 동네 편의점처럼 '진짜 현지'를 느낄 수 있는 공간들이 새롭게 각광받는 이유예요. 세 번째는 콘텐츠화의 용이성이에요. 레스토랑 후기는 사진 퀄리티와 가격대에 대한 기준이 높아지는...",여행의 경험을 나누다.,blog.naver.com/tourmoz,20260707,2026-07-07
성수 맛집 파스타 존맛 브리비트 평일 저녁 후기 주차,https://blog.naver.com/hip_999/224339263752,수많은 밥집과 카페가 새로 생겼다 사라지는 치열한 성수 상권에서 제가 벌써 3~4번 넘게 재방문한 숨은 아지트 같은 곳이 있답니다. 바로 유럽풍 외관과 아늑한 분위기로 유명한 브리비트 성수예요. 매번...,힙의 현명한 소비 기록,blog.naver.com/hip_999,20260707,2026-07-07
청주샷시 상가·숙박업소 펜션 호텔 카페 모텔 창문교체전문업체,https://blog.naver.com/no1_kywindow/224339263820,"국영창호는 일반 주택은 물론 숙박시설, 상가, 사무실, 카페 등 다양한 공간의 창호 교체 경험을 바탕으로 현장에 가장 적합한 제품과 시공을 제안해 드리고 있습니다. LX Z:IN 창호 교체, 숙박시설 리모델링...",LX하우시스 Z:IN 국영창호,blog.naver.com/no1_kywindow,20260707,2026-07-07
자전거 핸들바 핸들 라이저바 모음 튜닝 갈매기 라이져바  1개,https://blog.naver.com/lbo13vw5yzb/224339263959,"자전거를 타고 가까운 공원이나 카페까지 즐거운 라이딩을 할 때, 이 핸들 라이저바가 더욱 쾌적한 경험을 선사할 것입니다. 자신만의 스타일로 자전거를 변신시키고 싶은 분들께 딱 맞는 선택이 될 것 같네요!...",lbo13vw5yzb님의 블로그,blog.naver.com/lbo13vw5yzb,20260707,2026-07-07
[19] [양재] 진한 국물에 가성비 사이드 메뉴가 좋았던...,https://blog.naver.com/young_moment/224339263500,"주차 : 가게 옆 3-4대정도 or 양재공영주차장 이용 저는 평일 한시쯤 가니까 가게 옆에 주차할 수 있어서 가게 옆에 댔구요, 먹구 카페로 옮기느냐고 양재공영주차장 이용했는데 만차로 20분정도 대기 했다가...",사소한 이야기,blog.naver.com/young_moment,20260707,2026-07-07
칠곡3지구 휴대폰성지 갤럭시S26 블랙 후기,https://blog.naver.com/4_myin/224339264201,점심 메뉴나 카페 사진도 자주 찍어봤는데 화면에서 바로 봐도 선명하고 깔끔하게 나와서 요즘은 별것 아닌 일상도 자꾸 찍게 돼요ㅎㅎ 무엇보다 블랙 색상이 세련되면서도 어떤 옷이나 케이스에나 잘...,정보&리뷰,blog.naver.com/4_myin,20260707,2026-07-07
"기아 타스만 순정타입 토우히치 , 견인고리 , 구난가방...",https://blog.naver.com/autolamp1/224339263585,"네이버 카페 & 카카오톡 채널 오픈 고객과 한 걸음 더 가까이 고객의 말씀에 귀 기울이기 위해 저희 파츠매니저에서 네이버 카페와 카카오톡 채널을 오픈하였습니다 ✔️각 종 시공 사진/후기, 신제품 출시...",파츠매니저,blog.naver.com/autolamp1,20260707,2026-07-07
"소화·부종·기력 회복에 도움이 되는 한약재, 백출가루",https://blog.naver.com/litelf9/224339264027,가능합니다♥* 양성한의원은 수도권지하철 5호선 거여역 2번출구 바로앞에 위치해있습니다. ※무료주차가능※ 거여역2번출구 이디야카페 오른쪽 골목 주차장이 협소하니 주차장 이용시 참고 바랍니다,양성한의원,blog.naver.com/litelf9,20260707,2026-07-07
주사피부염 치료 병원 잘 맞는 곳 찾아봤어요,https://blog.naver.com/jwlee4989/224338966571,ㅠㅠ 저는 주사피부염 치료를 하면서 ㅃㄱㅇㄱ이라는 피부 카페에서 활동한 적이 있었는데 거기에서 치료를 다니는 동안 과정을 담은 후기를 올린 적이 있었는데 내돈내산으로 다녔음에도ㅠㅠ 이유를 모르겠고...,고추장불고기맛집,blog.naver.com/jwlee4989,20260707,2026-07-07
부천 옥길 카페 코홀트커피... 근교 데이트하기 좋은 대형카페,https://blog.naver.com/alsco09/224339264452,"좋은 카페를 찾는 분들께도 괜찮은 선택지가 될 것 같았어요. 부천, 광명 중간에 위치해 있고. 양천구와도 차로 가까워서 서울 외곽에 이쁘고 분위기 좋은 카페를 찾는 분들한테 도움이 될것 같아요. 코호트커피...",기록과 공유가 즐거운 life,blog.naver.com/alsco09,20260707,2026-07-07
장항동 통산사이동에서 즐길 수 있는 맛집과 카페 탐방,https://blog.naver.com/liua4oxc/224339264272,"장항동 통산사이동에서 즐길 수 있는 맛집과 카페 탐방 장항동의 통산사이동은 작은 동네이지만, 그 속에는 무수한 이야기가 숨겨져 있습니다. 처음 내가 이곳에 발을 디딘 것은 여행 중 어느 날이었다....",햅쏠,blog.naver.com/liua4oxc,20260707,2026-07-07
[부산/소품샵] 커스텀키캡 야구키캡 광안리 민락동 신상소품샵...,https://blog.naver.com/sengji1203/224339263521,광안리 민락동 코스 안쵸비 - 꾸꾸꾸 스튜디오 - 프레젠띵 바이 어도르 동선으로 추천한다.ᐟ 여기에 민락동 카페 한 곳 들려주면 딱인데... 빠른 시일내 민락동 카페추천 낄여볼게요 stay tuned...!,앙카의 모든것,blog.naver.com/sengji1203,20260707,2026-07-07
"대구 근교 칠곡 지천 아이랑 함께하기 좋은 캠프닉 ""바베큐런""",https://blog.naver.com/xou6958/224339263580,여기 어떻게 알게 되었냐면 금호지구 카페에서 알게 된 따끈한 신상 캠프닉! 우리가 예약했을 때는 네이버 예약이 안 열려서 전화로 예약했었다. 지금은 네이버로 예약 가능하다!! (세 시간 시간 제약 있다)...,en sueños 꿈같은 날들,blog.naver.com/xou6958,20260707,2026-07-07
부산북구 카페 추천 카페비밀 수플레케이크 맛집,https://blog.naver.com/11minji9/224339264326,"다녀온 카페 비밀!! 내돈내산 후기 시작합니당~~ 매주 월, 화 정기휴무 수-일 : 11:00 - 21:00 (21:30 라스트오더) 반려동물가능 주차가능(협소하니 매장전화 추천) 구남역 1번출구 앞에 골목 안에 숨어있는 카페...",Always my birthday,blog.naver.com/11minji9,20260707,2026-07-07
대용량 고속 보조배터리 엠피맨 쿡테크 일체형 보조배터리로...,https://blog.naver.com/vogue123/224339264131,도서관이나 카페에서 꼭 하나쯤 챙겨가야할 것! 바로 고속 보조배터리이지요. 일체형으로 든든하게... 엠피맨 #엠피맨쿡테크일체형보조배터리 #보조배터리 #쿡테크일체형보조배터리 #책세상맘수다카페,그림책으로 꿈꾸는 책맘,blog.naver.com/vogue123,20260707,2026-07-07
성수동지식산업센터ㅣ아크밸리 8층ㅣ실사용...,https://blog.naver.com/wonny04/224339263856,"""위치 좋은 건 알겠는데, 주차 편하고 내부 깔끔하면서 조건 조율 잘 되는 곳 어디 없나요?"" 트렌디한 팝업스토어와 세련된 카페들이 골목마다 가득한 성수동은 분명 매력적인 비즈니스 요충지입니다....",성수동 서경원 중개사 blog,blog.naver.com/wonny04,20260707,2026-07-07
사무실에 딱인 대형 음식 온장고 사용기,https://blog.naver.com/leetrip4171/224339263795,"특히 휴게실이나 소규모 카페, 네일샵 같은 곳에서 타올이나 음료를 따뜻하게 보관하는 용도로도 많이... 소규모 카페나 네일샵, 미용실처럼 타올·음료 보관이 필요한 업장 • 가정에서 대용량으로 보온/보관...",건강하고 행복한 삶,blog.naver.com/leetrip4171,20260707,2026-07-07
소서 더위 이기는 방법 여름 제철과일 종류,https://blog.naver.com/saki414/224339263978,"27도로 에어컨 틀어놓은 시원한 집에서 과일 먹으면서 보내면 더위도 물러갑니다~ 수영 강습 언니들이랑 수다 타임 가졌는데 카페에서도 시럽 뺀 수박 주스를 마셨어요~ 태국 남독마이 망고 망고 종류, 후숙...",미래의 사진 기록장,blog.naver.com/saki414,20260707,2026-07-07
"강원도 고성 카페 추천, 바다 풍경이 아름다운 잔디바다",https://blog.naver.com/wjs9494/224339263552,잔디바다 정보 주소: 강원특별자치도 고성군 죽왕면 심층수길 96 주차: 카페 전용 주차장 이용 가능... 좋은 카페를 찾다가 방문한 잔디바다. 이름처럼 푸른 바다와 넓은 잔디가 어우러진 풍경이 인상적인...,찐리뷰,blog.naver.com/wjs9494,20260707,2026-07-07
울산 간절곶 가는 길 서생맛집 샤브샤브 키노코,https://blog.naver.com/hwanii52/224339263612,주차는 식당 전용주차공간에 하면 되는데 호피폴라 카페와 함께 사용하고 있어서 만차가 된다면... 키노코 서생점과 붙어 있는 카페 호피폴라에서 바라 본 나사해변 풍경 간절곶 근처 건강한 밥상 키노코...,매일 걷는 길,blog.naver.com/hwanii52,20260707,2026-07-07
"춘천 여행 가볼만한곳 제이드가든, 서울 근교에서 만나는 유럽...",https://blog.naver.com/limeishere/224339263868,"수목원 내부에는 카페와 레스토랑, 기념품샵도 함께 자리하고 있어 산책 중간에 쉬어가기도 좋다.... 다른 정원들도 물론 예쁘지만, 이곳은 뒤편으로 카페 건물이 자연스럽게 배경에 들어오면서 사진이 한층 더...",Eat Play Travel,blog.naver.com/limeishere,20260707,2026-07-07
오염이심한대리석외벽 물청소하기,https://blog.naver.com/repairing119/224339263744,"학원, 카페, 빌라 등 많은 사람들이 방문하는 건물은 외벽 관리가 매우 중요합니다 대리석 외벽은 왜 오염될까요? 대리석은 내구성이 뛰어나고 고급스러운 마감재이지만 외부 환경에 지속적으로 노출되기 때문에...",집수리시스템 긴급출동 하자수리,blog.naver.com/repairing119,20260707,2026-07-07
영종도카페 아이랑 가볼만한곳 작은연못 물고기 동물체험 후기,https://blog.naver.com/happyaiba/224339264218,영종도카페 아이랑 가볼만한곳 작은연못 물고기 동물체험 후기 영종도카페 많이 가보고 아이랑가볼만한곳 인천에서 정말 많이 갔다고 생각했거든요 그런데 작은연못 카페 이번에 처음 알게 되어 다녀왔어요...,메론소다 플레이그라운드,blog.naver.com/happyaiba,20260707,2026-07-07
너는 유럽에서까지..(2),https://blog.naver.com/jswdnf100tp/224339264003,미친야장카페 물론 안쪽 공간도 있었지만 그 안에는 유럽의 물을 적응하지 못하고 물갈이를 하고 있는 환자들이 쓰러져 있었기 때문에 그냥 밖에 앉았습니다 일단 같이 자리한 백철좌와 이유나씨와 함께 음료를...,자숙이 취미인 블로거,blog.naver.com/jswdnf100tp,20260707,2026-07-07
[시청역] 종로 카페 추천 피롤츠커피하우스,https://blog.naver.com/sunflower_uk/224339263388,070-7798-8000 주차장 없음 시청역에 고즈넉한 카페가 있다고 해서 다녀왔어요 ☕️ 높은 건물 빼곡한 공간 사이에 위치한 고즈넉한 분위기의 #피롤츠커피하우스 들어가자마자 친구랑 우와! 하고 감탄을 했어요...,What a sunflower day !,blog.naver.com/sunflower_uk,20260707,2026-07-07
구미 형곡동 정원이있고 마당 넓은집 창 너머로 보이는 뷰가...,https://blog.naver.com/sooj1216/224339263822,5500 카페라떼 5300 ✔️디카페인변경 500 다크라페냐 6000 구찌티라미슈 8500 로작커피 구찌티라미슈 명품답게 탐난다 요자리 너무 멋찌다 자꾸만 눌러주고 싶당 부드렵고 달콤하니 맛있다 살살 녹아 없어진다...,장금이네 방앗간,blog.naver.com/sooj1216,20260707,2026-07-07
광안리 케이크 드렁큰케이크 방문 후기,https://blog.naver.com/sweet48650/224339264004,"있는 카페에요. 1단 DIY CAKE 15,000원 (짤주머니 3개 포함) 하트 DIY CAKE 17,000원 (짤주머니 3개 포함) 2단 DIY... 광안리 케이크는 그냥 카페이기도 하지만 케이크를 직접 꾸밀 수 있었서 더 좋았던 것 같아요. 친구...",sweet48650님의 블로그,blog.naver.com/sweet48650,20260707,2026-07-07
"임신 33, 34주차 일기 | 출산가방 준비 | 아기맞이 준비 ｜ 산전...",https://blog.naver.com/tjsdms8617/224339264308,다들 드셔보시길ㅠㅠㅠ 디카페인도 맛있다구용ㅠㅠㅠ 출근하기 싫게 날씨도 좋고 난리얌.. 포둥이가... 이런 밥하기 귀찮은 날엔 한식뷔페지 >< 밥 먹구 근처에 산도 파는 카페가 있다구 해서 카페까지 다녀왔다!...,시옷,blog.naver.com/tjsdms8617,20260707,2026-07-07
2026년 6월 넷째주 통합 돌봄서비스 활동,https://blog.naver.com/irum2023/224339262242,활동 카페에 방문해 마시고 싶은 음료를 골라 계산해 보고 음료를 자리로 가지고 와서 마시기 마시고 난 뒤에는 뒷정리 하기 카페 시설을 이용해 보는 사회활동을 하고 왔습니다 바리스타 베리 주스 만들기...,이룸치료교육센터,blog.naver.com/irum2023,20260707,2026-07-07
목포정수기렌탈 추천! 목포얼음정수기렌탈 가격 비교부터 설치...,https://blog.naver.com/insert4645/224339262578,"특히 시원한 얼음을 언제든 사용할 수 있는 목포얼음정수기렌탈은 가정은 물론 사무실과 카페, 병원... 가정뿐 아니라 사무실, 병원, 카페 등에서도 꾸준히 설치되고 있는 인기 제품입니다. 정수기 렌탈 시 꼭...",발랄불낙,blog.naver.com/insert4645,20260707,2026-07-07
"[2026 청도 가볼만한곳] 7월 여름 피서지 추천, 천연 냉장고...",https://blog.naver.com/myitbang/224339262581,"안에서 달달하게 마시는 감와인 한 잔과 치즈 조각 케이크 패키지는 보통 15,000원 선에서 해결되니 웬만한 핫플 대형 카페보다 훨씬 이득인 기분이 들더라고요. 후끈후끈한 현장 분위기 & 첫인상 차에서 내려...",데이지,blog.naver.com/myitbang,20260707,2026-07-07
"원주 가림막 휀스 제작, 디자인부터 시공까지 맞춤 제작이...",https://blog.naver.com/ecogreen4116/224339263169,"집이나 상가, 카페, 전원주택, 공장 등 다양한 공간에서 프라이버시를 확보하기 위해 가장 많이 찾는... 사생활 보호 바람 차단 공간 분리 인테리어 효과 건물 외관 개선 카페 및 주택 감성 연출 이처럼 다양한...","합성목재, 천연목재 목재는 에코그린",blog.naver.com/ecogreen4116,20260707,2026-07-07
벨킨 닌텐도 스위치 충전 케이스 직접 써본 솔직 후기,https://blog.naver.com/2ax9ogc97qvm/224339262623,"카페에서 게임하다가 충전선 찾아 헤매고, 보조배터리는 따로 챙겨야 하고… 짐도 많아지고요. 그러다가 인스타그램 보다가 벨킨 닌텐도 스위치 전용 충전 케이스를 발견했는데, '음? 이거 괜찮을 수도?...",2ax9ogc97qvm님의 블로그,blog.naver.com/2ax9ogc97qvm,20260707,2026-07-07
슬콩쌤 네이버 카페를 개설했습니다.,https://blog.naver.com/tmfrl1763/224339262682,"네이버 카페를 함께 운영하게 되었습니다. 인스타그램에서는 지금처럼 무료 자료도 계속 공유할 예정이며, 더 다양한 활동지와 환경구성 자료, 교사 자료 등은 카페를 통해 먼저 만나보실 수 있습니다. 카페는...",유아교육자료 나눔터ෆ,blog.naver.com/tmfrl1763,20260707,2026-07-07
서울 부산 경기 경매 포인트 전략 맛집 펜션 카페 캠핑 여행 작명,https://blog.naver.com/bigkims111/224339262589,<본문과 기사 내용은 다르니 꼭 확인하세요~~>> ☆최근 언론과 시장에서 큰 화제가 된 박원갑 KB국민은행 부동산수석전문위원(31년 경력의 전문가)의 분석 내용 그동안 한국 자산 시장을 지배해 온 '부동산 불패...,조은 이름 스타일 투자 레시피♡작명개명 01059682373,blog.naver.com/bigkims111,20260707,2026-07-07
연수여고 영어학원 송도 1공구 연수여자고등학교 1학기...,https://blog.naver.com/ehwkd12/224339263174,"스터디카페 '따로'를 보유하고 있습니다. 드디어 힘들었던 1학기 기말고사가 끝났고... 스터디 카페 ""따로""를 보유하고 있습니다. 함께 보시면 좋은 글 """" 032-833-1228 010-****-**** *예약 상담을...",송도 연세 DQ 영어 학원,blog.naver.com/ehwkd12,20260707,2026-07-07
"[26.06.14~26.07.07] 자취일기21 / 한의원 다니기, 킹누...",https://blog.naver.com/msajl1/224339262528,이거 존맛이라 담에 또 가게되면 사와야지~ 역시 난 달달구리 와인이 좋더라 ㅎㅎㅎㅎㅎㅎㅎㅎ 와인이랑 같이 미리 예약해둔 곳으로 가서 점심도 먹구~ 카페도 다녀왔다!! 역시 엉니들이랑 만나면 즐겁다죠...!...,폽,blog.naver.com/msajl1,20260707,2026-07-07
"수원 광교미용실 추천 단발 태슬컷, 광교 단발 태슬컷 얼굴 커...",https://blog.naver.com/wichang0122/224339263278,광교 카페거리 1층에서 자연스러운 헤어 디자인과 물멍 힐링 공간을 함께 제안하는... 물멍 힐링 공간에서 받는 단발 상담 위스퍼그로브는 광교 카페거리 1층에 위치한 아쿠아스케이프 수조가 있는 물멍 힐링...,수원미용실 위스퍼그로브,blog.naver.com/wichang0122,20260707,2026-07-07
홈카페 레시피  프리젤 피스타치오 스프레드 주말 브런치 메뉴,https://blog.naver.com/sagooo/224339262628,"홈카페 레시피 추천! 식빵 맛있게 먹는 법, 프리젤 3종으로 완성한 주말 브런치 안녕하세요 !! 주말 아침이면 우리 집은 작은 홈카페에요 주말만큼은 여유롭게 하루를 시작하고 싶은 마음이 커지는데요. 향긋한...",날마다 새롭게,blog.naver.com/sagooo,20260707,2026-07-07
리모델링 사업 시작 했읍니다,https://blog.naver.com/kkkoooh66/224339262421,오픈하고 한컷 인스타에 줄무늬 토마토 카페 선전하고 있네요. 다음은 전포동 빵집 2번째 매장 입니다 시공/문의 (블러그 상단 프로필 참고하세요) 댓글이나 문자로 편하게 연락주시면 친절히 안내해...,아트폭시,blog.naver.com/kkkoooh66,20260707,2026-07-07
평택 이색카페 '벌이랑 꿀이랑' 방문 후기,https://blog.naver.com/zimtu4004/224339262270,자연 속 작은 카페와 양봉장을 함께 운영하고 있어 입구에 들어서자마자 알록달록한 벌통들이 한눈에... 카페 안에는 유리 너머로 실제 벌들이 생활하는 모습을 볼 수 있는 공간도 마련되어 있습니다. 벌들이...,평택천사용달,blog.naver.com/zimtu4004,20260707,2026-07-07
부산다이어트주사 팔뚝 리얼 후기 (서면지방분해주사),https://blog.naver.com/gjalsdud595/224339262431,"블로그뿐 아니라 카페 후기까지 읽어보면서 어떤 점을 확인해야 하는지도 메모해 둘 정도였어요. 그러면서 사람마다 지방이 쌓이는 부위가 다르고, 관리 방법 역시 달라질 수 있다는 것도 처음 알게 됐어요. 3....","지방흡입은 가볍게, 부산365mc병원",blog.naver.com/gjalsdud595,20260707,2026-07-07
대기실 불편 바로 해결하는 바퀴없는 교회 장의자,https://blog.naver.com/acrosszb/224339262273,"대기실 카페 바퀴없는 의자 야외 테라스 두더지처럼, 이름만 봐도 길게 놓고 쓰는 공간을 떠올리게... 교회 로비나 카페의 대기석처럼 사람의 동선이 한 방향으로 흘러가는 곳에서는, 움직임이 적은 가구가...",acrosszb님의 블로그,blog.naver.com/acrosszb,20260707,2026-07-07
생초보 바이브코딩으로 사이트 만들기 - 이론편 (50대도...,https://blog.naver.com/semilee98/224339262310,"한 달에 1만 원 정도 하는 유료 서비스(카페24 등)도 있고, 무료로 시작할 수 있는 서비스(Vercel, Netlify 등)도 있습니다. 처음부터 무리할 필요는 없습니다. 무료로 시작해서, 필요해지면 그때 옮기면 됩니다....",경제적 자유를 위한 30분 글쓰기,blog.naver.com/semilee98,20260707,2026-07-07
[래미안 원베일리] 46평 급전세34억    26년 8월말에서...,https://blog.naver.com/5337077/224339262909,"② 커뮤니티시설 바로 앞 피트니스센터, 골프연습장, 사우나, 카페 등 다양한 커뮤니티를 더욱 편리하게 이용할 수 있습니다. ③ 상가 이용이 매우 편리 단지 내 상업시설과 가까워 장보기, 카페, 식사 등...",스마트원베일리부동산중개 02-533-7077,blog.naver.com/5337077,20260707,2026-07-07
강남역 커피빈 루꼴라&햄 페스토 샌드위치 내돈내산 (세계빌딩점),https://blog.naver.com/comint3/224339262465,"커피빈 루꼴라 햄 페스토 샌드위치 내돈내산 솔직후기 강남역 카페 강남역 근처에서 간단하게 끼니를 해결할 곳을 찾다가 오랜만에 커피빈에 다녀왔어요. 강남역 주변에는 정말 많은 카페가 있지만, 샌드위치가...",뷰티 & OOTD & 데일리 코디,blog.naver.com/comint3,20260707,2026-07-07
[somi_trip] 2026 고팸 제주여행,https://blog.naver.com/somi5635/224339263235,카페도이쁘구 너무 감성있게 잘 꾸며두었다 목장 먹이 체험도할수있었음 카페에서 먹이를팔아요~ 저위에 올라가면 오름같은곳에 그네도 탈수있던데 전 못감미댜!! 스노우 vip 유료결제를 했어요...,somlog,blog.naver.com/somi5635,20260707,2026-07-07
송암공원 중흥SK뷰 파격혜택 최신정보｜광주 남구 신축 아파트...,https://blog.naver.com/tlsthals219/224339263261,"단지 내에는 피트니스센터와 실내골프연습장, GX룸, 독서실, 북카페, 어린이집 등 다양한 커뮤니티 시설이 계획되어 있어 입주민들의 생활 만족도를 높일 것으로 기대됩니다. 실거주 만족도를 높여주는...",부동산 나라,blog.naver.com/tlsthals219,20260707,2026-07-07
D-279,https://blog.naver.com/olorzb_/224339262397,"오랜만에 먹어서 맛있었다네 다 먹구 바로 후식 땡기러 카페 와쓤! 여름철 망빙이 너무 먹고 싶었는데... 숙소 체크아웃하고 택시 불러서 전포 카페거리 도착했는데 내가 택시 내리자마자 ""내 짐가방은?"" 이라는...",⠀,blog.naver.com/olorzb_,20260707,2026-07-07
"음식점 영업허가 vs 신고, 뭐가 다를까? 업종별 인허가 절차...",https://blog.naver.com/dasii-js/224339262565,"--- ## 업종별 구분 (식품위생법 기준) **✅ 영업신고 대상** 일반음식점 (한식·중식·양식·분식 등) - 휴게음식점 (카페·패스트푸드 등 주류 판매 불가) - 제과점영업 관할 시·군·구청에 신고하면 되며, **신고 전...",행정사 이주송,blog.naver.com/dasii-js,20260707,2026-07-07
[호이안] 올드타운,https://blog.naver.com/jeekfrl1597/224339262828,"다낭도깨비, 다낭고스트, 베트남플레이, 카페도 많고 카카오톡 오픈채팅방까지!!! 한국어로 된 양질의 정보가 부담스러울 정도로 많다. 도움을 많이 받았다 특히 감 잡기 할인받기 등등~ 그 중에는 개인의...",조청과 가래떡,blog.naver.com/jeekfrl1597,20260707,2026-07-07
"여름엔 논산여행,맛집(어린이AI상상놀이터,딸기테마파크물놀이)",https://blog.naver.com/thwk54/224339263225,"전 도서관 ㅎㅎ아들은 키즈카페!!!! 주말에 와서 ㅎㅏ루종일 놀기 짱좋습ㄴ니다. #세종근교아이랑가볼만한곳 재방문이 많은 고기집 ""세종 쿰"" 16:00~24:00 저녁은 예약하고 가기 사진은 없는데 김치말이국수...",素 白 花,blog.naver.com/thwk54,20260707,2026-07-07
일본인 선생님과 배우는 생활 일본어와 문화 수업,https://blog.naver.com/rsconstruct/224339263346,"아침 인사를 나누는 방법부터 식당에서 주문하기, 카페에서 원하는 음료를 이야기하기, 길을 물어보거나 전철을 이용할 때 사용하는 표현까지 모두 일상생활에서 자주 접하는 상황입니다. 이러한 내용을...",rsconstruct님의 블로그,blog.naver.com/rsconstruct,20260707,2026-07-07
비엔나 립 맛집 Klein Steiermark 예약없이 바로 방문,https://blog.naver.com/nmnm79/224339262333,벨베데레 궁전 근처 스위스정원에 있는 비엔나 립 맛집인 klein steriermark 저는 카페에서 보고 분위기도 좋고 맛도 좋다길래 일단 시간이 되면 가보자 했는데 브라티슬라바 다녀오고 시간이 되길래...,DaDa's B,blog.naver.com/nmnm79,20260707,2026-07-07
북유럽 여행 | 스웨덴 - 스톡홀름 [Day 1],https://blog.naver.com/hye0kss/224339262316,"멋있엉 마저 구시가지 구경하고 카페도 갈겸, 다시 안쪽으로 돌아가기로. 리다르홀멘 교회 & 아이언... 모르텐 트로치그 그렌 여기는 맨들맨들 보이 동상 구경하고, 카페가는길에 지나간 스톡홀름에서 가장...",Late Hyeok-out,blog.naver.com/hye0kss,20260707,2026-07-07
치앙마이 쇼핑리스트 추천｜직접 사온 기념품부터 먹거리까지...,https://blog.naver.com/goodchangeformylife/224339262797,"오늘은 원님만, 카페 아카 아마, 선데이마켓, 마야몰에서 직접 구입해 만족했던 쇼핑리스트를 장소별로... 카페 아카 아마 치앙마이에서 커피를 좋아한다면 아카 아마는 꼭 들러야 한다. 가장 추천하는 것은...",좋은 시간을 쓰는 법,blog.naver.com/goodchangeformylife,20260707,2026-07-07
"대기환경기사 vs 수질환경기사, 뭐부터 따야 할까? (비전공자...",https://blog.naver.com/samwonbooks/224339262819,"블로그, 카페 후기를 뒤져봐도 다들 말이 달라서 결국 아무것도 결정하지 못한 채 시간만 흘려보냈던 기억이 있는데요. 오늘은 두 자격증의 실질적인 난이도와 여러분의 학습 스타일(계산형 vs 암기형)에 따라...",자격증 아카이브 | 삼원북스,blog.naver.com/samwonbooks,20260707,2026-07-07
[서울역·용산역제과제빵학원] 베이커리 카페 창업 준비 할거면...,https://blog.naver.com/theartedu/224339262469,2026년 현재 대한민국의 디저트 및 베이커리 카페 시장은 연간 9조 원 규모를 돌파하며 외식 창업의 가장 거대한 주축으로 자리 잡았습니다. 단순히 커피만 파는 카페로는 더 이상 살아남을 수 없는 시대가...,더아트교육그룹 공식 블로그,blog.naver.com/theartedu,20260707,2026-07-07
도쿄 야간개관 미술관 썸머나이트뮤지엄 2026년 8월 일정,https://blog.naver.com/burgerqueen-_-/224339262427,"18시까지 카페, 레스토랑 라스트오더 시간이 시설별로 다름 전시실은 늦게까지 열어도 도서실, 정보실, 일부 정원 구역은 먼저 닫을 수 있다. 카페와 레스토랑도 21시까지 모두 이용 가능한 것은...",어쩌다보니 일본 생활중,blog.naver.com/burgerqueen-_-,20260707,2026-07-07
보성 커피머신렌탈 조건을 찾아본다면,https://blog.naver.com/uog449013/224339263078,어디든지 카페를 여럿 볼수있는데요 그러면서도 경제압박 시대기때문에 대단히 저렴하게 판매를해도... 어디든 카페로 만들수있습니다 카페커피가격도 절약하시고 직원혜택도 올리고 매출도 늘리길 바란답니다...,uog449013님의 블로그,blog.naver.com/uog449013,20260707,2026-07-07
영월별빛고운카드 사용처 신청 충전 방법,https://blog.naver.com/goodnewswa/224339261459,"전통시장 점포, 일반 식당, 동네 마트, 카페, 미용실, 학원, 주유소 등 대부분의 생활 밀착형 업종이... 식당이나 카페가 인센티브 혜택을 받을 수 있는 곳인지 상시 확인해 볼 수 있습니다. 매장 간판에 가맹점...",굿뉴스와,blog.naver.com/goodnewswa,20260707,2026-07-07
필립스 가정용 에스프레소머신 40% 할인,https://blog.naver.com/synn1111/224339261881,디자인도 깔끔해서 인테리어를 해치지 않고 오히려 주방 분위기가 카페처럼 살아나는 느낌이었음.... 크레마도 제법 두툼하게 올라와서 아메리카노로 마셔도 밍밍하지 않고 카페에서 사 마시는 맛이랑 크게...,만물상,blog.naver.com/synn1111,20260707,2026-07-07
대전타일시공 전문 웰메이드타일｜대전상가타일시공부터 욕실...,https://blog.naver.com/wellmade0330/224339261789,대전 아파트 타일시공 대전 상가 타일시공 대전 카페 타일시공 대전 주방 타일시공 대전 욕실 타일시공... 웰메이드타일은 ✔ 카페 ✔ 음식점 ✔ 병원 ✔ 사무실 ✔ 학원 ✔ 미용실 ✔ 매장 리모델링 등 다양한...,wellmade tile,blog.naver.com/wellmade0330,20260707,2026-07-07
30문 30답,https://blog.naver.com/dayoriee/224339261829,최애 카페 A. 이디야 아이스티 맛있으면 다 좋음 Q. 슬픈 영화를 보면 운다 vs 안 운다 A. 운다 Q. 자신 있는 요리 A. 계란밥 Q. 나는 이런 mbti가 좋더라! A. enfp랑 친구해보고 싶음 Q. 반대로 나와 맞지 않는 mbti...,iamfinethankyouandyou,blog.naver.com/dayoriee,20260707,2026-07-07
아기랑 완도에서 실버클라우드호 배타고 제주 2주살이 시작...,https://blog.naver.com/kimjo3615/224339261862,"오락실, 매점, 카페(스타벅스), 안마기, 발 마사지 기계, 수유실 등 부대시설이 너무 잘 되어 있어서... 배가 크다 보니 배멀미도 없었고, 아이들이랑 여기저기 돌아다니면서 놀기도 하고, 카페도 있어서 커피도...",우재맘의 육아 기록장,blog.naver.com/kimjo3615,20260707,2026-07-07
"영등포 갈비탕 맛집 | 계속 가고 싶은 집, 갈비당130",https://blog.naver.com/therejeny/224339262239,다음엔 뭘 먹을지 고민 중  ㅎㅎ카페가서 마미톡보면서 각자 몇주되었나 보기. 예비 맘과 예비파파! 순산합시당~  영등포갈비당130 (정확한 주소는 방문 전 확인 추천)  웨이팅 피하려면 11시 30분~40분 도착 추천...,NoCode Rich,blog.naver.com/therejeny,20260707,2026-07-07
"음식점 솔루션, 구글 비즈니스 프로필 메뉴 등록부터 클릭률 42...",https://blog.naver.com/fixad_official/224339261212,"픽스애드는 Google Business Profile(구글 비즈니스 프로필) 최적화를 통해 사용자가 구글지도에서 ‘강남맛집’, ‘압구정맛집’, ‘압구정카페’, ‘강남카페’처럼 검색했을 때 매장이 구글맵 검색 결과에...","신뢰로 완성하는 글로벌 마케팅, 픽스애드",blog.naver.com/fixad_official,20260707,2026-07-07
후쿠오카 8월 여행 총정리·항공·동선,https://blog.naver.com/seamewe/224339262052,"공방과 카페가 늘어선 온천 마을이고, 벳푸는 김이 솟는 '지옥 온천'으로 이름난 일본 최대 온천지죠. 무더운 여름일수록 이 산속의 선선함이 반갑습니다. 유후인 온천 마을 — 공방과 카페가 늘어선 규슈의...",모두투어 공식온라인예약센터,blog.naver.com/seamewe,20260707,2026-07-07
비움을 통해 완성된 공간 마포 래미안 웰스트림 36평 인테리어,https://blog.naver.com/munique_design_/224339262220,"동선이 넓어지고 가족이 함께 식사하거나 아이와 공부, 홈카페 등 다양한 활용이 가능한 공간으로... 아일랜드 식탁은 조리와 식사, 홈카페, 간단한 업무까지 다양한 용도로 사용하는 공간입니다. 이때 매립형...",munique_design_,blog.naver.com/munique_design_,20260707,2026-07-07
깔끔한 사용감 스타벅스두바이 빌리엔젤 밀크&딸기 크레이프...,https://blog.naver.com/mlyquietly/224339261266,"비나카페 아메리카노 원두커피스틱 ￦ 11,460원 별점 : ⭐⭐⭐⭐⭐ 3. 비나카페 아메리카노 원두커피스틱 간편하게 먹고 싶은 만큼만 꺼내 바로 즐기세요 복잡한 준비 과정 없이 냉동에서 바로 꺼내 먹을 수...",mlyquietly님의 블로그,blog.naver.com/mlyquietly,20260707,2026-07-07
키즈카페 그물놀이시설... 키즈카페창업인테리어,https://blog.naver.com/gyouplay/224339262070,"키즈카페 창업 · 놀이시설 키즈카페 그물놀이시설-그물챌린지|그물터널|복합그물놀이시설|키즈카페창업인테리어 오르고 매달리고 통과하는 체험형 콘텐츠, 창업 초기 앵커 기구로 주목받는 이유 요즘...","키즈카페, 스포츠파크 인테리어",blog.naver.com/gyouplay,20260707,2026-07-07
"선릉역 1인사무실, 직접 정착해보고 느낀 것들",https://blog.naver.com/mypartners6/224339261227,"선릉역 1인사무실로 옮기게 된 현실적인 계기 혼자 일하다 보면 처음엔 집이나 카페에서도 크게 문제가... 전에는 거래처 미팅을 카페에서 잡았는데, 자료를 펼쳐두기 애매하고 옆 테이블 소음 때문에 통화...",UJINI's 업무가 잘되는 오피스,blog.naver.com/mypartners6,20260707,2026-07-07
[내돈] 덕계 무인키즈카페 무키무키 단체로 놀기좋아,https://blog.naver.com/soomiyoun/224339261429,"안녕하세요 날씨가 너무 더워 이제는 실내는 필수 엄마들은 쉬고 아이들은 신나게 뛰어놀 수 있는 곳, 덕계 무인키즈카페 무키무키를 소개해드릴게요 덕계 무인키즈카페 무키무키는 덕계프라자 2층에...",오늘은 뭐했지,blog.naver.com/soomiyoun,20260707,2026-07-07
“송경솥밥” 동명동 혼밥 한식 맛집 후기 | 애견동반 가능,https://blog.naver.com/eyoop0227/224339261507,"1층에는 멜크 카페가 있으니 """" 밥 먹고 가도 괜찮겠네요! 광주한식 맛집 송경솥밥 내부 애견동반 가능 맛집 ! 내부 모습입니다. 내부는 아늑하고, 혼밥하기에도 눈치 안 보여요. 혼밥 하는 사람도 꽤 많이 와요!!...",푸르름한 세상,blog.naver.com/eyoop0227,20260707,2026-07-07
[시화 커피 하우스] 조용히 사색을 즐길 수 있는 전주 카페,https://blog.naver.com/tablog-/224339261922,"이번에 전주에 방문하면서, 가고 싶었던 카페가 정말 많았는데요! 엄청 고민하다가 지난번부터... 실은 저는 이 카페를 인스타그램에서 메뉴 사진만 보고 꼭 가봐야지~ 했던 거라서 매장에 대한 정보는 하나도...",tablog-님의 블로그,blog.naver.com/tablog-,20260707,2026-07-07
제주도 성이시돌목장 우유부단 카페 내돈내산 방문후기,https://blog.naver.com/haejunge/224339261402,"제주도 성이시돌목장 우유부단 카페 내돈내산 방문후기 지난 겨울 남편과 함께 제주도 신혼여행을 다녀오며, 들렀던 성이시돌목장 우유부단 카페 후기입니다. 저희가 방문했던날은 흐리고 비가 오긴 했지만...",문화로말하다,blog.naver.com/haejunge,20260707,2026-07-07
"LG전자 2026 그램 14 코어 Ultra5 사용 후기, 왜 이걸...",https://blog.naver.com/emcba8jp2kj5/224339261173,"심플하면서도 세련된 외관은 사무실이나 카페 어디서든 잘 어울렸어요. 그램 시리즈의 특징인 초경량 설계 덕분에 가방에 쏙 들어가며, 쉽게 이동할 수 있어 정말 좋았습니다. 이렇게 가벼운 노트북은 처음...",쇼핑노하우,blog.naver.com/emcba8jp2kj5,20260707,2026-07-07
[광주 근교 애견 동반카페] 장성 '태미' 물멍 수족관에 넓은...,https://blog.naver.com/blacknoodlehouse/224339261478,☕️ 카페 메뉴 푸른 수족관이 반겨주는 실내 공간 & 애개육아 편의시설 이곳은 장성 진원면에 위치해 있어서 광주 근교 카페로 가볍게 드라이브 겸 나들이 오기 좋은 위치예요. 문을 열고 들어가면 화려한...,짜장이와 꼬순내 나는 일상,blog.naver.com/blacknoodlehouse,20260707,2026-07-07
[경기도업사이클플라자] 경기상상캠퍼스 안 잠시 들러 놀먹쉼...,https://blog.naver.com/gustjddl628/224339261658,안에 카페 + 체험시설 + 휴게시설 + 세미나실 등이 있어서 매우 훌륭한 공간이었음 입장료도 없고... 3) 카페 옐로오븐 - 일회용품 쓰지 않는 매장으로 업사이클 관련 동화도 읽을 수 있음 4) Plalab - 업사이클로...,Life Box. 인생함.,blog.naver.com/gustjddl628,20260707,2026-07-07
퇴근하고 삼겹살 생각날 때마다 여기 올 것 같아요. 재송동맛집...,https://blog.naver.com/ubtlibrary/224339261575,바로 초원돈대패&재송카페. 사실 큰 기대는 안 했어요. 요즘 대패삼겹살집이 워낙 많으니까 비슷하지... 이번에 초원돈대패&재송카페를 다녀오면서 가장 만족했던 건 가격과 맛의 균형이었어요. 요즘 외식 한 번...,일단 찍고 봄,blog.naver.com/ubtlibrary,20260707,2026-07-07
광주방탈출 충장로방탈출 상상의문 광주점 그럼에도 불구하고...,https://blog.naver.com/thkdtnr2855/224339262097,밥먹고 카페가고 영화보는 평범한 데이트에서 벗어나서 새로운 추억을 만들고 싶다면 방탈출 데이트... 특별한 데이트나 이색 놀거리를 찾으신다면 충장로방탈출 방탈출카페 상상의문 광주점 예약하고...,주인장의 달콤한 24시,blog.naver.com/thkdtnr2855,20260707,2026-07-07
6월 29/30일 광천투어와 등산,https://blog.naver.com/hellojae13/224339262206,별미를 하고 홍동으로 돌아와 친구들과 모임을 가졌다. 끝나고 뜰에서 이히브루 한잔 해주고 다음날!! 아침 6시반에 오서산~~ 10시즘인가 정상에 올라가고 내려와 바움 카페로~ 땀 빼러 선일목욕탕으로~ 끝,loveatalk,blog.naver.com/hellojae13,20260707,2026-07-07
"디지털 온누리 상품권, 삼성페이랑 애플페이로도 사용가능",https://blog.naver.com/boonye1055/224339261464,"음식점, 카페, 빵집, 편의점 동네병원, 약국 미용실, 안경점 학원 . . . 온누리 가맹점은 점점 늘고 있습니다. 저만해도 올해 초 집 근처 한 골목의 상점 대부분이 대거 신규 가입해 편하게 온누리 상품권을...",boonye1055님의 블로그,blog.naver.com/boonye1055,20260707,2026-07-07
상큼달콤 바질 토마토 에이드 만들기,https://blog.naver.com/the_archiver/224339261166,"예전에 서울 카페 어딘가에서 처음 먹어보고 너무 맛있어서 계속 생각 났었는데, 이번에 유튜브에서 레시피를 발견해서 만들어 보았따. 내가 본 영상  일단 청을 만들어야 하기 때문에 유리병이 필요함.....",[일기짱],blog.naver.com/the_archiver,20260707,2026-07-07
세종 카드단말기 포스기 임대 렌탈 구매 소개,https://blog.naver.com/utczdiqsaqdd/224339262032,"음식점, 카페, 병원, 약국, 미용실 등 매장을 운영하거나 창업을 준비 중이라면 카드단말기와 포스기를... 음식점과 카페에서 활용도가 높다. 종촌동, 보람동, 고운동, 나성동, 집현동처럼 외식업 매장이 밀집한...",요비포쓰01029283614,blog.naver.com/utczdiqsaqdd,20260707,2026-07-07
알리페이 중국어 설정 한국어 설정으로 바꾸는 법,https://blog.naver.com/kwleslie/224339261601,"버스와 지하철 같은 대중교통은 물론 택시, 편의점, 식당, 카페, 쇼핑까지 대부분 알리페이 하나로... 버스와 지하철 같은 대중교통은 물론 택시, 식당, 카페, 편의점, 쇼핑까지 대부분 QR코드 하나로 간편하게...",국영사랑의 여행노트,blog.naver.com/kwleslie,20260707,2026-07-07
"강화도 소재 강화 간판, 지역 특성에 맞는 선택 가이드",https://blog.naver.com/ndeccjkdqs078/224339261643,"예를 들어, 관광객이 많이 찾는 음식점이나 카페의 경우, 지역 특산물을 형상화하거나 전통적인 느낌을 살린 디자인을 활용할 수 있습니다. 또한, 바닷가 근처에 위치한 사업장이라면 염분에 강한 재질을...",프릴요정,blog.naver.com/ndeccjkdqs078,20260707,2026-07-07
"청년들의 특별한 시작, 김해 청년몰 참새방앗간을 아세요?",https://blog.naver.com/gimhae4you/224339261899,"참새방앗간에는 음식점과 카페, 공방 등 다양한 점포가 입점해 있습니다. 식사를 즐길 수 있는 음식점과 디저트를 판매하는 카페는 물론, 공예 체험과 원데이 클래스를 운영하는 공간도 함께 마련되어 있어...",김해시 공식블로그,blog.naver.com/gimhae4you,20260707,2026-07-07
"제주 가자마자 먹은 첫 끼 송도옥, 시메사바동 우니소바",https://blog.naver.com/cylee9595/224339261776,다 먹고 간 픽업카페 웨이팅을 걸려고 봤더니 없어서 바로입장...! 모지? 명란 소금빵 2개랑 칠리스... 이때 시간대는 12-1시쯤 이었다 참고! 송도옥>픽업카페>운화당 요 코스 추천 운화당 과일모찌도 너무 맛나다요..,coscos 블로그,blog.naver.com/cylee9595,20260707,2026-07-07
경기 성남시 태평동 - 디피(deffee) - 다양한 휘낭시에 맛볼 수...,https://blog.naver.com/ssugibaong/224339261824,딸이 찾아내서 가고 싶다고 한 카페 디피(deffee)에 다녀왔어요!! 성남 태평동에 위치해 있는데요 주택을 리뉴얼 해 25년에 이전 오픈한 카페랍니다!! 지도에서 이전 장소도 같이 검색이 되거나 같은 이름이...,"쑤기의 소소한 일상 - 카페,음식점,레시피,할인,정보",blog.naver.com/ssugibaong,20260707,2026-07-07
쿠참 초고속 진공블렌더 써보니 삶의 질 수직 상승했어요,https://blog.naver.com/sevd6976/224339261512,#쿠참 #쿠참블렌더 #초고속블렌더 #진공블렌더 #믹서기 #주방가전 #블렌더추천 #건강주스 #스무디 #이유식블렌더 #홈카페 #주방인테리어 #가성비블렌더 #할인 #사용후기 #리뷰 #솔직후기 #필수템 #라이프스타일,민주사회정의스크랩,blog.naver.com/sevd6976,20260707,2026-07-07
강동구 블랑제리11-17후기,https://blog.naver.com/daezzzziigirok/224339261149,행복한 하루되세용 (돌아온 행복무새) #강동구빵집 #강동구빵지순례 #블랑제리1117 #밤티말빵 #잠봉포카치아 #감자타르트 #산딸기바게트 #오뜨르베이커리 #쫀득빵 #앙버터토스트 #장마 #천호역빵집 #천호역카페,때지기록님의 블로그,blog.naver.com/daezzzziigirok,20260707,2026-07-07
화염상모반 레이저 후기 | 치료 전후 변화 솔직 기록,https://blog.naver.com/bbubbu0220/224339261715,네이버 카페에 검색을 해서 다양한 정보를 찾아보았고 얼굴에 붉은 반점을 띄는 경우 보통은... 저희는 돌까지 지켜보다가 눈에 띄게 옅어지는 거 같지 않아보여 네이버 카페에 문의도 남겨보고 하다 울산에...,랑랑토랑's world ♥,blog.naver.com/bbubbu0220,20260707,2026-07-07
나혼자 남원 여행｜산들다헌 (블루리본이 도대체 몇개에요?...,https://blog.naver.com/qkrth5978/224339262213,에서 바라본 카페 중앙쪽 큰 테이블로 있었고 주문하고 자리 잡으면 음료 가져다 주신다 아주... 시원했고 카페 분위기도 고즈넉하니 좋았다 특히 저 골방은 잠이 솔솔올정도로 편함 (누우면 안됨) 카페가...,todayis__Ss,blog.naver.com/qkrth5978,20260707,2026-07-07
June,https://blog.naver.com/smheykr/224339262127,가족 카페 가도 그리 오래 있지 않는데 이날은 주식 얘기하느라고 2시간 넘게 얘기하다 옴 (ㅋㅋㅋ)... 연희동 카페마다 자리 없어서 걷다 걷다 만난 곳 여기서 시원하게 수다 한판 떨고 바뀐 에이랜드도 구경...,스며들다,blog.naver.com/smheykr,20260707,2026-07-07
"반포 래미안트리니원 상가, 완판으로 증명된 지하 상가의 가치",https://blog.naver.com/cyoh48/224339261186,"지하철역에 마트까지 이어지는 지하 동선에서 이동하는 동안 쇼핑,식사 ,카페 , 간식 등을 이용하게... 반포 상가, 강남 상가 투자, 병원·학원·카페·브런치·라이프스타일 브랜드 입점을 고민하고 계시다면...",반포중앙공인중개사사무소,blog.naver.com/cyoh48,20260707,2026-07-07
[나고야] 여행 Ⅲ | 잊지못할 소도시 이누야마/생애 첫...,https://blog.naver.com/seu1_eaf/224339261827,코메다 카페로 감니다 유명하다보니 당연하게 여행객이 많을줄 알았는데 생각보다 현지인분들이... 급하게 카페로 피신해씀니다 시원하게 빙수라도 먹자 싶어서 메뉴판보고 말차 빙수를 시켰는데요 빵이래요....,차곡차곡✍️(◔◡◔),blog.naver.com/seu1_eaf,20260707,2026-07-07
올여름 전기요금 폭탄 피하는 1분 컷 세팅 (에너지 캐시백...,https://blog.naver.com/ikb34/224339221618,""" 하는 걱정 때문입니다 아이들 있는 집이나, 주말 내내 집에 계시는 분들이라면 요금 고지서 날아올 때마다 가슴이 철렁하실 텐데요 요즘 재테크 커뮤니티나 지역 카페에 들어가 보면 심심치 않게 보이는 글이...",오늘보다 나은 경제,blog.naver.com/ikb34,20260707,2026-07-07
재난 지역에서 살아남기,https://blog.naver.com/2screening/224339260797,안녕 여러분!!! 꽤나 빨리 돌아왔죠? 하계 방학 실습 기간이 머지 않은 탓에 후다다다닫ㄱ 써야 해서 왔습니다... 바쁘다 바빠~~ 요즘 블로그에 쓸 짤 모으기를 게을리했더니 거기서 거기인 사진들만 쓰는 것...,Should not not be,blog.naver.com/2screening,20260707,2026-07-07
포데로소 베이커리장비로 완성하여 퀄리티 높은 베이커리...,https://blog.naver.com/ibds_concept/224339260746,"베이커리, 카페 장비 전문 파트너 아이비디에스 입니다. 이번에 저희가 베이커리장비 납품 설치 하고 온... 카페 매장 내에서 공간을 크게 차지하지 않으면서도 6단의 넉넉한 베이킹 공간 덕분에 피크 타임에...",IBDS카페베이커리 장비납품,blog.naver.com/ibds_concept,20260707,2026-07-07
Echo,https://blog.naver.com/mana7861/224339260154,주변 카페에 들어갔는데 뷰가 참 예쁘더라구요 ㅎㅎ 블로그 다 쓰고 바로 나가기 아쉬워서 사진 몇 장을... 먹고 카페가서 아주 재밌게 수다떠는 걸 삶의 낙으로 살았음 ㅠㅠ 얘들아 다시 모여서 잼얘하자 잼얘...,동동이,blog.naver.com/mana7861,20260707,2026-07-07
[독립기념관 SNS 이벤트 당첨자 발표] 6·10 특별전...,https://blog.naver.com/koreai815/224339260750,6·10 만세운동 특별전은 누구나 무료로 관람할 수 있습니다. 이벤트에 참여해 주신 모든 분들께 감사드리며 당첨자분들께는 네이버폼에 작성해 주신 연락처로 메가커피 카페라떼 기프티콘을 보내드리겠습니다.,"보고, 배우며, 즐기는 독립기념관!",blog.naver.com/koreai815,20260707,2026-07-07
2026 상반기 종료 - 6월 / 창신동 완구 거리 / 부암동 / 계열사...,https://blog.naver.com/bell209/224339260572,2026.06.14 일 호매실에서 유명한 카페라고해서 동생네 부부랑 놀러갔다. 수원에 라벤더 밭이라니. 이야. 삿포로 가서도 못 본 것을 수원에서 보다니.. 좋아좋아. 서울로 돌아와서 늦은 오후에 책 읽기... 진정한...,와글바글 얼렁뚱땅,blog.naver.com/bell209,20260707,2026-07-07
나이키 여자 슬리퍼 “오프코트” 두번째구매 후기,https://blog.naver.com/pilatesdabin1/224339260802,"마트에 가거나 카페에 갈 때, 동네 산책을 할 때도 부담 없이 신게 됐어요. 물론 운동화만큼의 지지력은 아니지만 일반 슬리퍼와 비교하면 훨씬 편안한 편이라고 느꼈어요. 특히 발바닥 중앙 부분을 안정적으로...",The Health Life ✨,blog.naver.com/pilatesdabin1,20260707,2026-07-07
강원도 고성 핫플레이스 발리감성 카페 노메드 내돈내산 후기,https://blog.naver.com/lma1242/224339260278,강원도 고성 핫플레이스 발리감성 카페 노메드 내돈내산 후기 #내돈내산 안녕하세요 얼마전 답답한... 발리감성카페인 #노메드 에 다녀왔어요 이 곳은 노메드카페 별관입니다. 실내에도 좌석이 있으나 저는...,아이러브펫,blog.naver.com/lma1242,20260707,2026-07-07
[김천카페추천] 카페루나&미세스문 - 쇼룸! 침구브랜드 쇼핑...,https://blog.naver.com/ordinary_seoul/224339260998,& 카페루나&미세스문 쇼룸 - 올 화이트 톤의 감각적인 인테리어와 미세스문 침구 브랜드 쇼룸이 결합된 김천대형카페 - 한정 수량 특가 혜택을 직접 조우할 수 있는 미세스문 침구 보물창고 특별기획전 상시...,서울여자 살맛나는 일상,blog.naver.com/ordinary_seoul,20260707,2026-07-07
"네이버 클립 숏폼, 매출을 바꾸는 가장 현실적인 온라인 마케팅",https://blog.naver.com/winhbh/224339260958,"여기에 카페침투 전략을 활용하여 다양한 온라인 커뮤니티에서 브랜드가 자연스럽게 언급될 수 있도록... 여기에 브랜드블로그 운영, 브랜드 블로그 관리 대행, 플레이스 상위노출, 카페침투, 보험영업디비...",전국최다시술 마음에점을찍다 본점,blog.naver.com/winhbh,20260707,2026-07-07
"몬토레 후쿠오카 호텔 재방문 후기, 트윈룸",https://blog.naver.com/yeoni_0306/224339260836,"로손 카페, 마트 다 있어용 렉서스 건물 3층으로 가면 있는 로비 저번엔 한국어 가능한 직원이 안내해 줬는데 이번엔 아쉽게도(?) 안 계셨어요 로비는 넓고 깔끔합니다 저희는 바로 하카타 쇼핑 일정이라...",꼬르륵 ૮ ․ ․ ྀིა,blog.naver.com/yeoni_0306,20260707,2026-07-07
부모님도 아이도 만족했던 포천 하루 코스,https://blog.naver.com/jungji1124/224339260757,"이동갈비부터 산정호수에서 놀이기구 타고 마지막은 전망 좋은 카페까지 들렀다가 왔는데요. 당일치기... 가까운 카페로 향했어요. 호수 초입에 바로 있는 카페인데, 언덕 위에 있어서 산정호수가 한눈에 내려다...",별 헤는 밤,blog.naver.com/jungji1124,20260707,2026-07-07
"파주 아이랑 가볼만한곳, 아이들이 직접 만든 커스텀 티셔츠",https://blog.naver.com/oopsmomai/224339260857,"카페, 영화, 맛집 데이트도 좋지만 직접 둘만의 아이템을 만드는 경험도 좋을 것 같다는 생각이 들었어요. 커플티를 만들거나 모자나, 가방같은것을 기념일에 맞춰 만들어 보는것도 괜찮을 것 같아요. 제가 느낀...",야무진 희야님의 블로그,blog.naver.com/oopsmomai,20260707,2026-07-07
오산정수기렌탈 추천! 오산얼음정수기렌탈 가격 비교부터 설치...,https://blog.naver.com/inspect7677/224339260669,"병원, 카페, 학원 등 다양한 공간에서 정수기 렌탈 수요가 증가하고 있습니다. 최신 정수기를 초기 비용... 신혼부부 냉온정수기와 얼음정수기의 만족도가 높으며 홈카페를 즐기는 분들에게 특히 적합합니다....",맛집의 순간들,blog.naver.com/inspect7677,20260707,2026-07-07
이디야 아이스커피믹스 커피믹스 여름 홈카페 추천,https://blog.naver.com/songhyoryang12/224339260665,이디야 아이스커피믹스 커피믹스 여름 홈카페 추천 요즘처럼 더운 날에는 하루에도 몇 번씩 시원한 아이스커피가 생각나더라고요.^^ 카페에 가는 것도 좋지만 매번 사 마시다 보면 비용도 은근 부담이라...,호량의 일상,blog.naver.com/songhyoryang12,20260707,2026-07-07
"푸른 숨표를 찍다, 경주 양남 파도소리길",https://blog.naver.com/nowocm/224339260667,"✔ 함께 둘러보기 좋은 곳 산책 전후로 읍천항의 아기자기한 '벽화마을'을 함께 둘러보거나, 하서항 근처의 예쁜 '오션뷰 카페'에서 바다를 보며 커피 한 잔의 여유를 즐겨보세요! 바다가 건네는 첫인상, 그리고...",Freenow,blog.naver.com/nowocm,20260707,2026-07-07
어린이 영양 간식 추천 너트리 통통알밤 10개 후기,https://blog.naver.com/qp929/224339260896,우유나 따뜻한 커피 한 잔과 가볍게 곁들이면 맛의 밸런스가 딱 맞아서 홈카페 디저트나 아이들 영양 간식 루틴으로 유연하게 연결하기 참 좋은 똑똑한 아이템이에요. 매번 입이 심심할 때마다 칼로리가 높은...,알뜰살뜰,blog.naver.com/qp929,20260707,2026-07-07
노원구 아파트 급매 상승세 무서운 노도강 상계동 7억대 신축...,https://blog.naver.com/unicorns23/224339260701,"고급 호텔 라운지나 대형 북카페를 연상시키는 멋진 스카이라운지가 단지 내에 마련되어 보다 특별했습니다. 세련된 격자형 우드 천장과 감각적인 조명, 넓은 통원목 테이블이 배치되어 있어서 멀리 나가지...",미분양아파트｜신축빌라 가격할인,blog.naver.com/unicorns23,20260707,2026-07-07
(아파트사업부지) (부산동래구안락동사업부지) (동래구...,https://blog.naver.com/samsung780_/224339260098,"[③] 드라이브스루(DT) / 대형 베이커리 카페 부지 추천 ""차량 접근성 최고! 원동IC 길목의 독점적 대형 DT 및 브런치 카페 부지"" 핵심 카피: 평당 3,100만 원의 합리적인 가격으로 만나는 동래구 대로변 노른자...",풍성한부동산컨설팅공인중개사사무소,blog.naver.com/samsung780_,20260707,2026-07-07
카누 바리스타 페블 직접 써본 솔직 사용기,https://blog.naver.com/fmrut31oxoj5p/224339260814,"물론 전에는 카페 가서 분위기 즐기는 것도 좋아했지만, 이젠 집이 최고더라고요. 그런데 집에 있는... 버튼 하나로 카페 퀄리티 커피를 집에서 즐길 수 있다는 점! 처음엔 캡슐 하나 넣고 버튼만 누르면 되는 게...",fmrut31oxoj5p님의 블로그,blog.naver.com/fmrut31oxoj5p,20260707,2026-07-07
울산 알바 주휴수당 받을 수 있을까? 받는 경우와 못 받는 경우...,https://blog.naver.com/ulsan_kimlawyer/224339260710,"중요한 점은 정규직만의 권리가 아니라는 것입니다 편의점, 카페, 식당, 학원, 사무보조처럼 짧게... 한 카페에서 일하던 대학생 A씨는 하루 5시간씩 주 5일 근무했습니다 시급은 2026년 최저임금인 10...",[법무법인 위온]울산분사무소 - 변호사 김진규,blog.naver.com/ulsan_kimlawyer,20260707,2026-07-07
의정부 양주보청기 어르신 오티콘 신제품 질 착용 사례,https://blog.naver.com/hearinghub_jongro/224339260369,"또한 VSE 가상음향 피팅을 통해 조용한 상담실뿐 아니라 식당, 카페, 모임 같은 생활 소음 환경을 가정해 비교하는 과정도 진행합니다. 이런 과정이 필요한 이유는 간단합니다. 같은 제품이라도 착용자의 청력...","종로 히어링허브, VSE 피팅 청각사 김시몬",blog.naver.com/hearinghub_jongro,20260707,2026-07-07
"[전북 남원] 월향재, 남원카페, 망고빙수 맛집, 말차라떼도...",https://blog.naver.com/toomyung_/224339260017,남녀노소 인기 많은 남원 시내 핫플 #남원카페 #월향재 특히 유명한 #망고빙수 와 #말차 음료들 두가지 식재료를 좋아한다면 남원 가셨을 때 꼭 방문하셔야하는 카페! 월향재 : 남원 카페 남원 시내에 자리 잡은...,meat and potatoes,blog.naver.com/toomyung_,20260707,2026-07-07
"걸음마다 살랑이는 디테일, 이중 레이스 여리여리 페미닌 밴딩...",https://blog.naver.com/jjaejjae2606/224339260918,격식 있는 자리부터 동네 카페까지 어디든 잘 어울리는 만능 아이템이에요. 과하지 않으면서도 은은하게 풍기는 우아함 덕분에 자꾸만 손이 가더라고요. 특히 걸음마다 느껴지는 레이스의 섬세함이 스타일의...,오늘도 맑음,blog.naver.com/jjaejjae2606,20260707,2026-07-07
뚜벅이 묵호여행 / 초당짬뽕순두부 / 동해제빵소 / 오션뷰카페,https://blog.naver.com/viniruu/224339261029,밥 먹고 카페 가는 길에 자만추 했다 주차장은 별도로 없지만 매장 앞 갓길에 정차해두고 빵을... ⓷ 바다새 묵호여행 마지막 코스로 한섬해수욕장에 위치한 오션뷰 카페 바다새에 다녀왔다 전날에...,비니루의 한입여행,blog.naver.com/viniruu,20260707,2026-07-07
등촌역 경양식집 다원레스토랑 주차·웨이팅 총정리,https://blog.naver.com/andy-writes/224339260466,"식사 마치고 정산하면 주차비가 2천원 정도고 건물 안 카페를 이용하면 주차까지 해결할 수도 있어요. 밥 먹고 커피까지? 동선이 한 번에 끝나요. 셋째, 공영주차장도 있어요. 등촌역 주변 유료 민영 주차장과...",일상꿀팁,blog.naver.com/andy-writes,20260707,2026-07-07
"[매매] 서오릉 메인 대로변 최고 입지, 대형 베이커리 상가...",https://blog.naver.com/hot09415/224339260022,"베이커리 카페가 보증금 1억 3,000만 원, 월세 1,000만 원으로 입점하여 장기 성업 중인 상태 그대로... 베이커리 카페 성업 중 (F&B 최적화 입지 및 인프라 완비) 특이사항: 서오릉 메인 왕복 대로변 접함, 압도적인...",화정 한별부동산,blog.naver.com/hot09415,20260707,2026-07-07
영종 대라수 어썸 위치 모델하우스 중산동 신규아파트 분양,https://blog.naver.com/eomonstdlbb8775/224339260073,"운동을 위한 피트니스, 모임이 가능한 다목적실, 미디어실과 북카페 등이 계획되어 일상 속 편의 공간으로 활용됩니다. 영종 대라수 어썸 위치는 영종하늘도시 초입 생활권에 속합니다. 주변으로 상업시설과...",희망의아침,blog.naver.com/eomonstdlbb8775,20260707,2026-07-07
[창신동 쌍용아파트 32평] 주방 인테리어블룸 경첩부터 바흐만...,https://blog.naver.com/light0073/224339260654,그리고 창신동 현장은 로봇청소기 수납 바흐만 콘센트 블룸 경첩 라우체 폭포수전 홈카페 공간 빌트인... HOME CAFE 작은 여유를 위한 공간 주방 한쪽에는 홈카페 공간을 계획했습니다. 커피머신과 토스터기를...,Soop Design House,blog.naver.com/light0073,20260707,2026-07-07
[제주 여행/ 혼자 여행] 제주 여행 2일차 새별프렌즈 새별오름...,https://blog.naver.com/seolhui123/224339260884,카페를 가야겠죠! 숙소를 서귀포로 잡았는데 마침 예전에 친구가 서귀포 카페 추천해준 곳이 생각나서 방문한 곳이에요! 꾸무리한 날씨가 너무 아쉬웠지만 포토스팟도 많고 예뻤던 곳입니당 인스밀 입구에요!...,수리수리마술희,blog.naver.com/seolhui123,20260707,2026-07-07
파주 심학산 약천사 : 임신명당 소원 성취 명소 / 가볼만한곳,https://blog.naver.com/jisun1oo4/224339259980,주변에 카페나 맛집도 많으니 들르기 좋은듯 합니다 임신명당이라하여 방문은했지만 저마다의 이유로 간절하신 분들이 많은거겠죠? 다들 소원성취 하시고 좋은일만 있길 바래요~! 저희는 바로 옆 가까운...,쇼니데일리로그,blog.naver.com/jisun1oo4,20260707,2026-07-07
말랑이 쥐고 가볍게 살자,https://blog.naver.com/baksbucketlist/224339260335,더위에 아메리카노가 너무 당겨서 카페에서 잠깐 쉬었다. 커피 원샷하고 나오니까 온도가 딱 적당했다. 카페에서 떨다가 나오니 세상이 따뜻했다. 아주 마음에 들어 집 가서 직업훈련 강의 들어야해서 서둘러...,의지박양,blog.naver.com/baksbucketlist,20260707,2026-07-07
성안길 빵집 추천! 청주 베이커리 도우도우에서 즐긴 페이스트리,https://blog.naver.com/anito1056/224339260853,"성안길은 주차가 늘 고민인데 잠깐 들러 빵을 사거나 카페를 이용하기에도 편했어요. 이번에 주문한 메뉴는 아이스 아메리카노, 카페라떼, 클래식 뺑스위스, 블루베리 데니쉬였어요. 먼저 아이스 아메리카노는...",채채'S blog,blog.naver.com/anito1056,20260707,2026-07-07
뚝섬역 서울숲역 카페 추천 5to7 내돈내산 솔직후기,https://blog.naver.com/bubblys2/224339260402,"제 동생이 제일 좋아하는 카페를 소개할게요! 사실 저도 너무 좋아해서 데리고 갔는데요, 동생도... 5to7 성수본점 카페는 솔직히 누구든 들어가면 편하게 쉴 수 있는 공간이라고 생각하는데요. 이건 직접...","분만실 간호사의 결혼, 임신, 출산, 솔직한 리뷰",blog.naver.com/bubblys2,20260707,2026-07-07
은퇴 후 꽃길인 줄 알았는데…이형택이 강남 아파트 4채...,https://blog.naver.com/pickedlog/224339259195,그가 선택한 사업은 2000년대 초반 큰 인기를 끌었던 보드카페였습니다. 문제는 투자 규모였습니다.... 투자 실패는 한 번이 아니었다 보드카페 사업만 문제가 있었던 것은 아니었습니다. 이형택은 방송에서 서울...,고른기록,blog.naver.com/pickedlog,20260707,2026-07-07
예산 [무한정원] - [카페띠아모] 후기,https://blog.naver.com/fridaypopsong/224339259932,"충남 예산 중식 맛집, 무한정원에서 맛있는 점심 한 끼 충남 예산에서 점심 식사를 어디에서 할지 고민하다가 무한정원 중식당으로 결정했습니다. 지난번에는 코스요리를 미리 예약해서 방문했었는데...",금요팝송영어,blog.naver.com/fridaypopsong,20260707,2026-07-07
코튼 데님 버킷햇으로 완성하는 캐주얼 스타일,https://blog.naver.com/eaonsklwwk8013/224339259015,이미지출처-네이버이미지 요즘 들어 거리나 카페를 지날 때마다 자연스럽게 눈길이 가는 아이템이 있는데 바로 코튼 데님 소재의 버킷햇이다. 패션에 관심이 많지 않아도 간단히 포인트를 주기 좋은 착용법이라...,마음의 작은 정원,blog.naver.com/eaonsklwwk8013,20260707,2026-07-07
[인천/송도] 고셰프의 신선한 초밥 in 송도 :: 직장동료 추천...,https://blog.naver.com/yelimown/224339259401,"우리가 이날 주문한 것은 오마카페 판초밥 (14p)과 트러플 비빔국수. 초밥은 인당 한 판씩 주문하고 트러플 비빔국수를 함께 먹었다. 우선 이렇게 샐러드, 된장국, 미니우동, 계란찜이 먼저 나왔다. 가운데 있는...",일상의 Ella,blog.naver.com/yelimown,20260707,2026-07-07
리바트 카모아 슬라이딩 소파에서 신혼가구 시작하세요!,https://blog.naver.com/dnjsgh4406/224339259257,네이버 카페 가구플래너에서는 ✔ 리바트 카모아 슬라이딩소파 견적 비교 ✔ 리바트 소파 라인업 비교 ✔ 우리 집 거실 크기에 맞는 사이즈 추천 ✔ 기능성 패브릭과 가죽 소재 비교 ✔ 입주·신혼가구 패키지...,가구플래너,blog.naver.com/dnjsgh4406,20260707,2026-07-07
육아 책 추천 비교 | 뿐이 토핑 이유식 vs 튼이이유식 내돈내산,https://blog.naver.com/nenemong/224339258943,"맘카페나 인스타를 찾아봐도 정보가 너무 많아서.. 제대로 된 기본 가이드가 필요하겠다 싶었어요. 토핑 이유식을 할지, 죽 이유식을 할지에 따라 추천되는 준비물과 이유식 책이 다른데요. 초기에는 정확한...",정보통 네네몽,blog.naver.com/nenemong,20260707,2026-07-07
003 여수,https://blog.naver.com/sky__00-/224339259757,요기는 주차장이 따로 없어서 다른 곳에 주차하고 와야하는데 주차장 입구를 다 막아둬서 한참 돌아다니다가 10분 거리에 주차하고 걸어감 •• (다신 안 가..) 간만에 셀카  카페가서 10장 넘게 찍었는데 겨우...,sky__00-님의 블로그,blog.naver.com/sky__00-,20260707,2026-07-07
기후동행카드 종료 후 K패스 모두의카드 전환 방법 및 환급...,https://blog.naver.com/darkccocco/224339259697,"따라서 카드를 고를 때는 대중교통 환급 외에 본인이 자주 쓰는 영역(편의점, 카페, 쇼핑 등)의 부가 서비스가 유리한지 함께 비교해야 합니다. 서울시민을 위한 기후동행카드 플러스와 이용 가이드 지역 특화...",머리어깨손무릎발,blog.naver.com/darkccocco,20260707,2026-07-07
다시 시시시작 6月,https://blog.naver.com/thenut/224339259137,"유성 카페에 장난꾸러기 습격 경보 뜸! 엉거주춤 자세 심상치 않다. 얼마나 속 썪일지 감도 안옴.. 똑바로(아니 반대로) 앉아있는 까불이 재밌다~~하고 1초만에 일어나는 김수호,,끈기좀!...",None,blog.naver.com/thenut,20260707,2026-07-07
직접 가보니 알겠더라고요! 송파구애견카페 솔직 후기,https://blog.naver.com/ubtlibrary/224339259396,왜 많은 분들이 송파구애견카페 추천하는지 직접 가보니까 알겠더라고요. 들어가자마자 하얀 강아지가... 송파구애견카페 여러 곳 가봤지만 이렇게 전체 분위기가 여유로운 곳은 오랜만이었어요. 조금 있으니까...,일단 찍고 봄,blog.naver.com/ubtlibrary,20260707,2026-07-07
"거제 짹짹커피 본점, 농협창고 개조한 이색카페",https://blog.naver.com/seoniten/224339259717,"오션뷰 말고 거제 이색카페 '짹짹커피' 거제는 사방이 바디인 만큼 오션뷰 카페가 정말 많은데요. 창밖으로 펼쳐지는 푸른 바다를 바라보며 커피 한잔 마시는 것도 너무 좋지만, 오늘은 바다 풍경과는 또 다른...",참바다양 남쪽 낭만감성즐기기♪,blog.naver.com/seoniten,20260707,2026-07-07
문산당동3·파주운정2·파주운정11 국민임대 파주시 국민임대...,https://blog.naver.com/parang8033/224339259906,"주변에는 대형마트, 병원, 카페, 음식점, 공원, 학원가, 다양한 상업시설등이 조성되어 있어 일상생활의 편리성이 높은 것이 특징입니다. 또한 운정호수공원을 비롯한 녹지공간도 풍부해 쾌적한 주거환경을...",파랑분양,blog.naver.com/parang8033,20260707,2026-07-07
대전공단기_2026년 군무원 9급 [행정학] 기출문제 해설(김시동...,https://blog.naver.com/djgongdangi/224339259485,대전제일고시학원 #제일고시학원본점 #유성제일고시학원 #둔산공무원학원 #유성독서실 #유성관리형독서실 #대전스카 #유성스카 #세종공무원학원 #충남공무원학원 #대전군단기 #대전스터디카페 #유성스터디카페,커넥츠프랩공시관(대전충남대앞),blog.naver.com/djgongdangi,20260707,2026-07-07
"신촌부동산 우정마샹스 월세, 신촌역 도보 3분 저렴한 방",https://blog.naver.com/iloveill69/224339259107,"주변에는 편의점, 식당, 카페, 병원, 은행 등 생활 편의시설도 잘 갖춰져 있어 처음 자취를 시작하는 분들도 부담 없이 생활할 수 있는 입지입니다. 신촌역에서 우정마샹스까지 가는 길 https://naver.me/FfsVCYV4...",신촌공인중개사,blog.naver.com/iloveill69,20260707,2026-07-07
광진구브런치카페 새로 생긴 코티지 진짜 내돈내산,https://blog.naver.com/gringreenee/224339259082,"26년 지기가 광진구에 사는데 느낌 있는 식당, 카페가 많아서 약속 잡을 때마다 가는 거 같아요 오늘은 광진구브런치카페로 정했어요! 출처 : Google (갑자기 지우 대사가 떠올라서 그냥요~)  위치 ⏰ 영업시간...",베르데 님의 블로그,blog.naver.com/gringreenee,20260707,2026-07-07
세종시 도담동 도램마을11단지 아파트 전세,https://blog.naver.com/5742n/224339259305,"② 풍부한 생활 인프라 단지 내 상가를 이용할 수 있으며, 인근에는 싱싱장터, 다양한 음식점과 카페, 병원, 금융시설 등이 가까워 생활이 매우 편리합니다. ③ 교육환경 어린이집과 유치원은 물론 양지초...",세종친절한공인중개사 010-3002-4989,blog.naver.com/5742n,20260707,2026-07-07
260707 웹소설웹툰 순위&키워드 트렌드 변동 분석 정리,https://blog.naver.com/arkleode/224339258931,"<사천당가의 CIA 비밀 요원> N! 일간 1위 직행 - 네이버 웹소설 신규 진입작이 정상 등극 카카오 웹툰 100계단+ 2편 이틀 연속 - <원수였던 언니가 나를 아낀다> ↑258 (전 차트 단일 최대), <튜토리얼이 너무...",아크 스튜디오 ARC studio,blog.naver.com/arkleode,20260707,2026-07-07
카이엔 쿠페 2021년식 엔진오일 당일교환 - 하남카센터...,https://blog.naver.com/butakcarma01/224339259337,3️⃣ 하남 스타필드 인근 (도보 10분) 정비 맡기고 스타필드에서 쇼핑·식사·카페 이용하기 딱 좋은 위치! 시간 아끼면서 완성도 높은 정비를 받으실 수 있습니다. 부탁카마 전주점 예약하기 <전주 카센터...,수입차 정비 전문 부탁카마 하남점,blog.naver.com/butakcarma01,20260707,2026-07-07
"[미국/보스턴여행] 조금 낡았지만 나쁘지 않았던, 하이...",https://blog.naver.com/jenonearth/224339259275,여기는 보스턴에서 2일간 머물렀던 호스텔 미국 여행하다보니 Hi Hostel이 자주보이던데 프랜차이즈같았다 실제로도 건물 하나를 거의 다 쓰는 것 같았던 1층 라운지 공용 공간은 엄청 크고 통창인게 꼭 카페...,삶은 여행 중,blog.naver.com/jenonearth,20260707,2026-07-07
가정용 멜킨 런닝머신 RX7 추천｜야근 끝나고 뛰는데 아랫집...,https://blog.naver.com/z8459460/224339258844,맘카페랑 다이어트 커뮤니티에서 층간소음 방지에 최고라고 입소문 난 멜킨 브랜드로 최종 정착하게 되었네요. ────────── 지정된 날짜에 전문 기사님이 오셔서 거실 한쪽에 뚝딱 설치해 주셨는데...,디지털백화점,blog.naver.com/z8459460,20260707,2026-07-07
오늘은 코노갈수 있을까요?,https://blog.naver.com/hye2214/224339259749,"안녕하세요,오늘은 엄마랑 1~2시에 엄마랑 카페금산에서 팥빙수를 먹고,돌아오는길에 탑마트가서... 그럼빠이^^ #잡글 #잡담 #코노 #코인노래방 #버블티 #엄마 #카페 #금산 #팥빙수 #탑마트 #장보기 #3개정도...",버블-버블 블로그,blog.naver.com/hye2214,20260707,2026-07-07
[코리아둘레길_260616] 남파랑8코스 길 외릅지 않게...,https://blog.naver.com/hoiling_history/224339259923,안민고개쪽으로 가니 정자 카페가 있네요 여기서 시원한 아메리카노 한잔 먹습니다. 모자이쁘다고 칭찬해주고 후배와는 여기서 헤어집니다. 여기서부터는 혼자서 걷습니다. 이쁜 후배는 일정이 있어 저 혼자...,...,blog.naver.com/hoiling_history,20260707,2026-07-07
의정부 시청 방문 후 [아름드리 카페 ] 방문 후기~~~,https://blog.naver.com/jubu36/224339259556,시청 방문하며 세 번 방문했어요. 더위 식히기 딱 좋은 위치에 있어요. 첫 번째 방문 ~~~ 커피 맛~~~ 좋고 친절해요. 두 번째 방문~~~ 자몽 아이스티~~~맛도 좋았어요. 세 번째 방문 샌드위치  내용물이 꽉 차있고...,바다사랑,blog.naver.com/jubu36,20260707,2026-07-07
샌드위치집 업소용 냉장고 배송 사례 | 구입 전 확인할...,https://blog.naver.com/in-ki/224339259022,"특히 샌드위치집, 김밥집, 카페처럼 주방 공간이 넓지 않은 매장에서는 냉장고 하나를 설치하더라도... 테이블 냉장고는 상판을 작업 공간처럼 사용할 수 있어 샌드위치집, 카페, 분식집 등에서 많이 활용됩니다....",주방닷컴_since 1991,blog.naver.com/in-ki,20260707,2026-07-07
경성대기타학원) 방학특강경성대·대연동 나무기타에서 통기타...,https://blog.naver.com/bestsound2541/224339259707,얼마 전에는 영도 피아크 카페에서 나무기타 버스킹 공연이 열렸습니다. 평소 학원에서 함께 연습하던 수강생들이 실제 무대에 올라 관객들 앞에서 연주하는 모습을 보니 정말 멋있었습니다. 취미로 시작한...,우리는 모두가 외로운사람들,blog.naver.com/bestsound2541,20260707,2026-07-07
느좋 한옥 카페 이천 호야٩(๑❛ᴗ❛๑)۶,https://blog.naver.com/kmc0388/224339259602,이 있는 카페인데 건물이 제대로 한옥이라 옛건물 러버라면 무조건 좋아할수밖에.. 안에 들어와보면... 시간내서 드라이브 오길 잘했다는 생각이 들었던 한옥카페 호야 도장깨기 완료٩( ᐛ )و 다음은 오디?,밍채의 공간,blog.naver.com/kmc0388,20260707,2026-07-07
아산 모종동 카페 ㅣ 그루집,https://blog.naver.com/kimuooni/224339259087,"버터떡 맛집 = 그루집 저한테 그루집은 버터떡 맛집이거든요 ,, 그래서 포장만 N번째였는데 이번엔 말차라떼도 먹어보려구 매장 앉아봤어요 그루집  충남 아산시 삼동로28번길 25  평일 11:00 - 20:00 주말 12:00...",기록,blog.naver.com/kimuooni,20260707,2026-07-07
전주 전북대 맛집 24시 식당 중국집 짬뽕지존 덕진점,https://blog.naver.com/sy11_s/224339259180,얼음컵까지 준비되어 있어 짬뽕지존의 세심한 배려가 돋보여요 요즘같이 더운 날 아이스 아메리카노 한잔 들고나오면 따로 카페에 갈 필요도 없습니다. 시원하게 아이스크림으로 마무리!,요니님의 블로그,blog.naver.com/sy11_s,20260707,2026-07-07
"30대 혼자 떠난 태국 한달살기 숙소 비용, 위치별 시세와...",https://blog.naver.com/panyachot14/224339259434,"조용하고 고즈넉한 숲속 카페도 물론 좋지만, 화려한 도시의 밤문화와 미식, 혹은 매일 눈부신 바다를... 따스한 햇살이 내리쬐는 방콕의 한 로컬 카페 테라스에 놓인 차 한 잔 #태국한달살기숙소비용...",숨은 태국 고수의 로컬 여행 노트,blog.naver.com/panyachot14,20260707,2026-07-07
2606 일상 (2) 다 군만두고 싶어,https://blog.naver.com/u_urii/224339259204,나온다 평일에 갔더니 아주 널널하게 먹구옴 ^_^ 세종류 언냐들이랑 왔었던 영종도카페 미음 갈매기랑 이렇게 한 컷 남길 수도 있답니다? 바쁘다 바빠 이른 여름 수영여행 떠나는 나 차근차근 .. 써보는걸루 ..,Yul log,blog.naver.com/u_urii,20260707,2026-07-07
문화주택의 문화는 어디서 시작되고 어디서 끝나는가,https://blog.naver.com/usstockpmet8091/224339258878,"두텁바위로13길 11번지의 카페는 SNS에서 후암동의 핫플레이스로 소개된 곳이다. 겉으로 보면 70, 80년대... 카페가 되었다는 사실과 상량문이 남아 있다는 사실은, 이 골목에서는 모순이 아니라 그냥 같이 있는...",마당 깊은 집,blog.naver.com/usstockpmet8091,20260707,2026-07-07
우베 뜻 보라색 참마 이해와 활용 정보,https://blog.naver.com/hjhsama/224339259060,TAMIS 우베파우더 800g 우베함량 7% 카페용 홈카페 라떼 베이스 카페용품 대용량 달콤한 애니파인 naver.me 우베분말 180g 얌 뿌리 넛지몰 naver.me 풍미와 색감의 형성 원리 우베 하면 가장 많이 떠올리는 게 진한...,사남매의 소소한 일상 이야기♥,blog.naver.com/hjhsama,20260707,2026-07-07
[ 평택 소개 ] 벌이랑 꿀이랑!!,https://blog.naver.com/yul2ssam/224339259208,자연 속 작은 카페와 양봉장을 함께 운영하고 있어 입구에 들어서자마자 알록달록한 벌통들이 한눈에... 카페 안에는 유리 너머로 실제 벌들이 생활하는 모습을 볼 수 있는 공간도 마련되어 있습니다. 벌들이...,yul2ram2 블로그,blog.naver.com/yul2ssam,20260707,2026-07-07
척하지말자,https://blog.naver.com/jihyunisthebest/224339259372,옆카페로 피신 파르페냠냠 대화 더 해야해서 자리옮김 .. 걸스의 대화는 끝나지않는다 점심시간에 롯마가서 신비복숭ටㅏ 사왔오 요새는 복숭아철이라 복숭아가 엄청 달다 갓30살된거같았는데 올해도 반절이나...,•BLOG,blog.naver.com/jihyunisthebest,20260707,2026-07-07
"요거트월드, 1인 메뉴 확대 도입… 카페형 매장 경험 확대",https://blog.naver.com/yogurt___world/224339258762,"최근 여름 시즌을 맞아 카페업계가 컵빙수 등 1인 디저트 메뉴를 잇달아 선보이는 가운데, 디저트카페 프랜차이즈 요거트월드가 1인 메뉴를 도입하며 변화하는 소비 트렌드에 대응하고 있다. 최근 디저트...",yogurtworld official,blog.naver.com/yogurt___world,20260707,2026-07-07
생생한 일본어 공부로 일본인 친구 사귀기,https://blog.naver.com/rsconstruct/224339258272,"일본인 친구와 처음 만났을 때의 대화, 카페에서 이야기 나누기, 함께 여행 계획 세우기, 취미를 공유하는 표현 등 실제로 사용할 가능성이 높은 회화를 중심으로 반복 학습합니다. 이러한 실전 연습은...",rsconstruct님의 블로그,blog.naver.com/rsconstruct,20260707,2026-07-07
[충남보령] 무창포해수욕장 카페 비에사제스,https://blog.naver.com/dlwnsdn5332/224339258589,#무창포해수욕장근처카페 #보령무창포카페 #여름휴가 무창포해수욕장 카페 비에사제스 무창포해수욕장 바로 앞에 위치한 카페 비에사제스 위치 및 주차 주소: 충남 보령시 웅천읍 열린바다2길 2 비에사제스...,이개구리 육아일기,blog.naver.com/dlwnsdn5332,20260707,2026-07-07
명륜동 명륜SK뷰 33평 인테리어 비워낼 수록 더 넓어지는 공간,https://blog.naver.com/phillip8781/224339258472,조리 공간이면서 간단한 식사와 홈카페를 함께 즐 길 수 있는 공간으로 활용할 수 있을 것 같았어요. 후드결합형 인덕션으로 별도 후드 설치를 하지 않아도 도되다보니 훨씬 주방이 깔끔하고 심플한 느낌이...,부산인테리어 전문 업체 필립,blog.naver.com/phillip8781,20260707,2026-07-07
뷰가 다했다! 양산 물금대방노블랜드6차 603동 34평 탑층...,https://blog.naver.com/daebang_hyun/224339257758,"단독으로 사용하는 야외 테라스에 인조 잔디를 깔고 캠핑 의자를 두면, 우리 가족만의 훌륭한 홈 카페 겸 바비큐장이 완성됩니다. 3. ""손댈 곳 없이 깔끔한 내부 컨디션"" 결로와 곰팡이를 방지하는...",양산 물금 대방현부동산ㅣ양산 아파트 매매 전세 전문,blog.naver.com/daebang_hyun,20260707,2026-07-07
강화도캠핑장 선택 전에 확인해야 할 5가지 체크리스트,https://blog.naver.com/j4wrbvfbt/224339258077,"저는 캠핑장 근처에 예쁜 카페가 있어서 잠깐 들렀는데, 너무 좋았어요. 이렇게 캠핑과 함께 즐길 수 있는 다른 액티비티를 염두에 두고 캠핑장을 선택하면 더 만족스러운 여행이 될 수 있답니다. 나만의 강화도...",하늘조각,blog.naver.com/j4wrbvfbt,20260707,2026-07-07
사이버트럭 전체  투명 PPF  빡센 재시공 작업.. by 카일랩스,https://blog.naver.com/kailautogarage/224339257963,"이미 테슬라 카페에도 올린 내용이지만, 테슬라 카페가 회원 가입을 하지 않으면 접근성이 떨어지는 관계로 블로그에도 동일한 내용을 포스팅 하는 것이니 이미 보신분들은 패스하셔도 무방합니다. (물론...","자동차 직수입(미국, 독일) 전문 KailAutoGarage!",blog.naver.com/kailautogarage,20260707,2026-07-07
성수 팝업 추천! 마른파이브 비치클럽 인 마요르카 다녀왔어요️,https://blog.naver.com/beautefit/224339257779,성수데이트 #성수핫플 #성수놀거리 #성수여행 #서울팝업 #서울팝업스토어 #수영복브랜드 #비키니추천 #원피스수영복 #여름팝업 #언더웨어브랜드 #성수카페거리 #성수데이트코스 #성수신상 #인스핏,인스핏 속옷디자인 연구소,blog.naver.com/beautefit,20260707,2026-07-07
1140일차 1144일차 몰아쓰는 육아일기 | 한주도 신나고 즐겁게...,https://blog.naver.com/jine4208/224339257931,방문하는곳으로 좋은기억뿐! 다 하고 솜사탕 포기 못하구.. 결국 겟~ 반도 안먹고 아웃한건 안비밀! 그렇게 저녁 먹으러 방문한 카페 좋아하는 피자 먹방하고~ 친구랑 동생와서 더더 신나게 즐긴 불금 ~,보곱이네Story ˊ˗,blog.naver.com/jine4208,20260707,2026-07-07
태국 치앙마이 올드타운 카페 아카아마 프라싱 닌만해민 디저트...,https://blog.naver.com/janghyosuk/224339258123,그라프 카페 바트 커피 이밖에도 감성과 커피맛까지 모두 사로잡은 핫한 카페가 정말 많습니다 ♡ 아카아마 프라싱 올드타운 커피를 좋아하는 캠퍼짱네도 올드타운에 두군데 지점을 방문했어요 :) 선물용으로...,캠퍼짱네 가족여행,blog.naver.com/janghyosuk,20260707,2026-07-07
예천 커피자판기 진행받아보실까요?,https://blog.naver.com/uog449013/224339258352,마련된 카페머신을 사용하는게 일반적이랍니다 식당역시마찬가지로 마찬가지인데요? 카페비용까지 쓰고싶지않아서 예천 커피자판기 쓰는점포를 찾으시는분이 많은데요 앞서언급드린것처럼 과거부터...,uog449013님의 블로그,blog.naver.com/uog449013,20260707,2026-07-07
"김해소파싼곳 찾는다면? 김해모렌 베이지 4인 소파, 코너형까지...",https://blog.naver.com/pyj0517/224339257902,"김해1인리클라이너, 신혼가구, 리모델링가구, 카페가구까지 다양한 스타일을 한자리에서 비교할 수... 리모델링가구 #카페가구 #김해1인리클라이너 #김해치얼스소파 #치얼스소파 #거제소파 #거제가구 #거제식탁...",행복한 야옹이,blog.naver.com/pyj0517,20260707,2026-07-07
7월 7일,https://blog.naver.com/0h9u1y0/224339258148,브런체 카페에서 그 친구가 저한테 밥 사줬다고 올렸을텐데~?? 막 내가 다음에 살거라고ㅋㅋ 그 친구랑... 길이라묜소~ )지금 카페갈까? 라고 할뻔.. 너어무 반가운 마음에.. 치과 갔다 왔군아. 나는 밥 먹을랴고...,의홍굥,blog.naver.com/0h9u1y0,20260707,2026-07-07
치앙마이 현지인 맛집 MZ 핫플 카페 추천 포토스팟 가득한...,https://blog.naver.com/wisdxm1/224339257999,플루토 PLUTO 치앙마이는 커피가 유명한 만큼 카페도 정말 많아요. 저도 이번 여행만큼은 모든 커피를 마셔보겠단 마음으로 카페를 열심히 다녔는데요 ㅋ.ㅋ 그중에서도 치앙마이 현지인 사이에서 핫한...,알밤군밤 이맛밤,blog.naver.com/wisdxm1,20260707,2026-07-07
광명시 하안도서관 탐방기 편안한 독서 공간과 다양한 프로그램,https://blog.naver.com/udianlvahxkf/224339258690,지하 1층에는 휴게라운지와 카페가 있어 편안하게 쉴 수 있는 공간이 마련되어 있죠. 이곳은 상대적으로 조용한 도서관 분위기와 달리 즐겁게 대화할 수 있는 장소예요. 1층에서는 다양한 커뮤니티 공간과...,설레는 낙서,blog.naver.com/udianlvahxkf,20260707,2026-07-07
성수 카페                                                글리터✨ 리뷰,https://blog.naver.com/wonny_104/224339258407,오늘은 성수에있는 아주예쁜 카페인 [글리터]를 소개해드리려고합니다 들어가자마자 벽에는 이런... 사람들이 많으면 대기를 해야할수도있습니다 카페 이용시간은 최대 1시간30분입니다! 포장은 가능하지만...,별사탕의 다이어리,blog.naver.com/wonny_104,20260707,2026-07-07
남원신촌동빵집 좋은아침페스츄리 남원점 분위기도 너무 좋아요,https://blog.naver.com/najube85/224337152724,#남원빵집 #남원신촌동빵집 #남원디저트카페 남원에서 넓은 공간에 빵 종류도 다양한 곳을 찾다가... 남원신촌동빵집을 찾는 날이라면 빵 구경과 카페 시간을 한 번에 즐기기 좋은 곳이었어요. 비 오는 날 더...,석실장의 방방곡곡!,blog.naver.com/najube85,20260707,2026-07-07
[영등포 웨딩홀] 영등포 더컨벤션 웨딩홀 투어 후기 (계약 O),https://blog.naver.com/yeoneea_/224339258394,서울 육각형 웨딩홀을 원하신다면 주저하지 말고 계약하세요 (*≧︶≦))(￣▽￣* )ゞ [다이렉트] 카페를 통해서 결혼 준비에 대한 많은 정보를 받아보세요. 가입 전 추천인 코드 '결혼쭌비화팅' 작성 후...,Life Diary ღ,blog.naver.com/yeoneea_,20260707,2026-07-07
영통구초밥뷔페 고메스퀘어 영통직영점 영통무한리필 뷔페...,https://blog.naver.com/sjh170497/224339257789,"키즈카페(놀이방), ⭕️수유실 , 남/녀 구분화장실 ✔️넉넉한 이용시간(100분) ✔️캐치테이블 예약... 키즈카페 화장실 수유실 입구들어가기전 음료수 냉장고를보고 판매를 하는줄알았는데 왠걸요!!고메스퀘어...",소소한 행복,blog.naver.com/sjh170497,20260707,2026-07-07
르블라썸 강남 히레 디자이너님께 받은 자연스러운 레이어드...,https://blog.naver.com/hamglebangle/224339258308,진짜 카페같아욬ㅋㅋㅋㅋㅋ (자두 주스 맛있겠ㄷ ㅏ... ) 아아 쳐돌이인 저는 아아를 요청드렸고 아아와 과자를 같이 옆에 놔주셨어요! 진짜 센스짱... 받기 전 상태입니다 ... 작년 겨울에 하이 레이어드 C컬펌...,어찌저찌 돌아가는 햄글의 인생,blog.naver.com/hamglebangle,20260707,2026-07-07
친한회사동료분과 함께간곳! 컴포즈커피 수원영통역점 방문후기,https://blog.naver.com/lsj83645/224339258227,메뉴는 커피나 논커피등 다양하게 판매합니다 그리고 카페 내부에도 키오스크가 있습니다 그리고... 카페 분위기도 좋았고 음료맛도 좋아서 만족스러웠습니다^^ 오늘 컴포즈커피 수원영통역점 방문후기...,Candy Car 님의 다양한 리뷰 블로그,blog.naver.com/lsj83645,20260707,2026-07-07
애플펜슬 펜촉 1/2세대 HB+2B 실리콘 보호 팁 솔직 사용기,https://blog.naver.com/03cxlx0aidmyge/224339257672,"처음엔 '원래 이렇게 빨리 닳는 건가?' 싶었는데, 어느 날 카페에서 그림 그리다가 뚝뚝 끊기는 소리에 깜짝 놀랐어요. 펜촉이 완전히 마모돼서 아이패드 화면에 긁히는 소리가 난 거였죠. ""아이고! 이러다가...",03cxlx0aidmyge님의 블로그,blog.naver.com/03cxlx0aidmyge,20260707,2026-07-07
"대구 방역 전문업체 하나방역, 해충부터 정기소독까지",https://blog.naver.com/pest0119/224339258190,"나 카페는 위생이 더욱 중요하기 때문에 주 1회 집중 관리가 필요할 수도 있습니다. 이 외에도 빈대와... 또한, 식당, 카페, 호텔, 병원, 사무실 등 위생이 특히 중요한 상업 및 공공 시설에는 맞춤형 위생 관리...",하나방역 본사(pest119),blog.naver.com/pest0119,20260707,2026-07-07
말코닉 E80S E80 슈프림 커피 그라인더 블랙 -135만,https://blog.naver.com/tanknguntttt/224339258142,"원두를 실제로 갈아낸 무게를 기준으로 도징량을 맞출 수 있어, 바쁜 카페 환경에서 매번 저울로 원두를 따로 재는 번거로움을 줄이는 방향의 기능이에요 깔끔한 블랙 색상의 말코닉 E80 Supreme 커피...",tanknguntttt님의블로그,blog.naver.com/tanknguntttt,20260707,2026-07-07
성산승마에 먹이주기 체험도 가능한 아이랑 서귀포 목장카페 밭디,https://blog.naver.com/ajalice/224339257930,성산승마에 먹이주기 체험도 가능한 아이랑 서귀포 목장카페 밭디 한참 말이 폭발적으로 늘고 있는... 목장카페 밭디에 주말 나들이 다녀온 이야기해 드릴게요 말을 발견하자마자 신이 나서 양손을 날개처럼...,Think of your Customer,blog.naver.com/ajalice,20260707,2026-07-07
대형 체스 게임으로 만드는 특별한 체험 공간과 포토존,https://blog.naver.com/busanboylondon/224339257772,"요즘 리조트, 캠핑장, 키즈카페를 다니다 보면 단순히 '구경'만 하는 공간보다 직접 체험하고 사진도... 키즈카페 — 아이들 체험형 놀이  학교 · 교육기관 — 교육용 체험 도구  기업 행사 · 지역 축제 — 대기...",해외직구전문몰,blog.naver.com/busanboylondon,20260707,2026-07-07
창업중소기업 등에 대한 세액감면의 창업의 개념,https://blog.naver.com/jjangkjkok2/224339258296,"업종요건 충족 : 부동산임대업, 부동산매매업, 소비성서비스업, 각종 전문직업, 도소매업, 카페(커피전문점) 등은 업종요건 불충족 3. 단, 아래는 창업으로 보지 않음 ① 합병ㆍ분할ㆍ현물출자 또는 사업의...",노블부동산연구소,blog.naver.com/jjangkjkok2,20260707,2026-07-07
"요즘 학교·유치원 난리 난 수두 유행, 예방주사 맞혔는데 왜...",https://blog.naver.com/basan-zipsa/224339258155,"최근에 학부모님들 단톡방이나 지역 맘카페 보면 ""애 반에 수두 환자 나와서 등교 중지됐다"", ""유치원에 격리된 애들 한 트럭이다"" 하면서 걱정하시는 글이 정말 많이 올라오더라고요. 그런데 소식 들으신 분들...",부산집사,blog.naver.com/basan-zipsa,20260707,2026-07-07
"[매매 3억1,500만원] 푸른마을10단지 풍림아이원 1004동 7층 84...",https://blog.naver.com/happygoyangdong/224339257829,"스타벅스, 투썸플레이스, 롯데리아 같은 대형 프랜차이즈 카페와 식음료 매장이 차량 5분 거리에 있고, 축협과 GS수퍼마켓을 비롯한 대형 마트, 편의점, 휘트니스센터, 병의원과 약국 등이 도보 5분에서 20분...",고양동 행복한공인중개사사무소 031-962-5858,blog.naver.com/happygoyangdong,20260707,2026-07-07
"익산&군산 1박 2일_고려당,금종제과,원광대학교 벚꽃구경,익산...",https://blog.naver.com/enhui0328/224339257862,"베이커리 카페인데 과거와 현재를 잇는 시간여행이라는 컨셉에 충실한 것 같더라구요! 컨셉이 잘... 가진 카페 좌석 마련 되어 있었습니다ㅎ 각자의 취향에 맞춰 빵을 하나씩 샀고, 익산이 고구마로 유명하다고...",다다맘,blog.naver.com/enhui0328,20260707,2026-07-07
양주정수기렌탈 추천! 양주얼음정수기렌탈 가격 비교부터 설치...,https://blog.naver.com/anxious1704/224339258543,"홈카페를 즐기는 분들에게 특히 인기가 높습니다. 자녀가 있는 가정 대용량 직수형 얼음정수기가 높은... 가정용, 신혼부부, 어린 자녀가 있는 가정, 사무실, 병원, 카페 등 다양한 환경에 맞는 제품을 추천해...",뽀얀과천,blog.naver.com/anxious1704,20260707,2026-07-07
대구하우스웨딩 로망 실현하고 온 웨딩뉴욕뉴욕 투어 후기,https://blog.naver.com/round8853/224339258731,매일 웨딩 카페 글만 뒤적거리며 막막해하던 시간들이 아까울 정도로 직접 눈으로 보고 오니 마음이 한결 가벼워졌어요. 로망으로만 그리던 특별한 하루가 조금씩 눈앞에 그려지는 것 같아서 벌써부터 설레고...,달구벌 모먼트,blog.naver.com/round8853,20260707,2026-07-07
[신정네거리역 맛집] 보배반점 신정네거리역점│불향 가득한...,https://blog.naver.com/sg1092/224339257941,보배무료카페까지 있어서 식사부터 마무리까지 깔끔하게 할 수 있었어요 ✨ 한 줄 요약 ✨ 중식당... 보배카페 무료로 보배카페를 이용해서 식후 아메리카노까지 마시며 완벽한 식사 한 끼를 마칠 수...,N잡하는 물리치료사,blog.naver.com/sg1092,20260707,2026-07-07
유월 (2026),https://blog.naver.com/joyzoe20/224339258566,"윤스테이에 나왔던 쌍산재에서 산책도 해주고, 시골 할머니 집에 온 듯한 카페에서 티라미수랑 음료도 주문했어요. 이 집고양이들이 마루에서 반겨준답니다. 티하우스에 과일을 선물 드렸더니 예쁜 한 상으로...",알맞은 시절,blog.naver.com/joyzoe20,20260707,2026-07-07
일상과 다짐,https://blog.naver.com/puredongbang/224339258372,ㅠ 오후엔 으뉴리 친구랑 꼼지락 카페에서 슬랑이 만들기 활동 하고 저녁으로 돈까스 먹고 빠빠이~~ 일요일은 내친구+떠뉴리친구 아주아주 오랜만에 만나서 같이 #키즈베이 키즈카페 다녀왔다. 키즈카페...,나나 라이프 :-),blog.naver.com/puredongbang,20260707,2026-07-07
추억은 돈으로 만든다,https://blog.naver.com/suzieemong/224339258038,"누가 키 5센치만 줬으면,, 잘 받을 자신 있는데ㅠ ㅋㅋㅋㅋㅋㅋㅋㅋ ㅋㅋㅋㅋㅋㅋㅋㅋㅋㅋㅋㅋㅋㅋㅋㅋ 둘 다 결제할 때 금액에 거품 물고 돈 부족해서 발동동 준돌이가 기지를 발휘해서 카페로 떄리고 현찰 다...",쬬아 ㄷh나무 헬ㄹ!콥ㅌr,blog.naver.com/suzieemong,20260707,2026-07-07
"진주성, 촉석루에 오다",https://blog.naver.com/johannacj/224339257590,"그곳에서는 내리지않고 바로 진주성으로. 진주성 안에 촉석루가 있는지도 도착해서 알았다. 내려올 때는 비가 많이 와서 빗길운행 걱정되었는데, 지금은 한 여름 땡볕이다. 시원한 카페에서 라떼를 마시며 포스팅.",JOY의 뜨락 이야기,blog.naver.com/johannacj,20260707,2026-07-07
하노이 빈홈 디캐피탈 아파트 C5동 1룸 50m2 새로운 풀옵션...,https://blog.naver.com/lovelyjennyhouse/224339258538,"단지 내에는 K마트, WWin마트, 식당, 카페, 약국 등이 마련되어 있어 입주민들에게 편리한 생활 환경을 제공합니다. 또한 단지 안에 위치한 빈콤몰을 통해 영화관, 다양한 식당, 패션 매장 등 폭넓은...",lovelyjennyhouse님의 블로그,blog.naver.com/lovelyjennyhouse,20260707,2026-07-07
2026 아산 아이와 가볼만한곳: 올여름은 여기서! 도심 속 무료...,https://blog.naver.com/c_onebook/224339258531,"멀리 가기는 부담스럽고, 매번 키즈카페만 가기엔 주머니 사정이 고민될 때! 우리 동네 아산시에서 대박 소식을 들고 왔습니다. 아산시가 ‘2025~2026 충남·아산 방문의 해’를 맞아, 도심 곳곳에 어린이...",한 권과 한 뼘 성장,blog.naver.com/c_onebook,20260707,2026-07-07
5. 효창동에서 생긴 일,https://blog.naver.com/dopakcee/224339257604,효공순환로쪽에 카페도 별로없고 그냥.. 그냥이었는데 뭔가 핫플된느낌 원래 유명한 공원이지만 요즘... 카페인 수혈 여기는.. 자리가 참 불편함 세명이상은 가면 안되는 카페 카페들아 4인석도 좀 놓으면...,The Unbothered Zone,blog.naver.com/dopakcee,20260707,2026-07-07
４월 ５일에 꼭 가야할 함안카페 @식목일,https://blog.naver.com/swj07007/224339257734,"출장갔다가 잠시 들렀던 카페 식목일을 소개합니다 ! 월, 화, 목, 금 | 10:00-18:00 *매주 수요일 정기휴무... 식목일이라는 카페 이름처럼 어느 창으로든 자연이 꼭 보인다는 점이 참 좋았습니다 저는 카페와...",like normal day,blog.naver.com/swj07007,20260707,2026-07-07
높이 2000 필라테스 거울 파티션 공간 분리 양면 단면,https://blog.naver.com/bjj0293/224339258375,애견카페 안전문·대기장 등 다양한 공간 분리를 연출해 드립니다 공간 분리가 필요하다면 원퍼니로 문의 바랍니다 감사합니다. #원퍼니 #강화유리파티션 #양면거울파티션 #피트니스유리파티션 #필라테스가벽,원퍼니 사무실 강화유리파티션 제작전문 시공업체,blog.naver.com/bjj0293,20260707,2026-07-07
[여의도] 63빌딩 파빌리온 - 뷔페 ( ˶ˆ⤙ˆ˵ ) 재오픈 기념...,https://blog.naver.com/happyhyehye_/224339258230,"그리고 여기는 저희가 머신에서 내려서 먹고 그런게 아니라, 카페 처럼 직원분이 상주하고 계셔서 메뉴를 말하면 직접 제조해서 주시거든요?! 그게 또 진짜 편리하고, 빨라요! 디카페인도 있어서 저녁에 커피...",SO HAPPY,blog.naver.com/happyhyehye_,20260707,2026-07-07
서면 라함 브런치 갤러리 카페 맛은 있음!,https://blog.naver.com/seereezip/224339258070,오늘은 오전 자부 시간을 서면 라함 브런치 갤러리카페에서 보낸 기록입니다. 친절함은 모르겠지만 맛있더라구요. 서면 라함 브런치 갤러리 카페 ✅위치 롯데호텔 서문 입구 앞 정산빌딩 1층 서면역...,시리.zip,blog.naver.com/seereezip,20260707,2026-07-07
"전단지제작, 전단지 인쇄부터 완성까지 완벽하게 제작...",https://blog.naver.com/adjungdo/224339258680,네이버 검색창에 정도기획을 검색하셔서 카페 에 접속해 보시면 과거부터 지금까지 묵묵히 쌓아온 수억 장 규모의 투명한 배포 영상들을 감상하실 수 있습니다. https://cafe.naver.com/adjungdo 또한 저희 공식...,전단지배포 전단지부착 광고 홍보 DM 디엠,blog.naver.com/adjungdo,20260707,2026-07-07
갑자기 여름이 되어버렸다.,https://blog.naver.com/sarangnwar/224339258274,더 맛있다ㅠㅜㅜ 카페 처마에 있던 제비둥지..제비 처음 봐서 신기해 걷기보다 뛰기를 좋아하지만 매번 넘어지는 딸램을 위한 해변놀이ㅎ 개미도 좋아해 바닥에 잘도 앉구여 주말에 캠핑의자에 앉아 삼김 정선...,Sen-ily,blog.naver.com/sarangnwar,20260707,2026-07-07
26.Tokyo,https://blog.naver.com/hyunaa0314/224339258306,오래 줄서서 먹을정돈 아니고 저는 금방들어간거라 그냥 줄없으면 한번쯤 먹어볼정도입니다(제입맛기준) 카페와서 야무지게 커피랑 소금빵먹기 일본오면 하루 두세잔은 커피마실수있어요 우리호텔이 위치가...,현아,blog.naver.com/hyunaa0314,20260707,2026-07-07
제과제빵전문학교 취업 전망 대기업 R&D 연구원부터...,https://blog.naver.com/gpd119/224339258246,"예전에는 빵집이나 카페 취업 정도를 떠올리는 경우가 많았지만, 최근에는 진출할 수 있는 분야가 훨씬... 호텔 베이커리와 유명 프랜차이즈, 개인 베이커리는 물론이고 카페 디저트 브랜드, 식품회사, 외식기업...","""오드리 블로그""",blog.naver.com/gpd119,20260707,2026-07-07
"재방문 하게 되는 분위기 좋은 광교 카페 추천, 위커파크...",https://blog.naver.com/chltnwhd8541/224339258163,"재방문 하게 되는 분위기 좋은 광교 카페 추천, 위커파크 - 브런치 후기 (원두 맛집!) 요즘 광교호수공원... 브런치 카페 위커파크입니다. 이미 광교에서는 브런치를 좋아하는 분들이라면 한 번쯤은 가봤을 정도로...",밤하늘의 고향,blog.naver.com/chltnwhd8541,20260707,2026-07-07
새출발기금 2026 조건 [부실차주 부실우려차주],https://blog.naver.com/recovery_324/224339256741,"바로 상담이 부담스러운 분들은 카페 자료부터 천천히 보셔도 괜찮습니다. 실제 질문답변, 성공사례... 카페 링크: https://cafe.naver.com/recovery80 ※ 새출발기금 대상 여부, 감면율, 추심중단 범위, 포함되는...",빚 탈출 전문 연구소,blog.naver.com/recovery_324,20260707,2026-07-07
"김부장 최대훈 아내 미스코리아 3위 출신이라는 사실, 3가지...",https://blog.naver.com/bob0115/224339256740,"배터리형 태양광형 차이, 3주 써보니 이게 답이었어요 이동건 카페 임시휴무 반복하다 결국 문 닫은 이유, 3가지 결정적 비밀 아벤느 오 떼르말 300ml 미스트 세안 후 붉고 건조한 피부를 진정시키는 정착템",즐기며 사는 삶,blog.naver.com/bob0115,20260707,2026-07-07
[ 제주 삼양 ] 달달 짭짤 동네 치킨 포장 맛집 _ 이도통닭...,https://blog.naver.com/boreum_ddal/224339256664,제주카페에서 맛있다는 얘기가 많더라구요. 마침 동네에 체인점이 있어 다녀왔습니다. 이도통닭 화북삼양점이에요. 메뉴입니다. 저는 양념 반+간장갈비 (24000원) 주문했어요. 방문 포장 시 2천원 할인 받아...,놀자,blog.naver.com/boreum_ddal,20260707,2026-07-07
0629-0705ㅣ주간 가계부ㅣ극S의 소소한 식단일기를 곁들인,https://blog.naver.com/iyw0924/224339257036,디카페인 아메리카노랑 샌드위치 (맛 ㅈㄴ없음) 요즘 아침에 공복유산소 하고싶어서 일어나긴 하는데 도저히 러닝을 하질못해서 그냥 헬스장 등록 해버렸다. 그러면서 헬스장 근처에 있는 카페 간고 다이어터...,예쁘 마을,blog.naver.com/iyw0924,20260707,2026-07-07
[일본 유학생 추천 맛집 09] 디저트 전문점 샤토레제...,https://blog.naver.com/5weat/224339256532,"매번 결제할 때마다 놀라는 가격대 호텔에서 야식, 일본 기념품, 일상 간식, 뭐든 아주 추천하는 디저트 전문점ㅎㅎ #맛집 #도쿄 #일본 #베이커리 #디저트 #카페 #여행 #유학일기 #유학생 #추천 #일본기념품",데일리 도쿄,blog.naver.com/5weat,20260707,2026-07-07
맛있는스쿨로 시작하는 한 달 완성 기초중국어회화 독학...,https://blog.naver.com/goinglife4580/224339256488,"스마트폰, 태블릿, 노트북 등 무려 디바이스 4개까지 동시에 사용이 가능해서 틈내서 공부할땐 휴대폰으로 집이나 카페에서는 아이패드나 노트북으로 넓게 화면을 보며 공부하고 있어요. 공부하고 있으니...",워킹맘 꿀띠의 맛여행 육아로그,blog.naver.com/goinglife4580,20260707,2026-07-07
"분식집 창업 현실, 싸게 팔수록 더 바빠지더라고요",https://blog.naver.com/bizpickapp/224339257285,"카페처럼 종일 손님이 있는 게 아니라, 짧고 굵게 승부 보는 구조예요. 그래서 분식집은 맛만큼 회전 속도가 중요해요. 피크 타임에 주문-조리-포장이 얼마나 매끄럽게 돌아가는지가 관건이에요. 이 시간을...",비즈픽,blog.naver.com/bizpickapp,20260707,2026-07-07
대전키즈카페 대전한화생명볼파크키즈카페 키벤저스 대전,https://blog.naver.com/eunha9585/224339256824,"안녕하세요 ~ 대전한화생명볼파크키즈카페 키벤저스 대전은 대전한화생명볼파크 내에 있는 키즈카페로 새로 지어진 대전신상키즈카페에요 ~ 매월 둘째 주, 넷째 주 월요일은 임시 휴업일이고 야구 티켓...","식신 으나우낭의 ""주부 。여행 。리뷰。 일상""",blog.naver.com/eunha9585,20260707,2026-07-07
춘천정수기렌탈 추천! 춘천얼음정수기렌탈 가격 비교부터 설치...,https://blog.naver.com/fly14179/224339256641,"춘천은 신축 아파트와 단독주택, 사무실, 병원, 카페 등이 함께 늘어나면서 정수기 렌탈 수요도 꾸준히... 홈카페를 즐기는 분들에게 특히 인기가 높습니다. 자녀가 있는 가정 대용량 직수형 얼음정수기가...",오빠의차붐,blog.naver.com/fly14179,20260707,2026-07-07
본식부케 아뜰리에윤 짝꿍구해요~,https://blog.naver.com/2p_dayoff/224339257212,"인스타랑 웨딩관련카페들 부케 찾아봤는데 부케가 참 깔끔하고 구성도 넘좋은것같아요 부토니아, 코사지 6개 포함 / 강남권 메이크업샵 배송료 무료/ 헤어장식용 꽃조각 서비스 그리고 이벤트도 좋네요!!...",P둘의여행,blog.naver.com/2p_dayoff,20260707,2026-07-07
"광안리 레스토랑, 광안리 파스타 맛집 오지테이블 후기",https://blog.naver.com/dczch0/224339256781,"조명도 전구색(노란색)이라서 따사로운 오후에 호주 휴양지 카페에 온 기분이 물씬 풍겼습니다. 냅킨, 물티슈, 컵과 물, 피클, 핫소스, 후추 등은 셀프바에 마련되어 있습니다. 메뉴판 구경 좀 해볼까요?...",얼렁뚱땅 부족해도 괜찮은 나의 하루,blog.naver.com/dczch0,20260707,2026-07-07
구미 인동 맛집 카페 굳띵즈 구미,https://blog.naver.com/boramjb/224339257267,구미 인동 맛집 대형카페 굳띵즈 구미 에 다녀왔습니다. 구미 인동 맛집 데이트 카페로 추천하는 곳인데요. 굉장히 넓고 인테리어가 고급진데다가 음료와 디저트도 맛있었던 곳이에요! 구미 인동 맛집...,내 마음이 흐르는대로,blog.naver.com/boramjb,20260707,2026-07-07
"수원 광교 중단발 레이어드컷 잘하는 미용실, 중단발...",https://blog.naver.com/kbs1118-/224339256522,"광교 카페거리 1층에서 자연스러운 헤어 디자인과 물멍 힐링 공간을 함께 제안하는... 광교 카페거리 1층에 위치해 있으며, 아쿠아스케이프 수조와 초록 식물, 조용한 음악이 어우러진 공간에서 차분하게 상담과...",광교미용실 위스퍼그로브,blog.naver.com/kbs1118-,20260707,2026-07-07
[커피로그 #002] 선유도 감성 카페 추천! 더블플랫,https://blog.naver.com/eatnerbus/224339257516,감성 카페 '더블플랫(Double Flat)'에 다녀온 이야기를 풀어보려 합니다. 영업시간 월-금 08:00-21:00 토-일... 오늘의 카페 로그 아이스 아메리카노  재방문 의사 ⭐⭐⭐⭐  오늘의 한줄 로그 커피 한 잔으로 충전...,eatnerbus님의 블로그,blog.naver.com/eatnerbus,20260707,2026-07-07
[포켓몬 30주년] 서울토박이 살면서 성수 처음 가본날.....,https://blog.naver.com/ypsnk/224339257078,그냥 일단 카페로 피신함 더블하이트 갤러리카페 여기 좋더라구연 근데 대기가 오래걸릴거 같아서 서울숲 그냥 먼저 보러가자 하고 걸어가는데.. 진짜 오판이었음 ㅋㅋ 걷다가 좀 빡세서 버스 타려고 뙤양볕에...,귀챠니즘,blog.naver.com/ypsnk,20260707,2026-07-07
"대구 앞산 커리 맛집, 커리킹덤 데이트코스 추천",https://blog.naver.com/babykitty_/224339257112,금욜 저녁  오랜만에 방문했는데 역시나 맛있었다 ㅎㅎ 앞산에서 데이트할 식당 찾는다면 분위기도 좋아서 커리킹덤 강추 ! #대구데이트 #대구앞산맛집 #대구앞산카페 #대구커리킹덤 #대구커리맛집 #대구인도커리,babykitty_님의 블로그,blog.naver.com/babykitty_,20260707,2026-07-07
[수원][애견동반] 인계동 새벽1시까지 하는 감성카페 “런던”,https://blog.naver.com/m_artist_ss/224339257501,"수원에 온김에, 근처 주차가능한 반려견동반카페가 있나? 해서 찾아보다가 방문하게된 카페. #내돈내산 #런던수원인계점 #수원애견동반카페 #솔직후기 위치 | 경기도 수원시 팔달구 권광로 180번길 18-11 1층-2층...",해피한 일상 ૮ • ﻌ - ა,blog.naver.com/m_artist_ss,20260707,2026-07-07
"생활비 절약 체크리스트, 가계부에서 새는 돈 찾는 방법 7가지",https://blog.naver.com/you_dongkoun/224339257085,"핵심은 배달, 카페, 구독료, 쇼핑, 편의점, 카드값처럼 반복해서 새는 돈을 찾아 다음 달 예산을 바꾸는... 구분 예시 절약 난이도 고정지출 월세, 관리비, 보험료, 통신비 중간~높음 변동지출 식비, 배달, 카페...",you_dongkoun님의블로그,blog.naver.com/you_dongkoun,20260707,2026-07-07
울주군 카드단말기 포스기 설치 비용 정리,https://blog.naver.com/utczdiqsaqdd/224339256754,"울주군 역시 언양읍, 범서읍, 온산읍을 비롯해 다양한 상권이 형성되어 있으며 음식점, 카페, 병원, 약국... 음식점이나 카페, 병원, 약국에서 많이 사용됩니다. 반면 무선 방식은 이동이 자유롭다는 장점이...",요비포쓰01029283614,blog.naver.com/utczdiqsaqdd,20260707,2026-07-07
요즘 애들 여름휴가 어디로 가? 갓성비+스토리 다 챙긴 2026...,https://blog.naver.com/pjh5333/224339257013,소도시 특유의 고즈넉함과 힙한 로컬 카페들이 공존하는 곳이죠. 특히 오래된 양조장을 개조한 카페나 미술관 같은 곳은 요즘 친구들이 딱 좋아할 만한 스토리가 담긴 공간이에요. 두 곳 모두 올여름 가장 핫한...,해외여행 가본 사람들의 작은 비밀,blog.naver.com/pjh5333,20260707,2026-07-07
저를 소개합니다.,https://blog.naver.com/aiggum98/224339256712,"그리고 맛집•카페를 참 좋아하는 사람으로서 공유할 만한 식당이 있으면 포스팅 올려요. ""맛잘알이 될 거야"" 맛집 리뷰는 전부 내돈내산입니다. 믿고 보셔도 돼요!! 이전에 협찬, 광고 도전해보았지만, 제...",_,blog.naver.com/aiggum98,20260707,2026-07-07
도봉구 무인카페 제빙기 뒤 배수호스에서 물방울이 맺히던 새김,https://blog.naver.com/gghasugu/224339256369,"무인카페라 사람이 계속 지켜보는 공간도 아니었고, 바닥에 물이 흥건하게 고인 것도 아니라서... 무인카페는 일반 카페처럼 직원이 계속 바닥을 닦거나 기계 주변을 확인하지 않습니다. 손님은 커피를 뽑고...",.,blog.naver.com/gghasugu,20260707,2026-07-07
성북구 정화조청소 정찰제운영 종암동 정릉동 배관청소...,https://blog.naver.com/urgent11130/224339256416,특히 식당이나 카페 운영하시는 분들은 이런 작은 서비스 하나가 운영에 큰 차이를 만든다는 걸 느끼실 거예요. 굳은 기름때는 고압세척기로 말끔히 제거할 수 있다는 팁도 주셨죠. 이번 기회에 성북구...,코자핑설비 24시 하수구 뚫음,blog.naver.com/urgent11130,20260707,2026-07-07
거제도카페 I 디저트천국 르브뤼셀 거제본점 거제 커피머신...,https://blog.naver.com/meteora_bskn/224339257509,"커피머신 및 카페 장비 전문기업 메테오라 영남센터입니다. 오늘은 거제 커피머신 설치 현장으로, 거제를 대표하는 디저트 카페 르브뤼셀 거제본점의 리모델링과 함께 진행한 커피머신 기변 설치 후기를...",메테오라 영남센터 : 카페창업컨설팅 커피머신전문,blog.naver.com/meteora_bskn,20260707,2026-07-07
양산 비오는 날 실내데이트 개별룸 영화관 덕계 영화공장,https://blog.naver.com/rlduael11/224339255254,스크린 위치가 2층에서 보기에 좋을 듯했다 그라운드에서 바라보는 1층 룸 풍경 영화를 기다리는 동안 야외 공간에서 쉴 수도 있고 옆 건물로 올라가면 카페같이 꾸며놓은 공간에서 쉴 수도 있음 에어컨을...,베짱유리,blog.naver.com/rlduael11,20260707,2026-07-07
뮤디스 디지털피아노 88건반 MU-8H + 2인용 의자 세트...,https://blog.naver.com/plum17314/224339254954,"이렇게 더운 날씨에는 시원한 그늘에서 시간을 보내고 싶어지는데, 오후에는 친구와 함께 카페에서 iced coffee를 마시며 이야기를 나눴어. 여름의 따가운 햇살을 피해 시원한 음료를 즐기는 건 정말 소소한...",plum17314님의 블로그,blog.naver.com/plum17314,20260707,2026-07-07
@한성대입구역 교토감성 신상카페 / 푸린노모리,https://blog.naver.com/vnfskfka/224339255734,"한성대입구역 신상카페 - 푸린노모리 안녕하세요, 언틸지니입니다. 저희 집 코앞에 교토 감성 신상카페가 생겨 정말 오랜만에 블로그 작성해 보아요.☘︎ ݁˖ 카페글은 정말 몇달만인지 ... 다시 열심히...",언틸지니,blog.naver.com/vnfskfka,20260707,2026-07-07
부산 경성대역 미용실 추천 가벼운 미디움 레이어드컷에...,https://blog.naver.com/hayehw/224339199628,화이트와 따뜻한 원목 톤이 세련되게 어우러진 인테리어는 미용실이라기보다는 인스타 감성의 대형 카페에 온 것 같은 아늑한 기분을 선사해 주었답니다. 매장이 워낙 넓고 동선이 잘 나뉘어 있어서 손님이 제법...,쫄,blog.naver.com/hayehw,20260707,2026-07-07
지슈라2c 컴팩트 써보니 게이밍 마우스 후기,https://blog.naver.com/corne82543/224339255861,"카페에서 작업할 때도, 친구 집에서 게임할 때도 가볍게 챙겨갈 수 있어서 너무 편하더라고요. 4. 디자인과 마감, 뭐하나 빠지는 게 없어요. 화이트 색상이 질리지 않고 너무 예쁜데, 손에 착 감기는...",corne82543님의 블로그,blog.naver.com/corne82543,20260707,2026-07-07
6월 제주,https://blog.naver.com/lulukkim/224339255610,"늦게까지 하는 카페가 없어서 주변 투썸으로 들어갔는데 마침 상품권이 있다며 커피도 한나가... 잔치국수 좋아한다 했더니 냅다 한 양푼이 차려주는 친구는 얘 밖에 없다고요,,, 카페 '우리는'에 가보고 싶었던...",기록하는_킴,blog.naver.com/lulukkim,20260707,2026-07-07
BTS가 없을 땐 어떻게 다른 나라와 외교 했을까?,https://blog.naver.com/part-time_artist/224339255245,https://class101.net/ko/products/6899874f6363a1e04a74c075?viewMode=svod 자동차 여행 카페 'ROCK MASTER CLUB'에서는 나처럼 로드트립을 사랑하는 사람들과 만나 이야기를 모으고 있다. (텍사스 Snow's BBQ까지 갔다가 문 닫힌 걸 보고...,파티스트의 삶은 예술 Art your life,blog.naver.com/part-time_artist,20260707,2026-07-07
"한 코 한 코, 핸드메이드 코바늘 휴대혼 크로스백",https://blog.naver.com/hari_story/224339255072,"* 이런 점이 좋아요 * -가볍게 메기 좋은 미니 사이즈 - 손뜨개만의 따뜻한 감성 - 하나 하나 직접 제작한 핸드메이드 제품 - 산책, 여행, 카페, 장보기 등 다양한 일상에서 활용가능 * 주문 가능 시간...",hari_story,blog.naver.com/hari_story,20260707,2026-07-07
세계 도시 한달살기 정보 모음  01-도쿄 Tokyo,https://blog.naver.com/spiceup/224339255962,"화려한 명소 방문이 아니라, 아침마다 들른 편의점과 골목 끝 작은 빵집과 카페들, 지하철에서... 특히 소규모 식당이나 재래시장, 오래된 카페에서는 카드를 받지 않는 곳이 많다. 첫날 밤, 피곤하더라도...",spice up your life!!,blog.naver.com/spiceup,20260707,2026-07-07
해운대 웨이팅 주차 괜찮았던 솔찍후기 음슴체로 남겨봄,https://blog.naver.com/reform99981/224339255526,처음 계획은 간단하게 먹고 카페 가는 거였는데 조개구이 먹다 보니까 아쉬워서 다른 메뉴도 궁금해졌음. 이렇게 계획이 바뀌는 날이 가끔 있는데 이날은 바뀌길 잘했다 싶었음^^. 추 가한 메뉴까지 먹으니까...,Blondie,blog.naver.com/reform99981,20260707,2026-07-07
상간소송 원고 항소 기각? 새로운 증거나 법리 변경이 없다면...,https://blog.naver.com/lawonjo/224339256222,단골 카페에 가던 중 여사장인 A 씨와 친해지면서 연인으로 발전하였습니다. 몇 개월 간 달콤한 만남을... 또한 여사장과 대화를 시작한 기록과 카드 결제 내역을 통해 처음 카페에 방문한 시기를 뚜렷하게...,이름에 담긴 온기로 함께하는 [법무법인 온조],blog.naver.com/lawonjo,20260707,2026-07-07
오랜 전통과 첨단 기술을 모두 갖춘 안동열쇠 전문점...,https://blog.naver.com/ebmudassjvnk/224339255598,"오랜 시간동안 한 곳에서 성실하게 실력을 쌓아온 만큼, 공식 블로그와 카페도 적극적으로 운영하고 있어요. 수많은 시공사례나 보안 정보, 관리 팁까지 자주 업데이트 되니 정보 습득에도 딱이랍니다....",ebmudassjvnk님의 블로그,blog.naver.com/ebmudassjvnk,20260707,2026-07-07
[김포] 시바노우치 | 김포 핫플 아기시바 카페 내돈내산 방문...,https://blog.naver.com/h_du_21/224339255575,아가 시바가 엄청 많은 김포 핫플 시바노우치 카페에 다녀왔습니당ㅎㅎ 시바노우치 경기 김포시 김포한강9로75번길 142 201호 ⏰ 매일 11:00-22:00(매주 화요일 휴무) ️ 강아지 휴식 시간 13:00-14:00 16:00-16:30 18:30-19...,오늘의 현뚜기,blog.naver.com/h_du_21,20260707,2026-07-07
"제주 파르나스 호텔 돌아기와 호캉스 후기｜객실, 수영장...",https://blog.naver.com/oneloveqq/224339256178,파르나스호텔수영장아기랑 #제주도호캉스아기랑추천 #제주도호캉스호텔 #제주도호캉스돌아기 #파르나스호텔수영장후기 #파르나스호텔패밀리라운지 #파르나스호텔키즈카페 #파르나스호텔아이랑,엘리샤의 제주라이프♩,blog.naver.com/oneloveqq,20260707,2026-07-07
"광교 애견동반 카페 추천, 크레마일에서 반려견과 힐링 데이트",https://blog.naver.com/bbangyi_/224339255652,"오늘은 강아지 2마리와 함께 갈 집 근처 애견동반 카페를 서치하던 중, 귀여운 싼초가 있는 크레마일이라는 카페를 발견했어요 광교 애견동반 카페 “크레마일”에 다녀온 솔직후기입니다 ✨ 위치 경기 수원시...",둥둥이의 솔직리뷰,blog.naver.com/bbangyi_,20260707,2026-07-07
오랜만에,https://blog.naver.com/thor_r/224339255150,바로 카페를 가버린다 집으로 가면 일을 안하기때뭉 그래서 회사근처 늦게까지 하는 밖이 뚫린 카페 가서 일을 한다 밤 열한시 열뚜시 마감하는? 요새 늦게까지하는 카페가 업서요 사장님 직원분 워라벨...,야 나랑놀자 나랑마쎠,blog.naver.com/thor_r,20260707,2026-07-07
성수동 카페 스탠드업플리즈 에스프레소바,https://blog.naver.com/unchanging_on/224339255594,"서울숲 내 카페갈까 하다가 바로 성수동 고! 성수동에서 제일 유명한듯한 카페, 늘 지나갈때마다 사람많고 자리없는 이 곳. 카카오맵만 보고 야외자리가 있어 왔더니 거기가 여기였다! 빠밤. 여전히 줄서서...",보더콜리보다 산책많이하는 블로거 문더콜리 솔직후기,blog.naver.com/unchanging_on,20260707,2026-07-07
(7.1-7.5) 이빨 빠진 애의 하루 / 침실을 어째야 하나 / 밀레...,https://blog.naver.com/sungeunbboz/224339255649,많아서 카페를 찾고 있었다. 날이 더워 강토 산책도 힘들고 해서 정봄 없이 갈 수 있는 애견카페를 찾았다. 오늘도 마찬가지로 세차장을 방문했는데… 나는 괜찮은 줄 알았지만 저 입구에 들어서는 순간 물이 막...,망고와 건망고와 건승하는망고,blog.naver.com/sungeunbboz,20260707,2026-07-07
"대구 향수공방 여름에 어울리는 우디 향수, 대표 우디 향료...",https://blog.naver.com/jsy801220/224339255782,"이번 주말데이트는 카페, 영화 말고, 커플 여름향수 만들기 어떠실까요? 긴 글 읽어주셔서 감사합니다. #대구향수공방 #대구향수만들기 #대구데이트 #대구실내데이트 #대구앞산데이트 #향수공방 #향수만들기...",As I am♡,blog.naver.com/jsy801220,20260707,2026-07-07
김해 장수촌 두부마당  방문 후기,https://blog.naver.com/tomato9146/224339255039,김해솥밥 #솥밥정식 #김해점심맛집 #김해가족외식 #김해현지인맛집 #김해밥집 #김해순두부맛집 #김해맛집추천 #건강한한끼 #김해식사추천 #김해맛집블로그 #아이스아메리카노 #김해카페 #일상후기 #김해생선구이,김해 외동부동산,blog.naver.com/tomato9146,20260707,2026-07-07
부천 소사 매장철거업체 상가 사무실 무료견적 받아보는법,https://blog.naver.com/nucountry/224339255064,"예를 들어 치킨집은 기름기가 많은 주방 설비와 닥트 제거가 핵심이고, 스터디카페는 수많은 칸막이 벽체를 해체하는 노하우가 필요해요. 물류업체나 공장 같은 경우엔 대형 설비 철거 장비가 필수고...",⭐오늘도화이팅⭐,blog.naver.com/nucountry,20260707,2026-07-07
"[동탄 공유 오피스]제6화, 동탄 공유 오피스 어디가 좋을까?...",https://blog.naver.com/kjh19893/224339256132,동탄 북광장은 - 식당 - 카페 - 은행 - 병원 - 버스 노선 등 생활 인프라가 잘 갖춰져 있어 업무하기 좋은 환경으로 평가받고 있습니다. 드림캐쳐스 화성 동탄점만의 차별화 포인트 ✔ 건물 내 무료주차 ✔ 개별...,공유오피스드림캐쳐스화성동탄점,blog.naver.com/kjh19893,20260707,2026-07-07
우드 트레이 만들기,https://blog.naver.com/kwjw101709/224339255823,우드 타일 트레이 완성이에요! 너무 만족한 나만의 트레이에 맛있는 디저트와 커피를 올려서 감성있게 먹을꺼에요^^ #우드트레이 #우드접시 #카페트레이 #나만의트레이 #DIY트레이만들기,소소한 일상이 빛나길 ✨️,blog.naver.com/kwjw101709,20260707,2026-07-07
간전면 중대리 계곡 도로변 팬션.카페.전원주택용 전....,https://blog.naver.com/speedkrkr/224339256353,"총3,425m2(1,000)이 가용면적이네요 물론 도로점용허가를 받아야 겠지요 큰계곡과 힐링숲공기의 팬션.카페.전원주택을 추천합니다. 불법건축물은 없네요 매매1억8,000만원(29.5만원)입니다. 동영상을 보시면...",순천보석공인중개사010-9472-4474,blog.naver.com/speedkrkr,20260707,2026-07-07
슬로울리 콜드브루 원액으로 즐기는 다양한 커피 맛,https://blog.naver.com/futsukata198530/224339255418,"이 제품은 디카페인 옵션을 포함해 여러 가지 맛을 선택할 수 있어, 다양한 취향에 맞는 커피 음료를... 1리터 대용량으로 제공되어 홈카페를 즐기거나 손님 초대 시 편리합니다. 디카페인 옵션도 있어 카페인...",futsukata198530님의블로그,blog.naver.com/futsukata198530,20260707,2026-07-07
입에서 사르르 녹는 눈꽃 망고빙수! '카페네프' 내돈내산 방문 후기,https://blog.naver.com/yu29233/224339256308,"여수 출장길에 시원한 디저트가 생각나 방문한 유탑마리나호텔 1층 '카페네프' 내돈내산 후기를... 외부 'Café Neuf ROASTERY SHOP'이라는 영문 간판과 함께 '매일 아침 빵 굽는 카페', '커피콩 볶는 집'이라는...",공장반장님의 블로그,blog.naver.com/yu29233,20260707,2026-07-07
"대구 가구백화점 우아미가구 가구다움, 신혼&입주 가구 준비 한...",https://blog.naver.com/jebuk1205/224339256153,이 블루 톤 패브릭 소파는 벽면의 미니멀한 액자와 어우러져서 세련된 카페 같은 무드를 연출하고 있었어요. 우아미가구 가구다움 내부를 돌다 보니 확실히 신혼부부나 입주가구를 준비하는 분들이 왜 필수로...,⠀,blog.naver.com/jebuk1205,20260707,2026-07-07
2026 스타벅스 썸머 무료음료 쿠폰 2종 발급일 유의사항...,https://blog.naver.com/bellejulia_/224339255194,"인기 아이스 음료 무료 (Tall 사이즈 기준) 대상 음료: 아이스 카페 아메리카노, 아이스 카페 라떼, 아이스 바닐라 라떼 중 택 1. 꿀팁: HOT 음료로 변경 가능하고 블론드/디카페인/1/2디카페인 옵션도 변경...",홍대리의 여행 지도,blog.naver.com/bellejulia_,20260707,2026-07-07
시작 .. ♀️♂️,https://blog.naver.com/kodoeunn/224339256198,서영이랑 은진언니랑 점심 먹고 카페 가서 수다 떨기 6 시간 순삭 양파를 이겨내는 법 요새 빠진... 준 카페라떼 ↕️ 나에게 오랜만에 셀프 선물을 .. 수연언니랑 제이 데리고 카페 ~ 서영이랑 후추 소금 데리고...,In Jeju,blog.naver.com/kodoeunn,20260707,2026-07-07
양양 낙산사 주차장 꿀팁과 휴휴암 코스 7월 폭염 피하는 완벽...,https://blog.naver.com/this-info/224339255724,휴식: 이후 인근의 '컨센트릭' 같은 대형 오션뷰 카페로 이동하세요. 층고가 높고 에어컨이 빵빵한 실내에서 바다를 바라보며 마시는 아이스 아메리카노는 진정한 휴가의 완성입니다. 자주 묻는 질문 (FAQ) Q1....,오늘의 정보 픽(Pick),blog.naver.com/this-info,20260707,2026-07-07
가능한 - ! 삼척 ; 도래하다,https://blog.naver.com/chonly_/224339256170,안춥나 …… 기분 너무 좋은것임 바다 사진 정말 많이 찍어왔다 나중에 바닷가에서 책방 겸 카페 운영하고 늙고싶다 가능한 모임 고등학교때부터 지금까지 꺄르르 하며 놀 수 있어서 너무 감사하다 나는 우리가...,holychony_,blog.naver.com/chonly_,20260707,2026-07-07
[당진 원어민 영어회화/읍내동 원어민 영어회화]...,https://blog.naver.com/berkeleybangmary/224339254997,"롤플레이를 통한 실전 잡 인터뷰 대비 화상영어를 활용하면 카페, 레스토랑, 호텔 등 본인이 희망하는 직종에 맞춘 가상 인터뷰를 무한 반복할 수 있습니다. 선생님이 면접관이 되어 압박 질문을 던지는...",버클리원어민영어회화,blog.naver.com/berkeleybangmary,20260707,2026-07-07
"제니가 선택한 샤넬 볼링백 레드, 실물 후기와 스타일링",https://blog.naver.com/causald13546/224339254906,그래서 자연스럽게 오늘도샤넬 카페를 자주 보게 됐습니다. 매장 입고 소식부터 신상 사진과 실물... 저 역시 이번 샤넬볼링백 정보를 오늘도샤넬 카페에서 많이 참고했고 덕분에 선택하는 데 도움이 됐습니다....,호..호.....호박고구망,blog.naver.com/causald13546,20260707,2026-07-07
"Financial Times US Tuesday, July 7, 2026  |  US Edition",https://blog.naver.com/simplebest303/224339256354,"Page 1 — Front Page 'Battle in the sky' will decide course of Ukraine war, Zelenskyy warns Putin / 제렌스키, ""하늘에서의 전투""가 우크라이나 전쟁의 향방을 결정할 것이라고...",simplebest303님의 블로그,blog.naver.com/simplebest303,20260707,2026-07-07
"외국인과 눈 마주치는 것도 부담이었는데, 지금은 먼저...",https://blog.naver.com/englishdream_/224339254203,"카페나 길에서 외국인이 말을 걸면 짧게 대답하고 빨리 상황이 끝나길 바랐습니다. 사실 무례하게... 자기소개하기, 하루 일과 말하기, 카페에서 주문하기, 길 묻고 답하기, 처음 만난 사람과 가볍게 인사하기처럼...",English Dream,blog.naver.com/englishdream_,20260707,2026-07-07
아이가 좋아하는 물병 그린핑거 베베그로우 포켓몬 텀블러,https://blog.naver.com/melonheads/224339254260,"주말이면 나와 늘 카페에 가는데 이브이 텀블러 챙겨와서 자기 음료는 여기에 담아두는 모습이 너무 웃겼다. 아이가 편하게 사용하는데다 디자인까지 마음에 쏙 들었나보다. 학교, 유치원, 어린이집 물병으로...",키위새의 달콤한 이야기,blog.naver.com/melonheads,20260707,2026-07-07
"슬픔이 주는기쁨,알랭 드 보통,에세이 추천",https://blog.naver.com/shinestarjk/224339253678,슬픔이 주는 기쁨 알랭 드 보통2012청미래 자주 가는 카페에 쌓여있는 책 중에서 제목이 눈에 띄어 골랐다. 10년 후인 2022년에 새로 개정될 정도로 인기를 끌었던 알랭 드 보통의 에세이 <슬픔이 주는 기쁨>은...,나의 친애하는 책들,blog.naver.com/shinestarjk,20260707,2026-07-07
2026 Prague 맛집/카페 Top 6,https://blog.naver.com/jjunger/224339254476,하고 잊기전에 프라하 맛집 기록해보자 Eska Restaurant and Bakery 프라하의 성수동이라는 #카를린지구 에 있는 브런치카페 #eskarestaurant 미슐랭 빕구루망에 선정되었다고 한다. 내부에 사람 진짜 많았으나.....,Mare,blog.naver.com/jjunger,20260707,2026-07-07
"먹고, 뛰고, 사랑하고",https://blog.naver.com/dltmfdk1004/224339254551,오랜만에 카페 ! 공구거리에 생겼던 vase 이 공간 좋았는데 미각이 안돌아왔던터라 맛이 잘 기억이... 그리고 디드까지 들려줘야 최고의 코스라고 할 수 있지 집에 가는 길에는 을목이라는 식물카페에 들러서...,All of my life,blog.naver.com/dltmfdk1004,20260707,2026-07-07
잘 먹고 돌아다니는 어느 여름날의 기록,https://blog.naver.com/asdflkjh773/224339254426,근처 카페 여기 망고케이크가 ㄹㅇ 도른맛임 밥먹고 갔음에도 순식간에 하나 다먹고 둘다 하나 더... 집 근처 최애 브런치카페 ~ 혼자 브런치 때리고 주변 산책하던 중에 너무 예쁜 집을 발견했다 ! 남의...,M_log,blog.naver.com/asdflkjh773,20260707,2026-07-07
[삼척/여행] 7월 1박2일 4명 여행 후기 (장호항 스노쿨링...,https://blog.naver.com/mainmo/224339254369,근처 카페에서 시간 보내고 카페오다가 우연히 들린 문구점에서 말랑이랑 왁뿌볼 겟 영크크 체험 하기 전 이런거 심드렁해서 왜 하는 지 알겠다~~~ ㅇㅋㅇㅋ 충족 완 안에는 뭐 들었을까?? 잘라봄 ㅇㅋㅇㅋ 해결...,마피아인더모닝,blog.naver.com/mainmo,20260707,2026-07-07
[리뷰] 빵집 갈 필요 없는 신라명과 오갓빵 깨찰빵! 바쁜 아침...,https://blog.naver.com/mintribbon02/224339254647,내돈내산리뷰 #간단한아침 #아침메뉴추천 #아이간식 #아이간식추천 #남편취향저격 #든든한아침 #바쁜아침 #홈베이킹 #홈카페 #에어프라이어베이킹 #에어프라이어빵 #겉바속촉 #갓구운빵 #간단한베이킹,건강하고 행복하고 능력있게 그리고 늘 감사.,blog.naver.com/mintribbon02,20260707,2026-07-07
멀미약 먹어야 할까? 통영 비진도 배편 시간 총정리,https://blog.naver.com/travelmaker-/224339254762,"궁금한 점 있으면 댓글 남겨주세요~ 함께 보면 좋을 글 ▼통영 오션뷰 카페 추천 : 나나의주전자▼ ▼통영중앙시장 회포장 후기▼ """" ▼또바기 반다찌 찐 후기▼",여행을 만드는 트래블메이커,blog.naver.com/travelmaker-,20260707,2026-07-07
"[용인카페]고기리막국수 옆, 시원한 뚝배기 빙수가 있는 ""흥만소...",https://blog.naver.com/kkimminjiiii/224339254623,쌀 베이커리카페 흥만소 주소 : 경기 용인시 수지구 이종무로 153 단독건물 하얀집 ⏰️영업시간 월 ~ 금... 고기리 신상 카페 흥만소 방문 후기를 들려드릴게여! 막국수 먹고 시원한 디저트 하나 먹어줘야지요?...,초싸이언,blog.naver.com/kkimminjiiii,20260707,2026-07-07
문래맛집 브런치 맛집 [솔트앤페퍼] 평일 방문 후기,https://blog.naver.com/leeeee88/224339253644,"좋아용 :) 카페로도 운영중이기에 커피, 음료, 와인, 맥주 다양하게 판매한다 식사 후 카페에 갈 예정이라 사이다로 주문~ 매장 내부 2명의 직원분이 계셨고 아담하지만 깔끔하고 느낌있게 장 정돈되어 있었다!...",찐빵이 블로그,blog.naver.com/leeeee88,20260707,2026-07-07
프럭스F 휴대용 냉각 선풍기 목걸이형으로 여름 내내 시원하게...,https://blog.naver.com/oawzfbblxsz/224339253792,실제로 써보니까 이렇더라 밖에서 산책하거나 카페 갔을 때 진짜 유용했어요. 8ms 태풍 같은 바람이 목 주변을 시원하게 해줘서 무더운 날에도 견디기 훨씬 수월했거든요. 펠티어 냉각 기능 덕분인지 바람...,내일도소심록,blog.naver.com/oawzfbblxsz,20260707,2026-07-07
"냅킨 한 장의 인격학, 테이블 위 흔적이 말해주는 잔고의 비밀",https://blog.naver.com/bbode010/224339254226,우리는 카페나 식당에서 주변 사람들의 사소한 손짓 하나로 그 사람의 온도를 단숨에 읽어내는 기묘한... 공동체 카페입니다. 표류하는 시대 속에서 진리와 본질을 향해 함께 이끌고 밀어줄 성숙한 동반자가...,이상욱 관점TV_삶과 일 연구소,blog.naver.com/bbode010,20260707,2026-07-07
중국 상해 여행 카페 헤이티 Heytea 메뉴 추천/주문 방법,https://blog.naver.com/miiiiig-/224339254544,상해 2주 살이 하는 동안 가 본 카페들 모아서 리뷰하려다가 너무 길어질 것 같아 내 기준 상해 있는... 컵 귀여우니까  #상해여행 #상해카페 #상해카페추천 #상해헤이티 #상해heytea #상해헤이티메뉴추천...,미미미밍 ♥,blog.naver.com/miiiiig-,20260707,2026-07-07
500평 규모 하남공유오피스 1인실 가격 및 투어 후기...,https://blog.naver.com/wlgml3237/224339253740,"카페형 업무 라운지는 채광이 굉장히 좋아서 하루 종일 있어도 답답함이 없었고, 자유롭게 자리... 카페처럼 편하게 이용 가능하고 커피·차·우유·시리얼 무한 제공해주니까 간식비용을 세이브하겠더라구요!...",#희릿블로그,blog.naver.com/wlgml3237,20260707,2026-07-07
"메가커피 여름 신메뉴 3종 후기 전, 멋쟁이 토마토 스무디부터...",https://blog.naver.com/fortune537/224339254275,"이색 카페 신메뉴 유의 사항: 토마토 맛 선호도에 따라 호불호 가능 토마토를 활용한 음료는 흔하지... 상황 카페에서 간단히 배를 채우고 싶을 때 추천 조합 토마토 스무디, 포도녹차 젤리 크러쉬, 아메리카노...",내가 보는 세상,blog.naver.com/fortune537,20260707,2026-07-07
여행 가면 슈퍼마켓부터 들러야 하는 이유,https://blog.naver.com/sejun910/224339254353,"유명한 맛집도 아니고, 전망 좋은 카페도 아니다. 바로 그 나라의 슈퍼마켓이다.  요즘 해외에서는 이런 여행 방식을 ‘grocery store tourism’이라고 부르기도 한다. 말 그대로 여행지에서 현지 마트나...",루크코딩,blog.naver.com/sejun910,20260707,2026-07-07
고야 시그니처 스튜디오 -  메이크업 후기,https://blog.naver.com/ddueismondle/224339254578,"다이렉트 통해서 결혼준비하면 좋은점 ↓ 계약 내용, 견적 궁금하신 분들은 비밀댓글로 이메일 남겨주세요 ₍๐•ᴗ•๐₎ 다이렉트 결혼준비 : 네이버 카페 다이렉트 결혼준비 : 네이버 카페...",:D,blog.naver.com/ddueismondle,20260707,2026-07-07
"부산 카페 마케팅, 2026년 지금 뭘 하면 되는지 정리",https://blog.naver.com/werwe10/224339254561,"카페를 운영하다 보면 마케팅이 필요한 건 알겠는데, 정작 오늘 뭘 먼저 손대야 할지 막막할 때가 많습니다. 부산 카페 마케팅을 검색해봐도 대부분 왜 해야 하는지까지만 알려주고, 정작 지금 뭘 하면 되는지...",WIRA DAILY,blog.naver.com/werwe10,20260707,2026-07-07
"동탄에서 찾은 보물 같은 곳, 그린네일에서 손끝에 생기를...",https://blog.naver.com/man71031/224339254133,"내부는 화이트톤을 바탕으로 밝고 따뜻한 느낌을 주었고, 아기자기한 소품들과 식물들이 곳곳에 배치되어 있어서 마치 예쁜 카페에 온 듯한 느낌을 받았답니다. 각 자리마다 충분한 간격이 있어서 다른 사람...",루루의 작은 세상,blog.naver.com/man71031,20260707,2026-07-07
청주 감자탕 맛집 봉명동 배가네묵은지감자탕 점심 맛집 추천,https://blog.naver.com/vvip34/224339226116,BM 볼링라운지 카페와 함께하는 이벤트도 있으니 체크! 내부 내부에는 유명인들의 싸인까지 있어서 청주 대표 맛집 인증! 혼밥 하시는 분들도 많고 모임 하시는 분들도 많아요! 청주 봉명동 모임...,제이의 탐구,blog.naver.com/vvip34,20260707,2026-07-07
정수기설치 알카리 이온수기 고민 전 체크할 점,https://blog.naver.com/qufrjfek10/224339253764,"얼마 전 수영을 다녀온 뒤 같이 운동하는 분들이랑 카페에 들렀어요. 팥빙수를 먹으면서 이런저런 이야기를 나누고 있었는데, 그때 자연스럽게 이온수기 이야기가 나왔습니다. 처음에는 그냥 건강에 관심 많은...",소다자매 리얼육아,blog.naver.com/qufrjfek10,20260707,2026-07-07
제주도구좌읍 청굴물 제주용천수 멋짐,https://blog.naver.com/bl85219/224339254779,식당이나 카페로도 운영하는 집들도 있습니다. 앞쪽으로 이동해 보면 몇 개의 주차장이 있는 동그란 모양의 건물이 보이는데 이곳은 카페로 운영하는 건물입니다. 그래서 그런지 건물 앞에 있는 주차장은 카페...,프림커피의 달달한 세상,blog.naver.com/bl85219,20260707,2026-07-07
[창원 국제 바리스타 자격증] 호주 워킹홀리데이☆ 필수 스펙...,https://blog.naver.com/eses9338/224339254434,"저처럼 호주 워킹홀리데이를 준비하면서 카페 알바, 바리스타 잡을 목표로 하시는 분들을 위해 생생한... 호주 카페에 이력서(Resume)를 낼 때 엄청난! 무기!가 됩니다! 창원에서 이 SCA 수업을 제대로 들을 수...",토마스,blog.naver.com/eses9338,20260707,2026-07-07
스마트폰 영상 편집 초보자라면 꼭 알아야 할 카테고리별 필수...,https://blog.naver.com/korean_ks_news/224339254193,"부산 망미동에서 즐거운 배움의 공간을 만들어가는 스토리 카페입니다☕ 혹시 영상편집을 시작하고... 시간, '스토리 카페' 에서 함께 해요! 개강일: 7월 11일(토) 주말 밀착반 (선착순 10명 소수 정예 마감)...",스토리 카페,blog.naver.com/korean_ks_news,20260707,2026-07-07
아산정수기렌탈 추천! 아산얼음정수기렌탈 가격 비교부터 설치...,https://blog.naver.com/lesson11208/224339253657,"병원, 카페, 학원 등에서도 정수기 렌탈 문의가 꾸준히 이어지고 있습니다. 오늘은 아산에서 정수기... 신혼부부 냉온정수기와 얼음정수기의 만족도가 높으며 홈카페를 즐기는 분들에게 특히 추천됩니다....",교묘한살기,blog.naver.com/lesson11208,20260707,2026-07-07
아웃백스테이크하우스 효자점:   전주 아웃백 평일런치 후기...,https://blog.naver.com/brandnewego/224339254652,밥먹고 카페 갈필요 없이 모임 한번에 마무리 할 수 있음ㅋㅋㅋㅋ 사실 아웃백가면 비싸니까 뽕뽑으려고 꿀팁 야무지게 써먹었는데 막상 계산해보니!!! 꿀팁6. 제휴 통신사 할인 까지 받아서 4명이서 10만 8천원...,계란마리 천리간다,blog.naver.com/brandnewego,20260707,2026-07-07
업소용으로 샀던 아이스크림 매대 후기,https://blog.naver.com/leetrip4171/224339254693,이런 분들이 사용하면 좋을것 같아요  추천 대상 • 소규모 카페나 아이스크림 가게 운영자 • 편의점·슈퍼에서 한쪽 코너에 간단히 진열하려는 분 • 이벤트용/팝업스토어 등 임시 진열이 필요한 분...,건강하고 행복한 삶,blog.naver.com/leetrip4171,20260707,2026-07-07
밀양 성인 일본어 회화 주부 왕초보 일대일 JLPT 기초 여행 과외,https://blog.naver.com/rtlabour/224339254451,"예를 들어, 일본어로 자기 이름 소개하기 숫자 읽기 카페에서 주문하는 표현 익히기 감사 인사 자연스럽게 말하기 이런 작은 목표를 하나씩 달성하는 것이 오래 공부하는 비결입니다. 밀양 성인 일본어 학습자의...",아리가또,blog.naver.com/rtlabour,20260707,2026-07-07
청주맛집 플루이드팩토리,https://blog.naver.com/bombom_1234/224339254731,"메뉴와 카페 음료를 함께 즐길 수 있는 곳입니다. 넓고 쾌적한 실내와 감각적인 인테리어, 야외... 식사부터 카페 이용까지 한 번에 즐길 수 있습니다. 대표 메뉴인 명란오일 페투치네는 명란과 새우, 루꼴라가...",행운봄봄,blog.naver.com/bombom_1234,20260707,2026-07-07
대연동 키즈카페 대관｜아이도... 쉴 수 있는 꼬망무인키즈카페,https://blog.naver.com/bestyhs87/224339254355,"부산 남구 키즈카페 찾는다면 주목! 대연동 키즈카페 대관이 가능한 꼬망무인키즈카페에서 가족들과 프라이빗하게 2시간 동안 즐기고 왔어요.  정글짐, 트램펄린 등등 다양한 장난감과 어른들을 위한...",쌔리팡팡,blog.naver.com/bestyhs87,20260707,2026-07-07
교통비 반값 타먹는 K패스 카드 비교 가이드: 연회비와 전월...,https://blog.naver.com/jjeonnyyee106/224338993629,"편의점, 카페, OTT 구독료 등 청년 대중교통 환급 외에도 실생활에서 돌려받을 수 있는 금액의 한도가... 내가 자주 가는 편의점 브랜드, 주로 마시는 카페, 이용 중인 OTT 구독 서비스 등이 카드사 할인 영역과...",쩌녜의 블로그,blog.naver.com/jjeonnyyee106,20260707,2026-07-07
부평 단체 술집  뷰가 죽이는 프라이빗한 대형 룸술집,https://blog.naver.com/zecy12/224338374025,요즘 카페도 룸으로 되어 있고 식당도 룸으로 되어 있고 술집도 룸으로 되어 있어 지인분들과 술한잔 하기에는 딱 좋은것 같은 술집이네요 부평 에서 룸술집 제가 알기로 두개 정도 있는데 저는 두개다 다녀 와...,포토제이일상,blog.naver.com/zecy12,20260707,2026-07-07
후쿠오카 오호리공원 카페 스타벅스 오호리공원점 메뉴 굿즈 후기,https://blog.naver.com/topis_/224339253287,오호리공원 카페 스타벅스 오호리공원점 메뉴 굿즈 후기 후쿠오카 여행 시에 오호리 공원에 갔을 때 너무 더워서 간단하게 사진만 찍고 바로 오호리공원 입구 쪽에서 가깝게 위치하고 있는 오호리공원 카페...,블로그하는남자,blog.naver.com/topis_,20260707,2026-07-07
파리 여행 패키지 선택 후 달라진 나의 일정 관리법,https://blog.naver.com/dlw2gcro/224337942083,"저는 이를 막기 위해 중간중간 카페나 공원에서 잠시 쉬는 시간을 꼭 넣었어요. 파리는 맛있는 빵집과 카페가 많아서 짧은 휴식도 즐거웠고, 몸도 한결 가벼워졌답니다. 또 식사 시간도 정해져 있지만 때때로...",태평양 취미공간,blog.naver.com/dlw2gcro,20260707,2026-07-07
인천 부평구 누수 베란다 우수관 누수 전문 업체,https://blog.naver.com/plclw7976/224338094596,"누수 문제의 심각함 최근 친구와 카페에서 차를 마시던 중, 천장에서 물방울이 떨어지는 경험을 했어요. 테이블 위에 놓인 핸드폰이 젖는 바람에 당황스러웠죠. 작은 물방울이지만 소중한 기기를 손상할 수 있는...",마음의 서재,blog.naver.com/plclw7976,20260707,2026-07-07
하이쉬 무소음 뽀모도로 타이머 공부 시계  1개  화이트,https://blog.naver.com/nihjf464344/224338585314,"오전에는 카페에서 책도 읽고, 오후에는 공원에서 산책을 하면서 자연을 만끽했죠. 이렇게 여름의 기운을 느끼면서도 집중할 수 있는 시간이 필요할 때, 하이쉬 무소음 뽀모도로를 활용해 보기도 했어요. 작은...",nihjf464344님의 블로그,blog.naver.com/nihjf464344,20260707,2026-07-07
루프탑 포토스팟 SUGARBAR카페 (糖房咖啡 찾아가는 방법❗️),https://blog.naver.com/gmlfks0922/224339252543,루프탑 후통뷰 SUGARBAR카페 糖房咖啡 숙소에서 그리 멀지 않은 거리이기에 공용 자전거를 타고... 우리가 가야할 곳은 카페 커피를 마셔줘야겠죠. 3. (什刹海)스차하이 구경 가는 골목길 중간에 기념품을 살 수...,소소한 일상 | 중국 여행 꿀팁!,blog.naver.com/gmlfks0922,20260707,2026-07-07
나고야 아침은 이렇게 먹어야죠! KAKO(카코 커피하우스)...,https://blog.naver.com/sanghan1990/224339252876,"처음 들으면 살짝 낯설지만, 막상 먹어보면 “아, 이래서 나고야 사람들이 아침에 카페를 가는구나” 싶어지는 메뉴입니다. 이번에 다녀온 곳은 나고야 로컬 카페 감성이 가득했던 Coffee Shop KAKO...",페어리스 글로벌 리뷰&노트,blog.naver.com/sanghan1990,20260707,2026-07-07
석촌호수 디저트 맛집 찾았다! 티그레 끝판왕 멜랑쥬 방문 후기,https://blog.naver.com/soyul___/224339253006,프랜차이즈 카페는 많지만 정말 정성스럽게 만든 수제 디저트를 만날 수 있는 곳은 생각보다 많지... 요즘 흔히 볼 수 있는 화려한 인테리어 카페와는 다르게 조용하고 차분한 느낌이라 디저트 자체에 집중하게...,소율이의 냠냠일상,blog.naver.com/soyul___,20260707,2026-07-07
스토케 공식 카페 오픈! 트립트랩 캐시미어 그레이 증정 이벤트...,https://blog.naver.com/cnr0817/224339253005,돌돌트의 신규컬러 출시와 공식카페 오픈 소개해드리려고해요. 이번에 트립트랩의 새로운 컬러인... 스토케 트립트랩 네이버 공식카페 오픈!!!❤️ ✅캐시미어 그레이 이벤트 참여 기간 2026.06.09~2026.07.08,CHOI's lovely happy life,blog.naver.com/cnr0817,20260707,2026-07-07
여름에 어울리는 꽃 비즈 팔찌 추천 아이템 코디,https://blog.naver.com/hek20/224338987030,주말에 카페 갈 때나 가벼운 나들이 때 이만한 포인트 아이템이 없더라고요. 야외 테라스에서 커피 마실 때 슬쩍 손목 보면 반짝이는 게 진짜 귀여워서 기분이 좋아져요 ㅎㅎ 가지고 있던 실버 팔찌나 반지랑...,어디든지 달려가는 블로그이야기,blog.naver.com/hek20,20260707,2026-07-07
오키나와 나하시 킷사텐 카페_Ocha Yume,https://blog.naver.com/minightfall/224339253523,"킷사텐 카페 'OchaYume(오차유메)' 08:00 ~ 18:00까지 운영한다. 매주 일요일은 휴무 날이다. ❕#내돈내산 / 현금 결제만 가능 오키나와 마키시 시장 입구 초입에 위치한 킷사텐 카페, 알록달록한 문 그리고 가파른...",minightfall,blog.naver.com/minightfall,20260707,2026-07-07
치앙마이 여행 중 괜찮다는 평 많았던 허그 님만 호텔,https://blog.naver.com/hellooo2025/224338147491,외부 식사를 원하더라도 주변에 조금만 걸어가면 이른 아침부터 문을 여는 브런치 카페들이 많아서... 수영장 카페들이 많아 아쉬움을 달래기 괜찮다는 후기가 많았어요.  피트니스룸 : 규모가 크진 않지만...,트로피컬 말레이시아 여행노트,blog.naver.com/hellooo2025,20260707,2026-07-07
유기농 재료로 만든 건강한 빵과 커피,https://blog.naver.com/ggdcndapkr/224339251790,유기농 빵과 카페의 매력 구산역 근처에 위치한 베이커리 카페는 유기농 재료로 만든 다양한 빵과 커피를 제공합니다. 이곳은 외관부터 민트색 어닝과 아치형 창문으로 시선을 사로잡습니다. 입구에는 꽃 화분과...,한낮의 여백,blog.naver.com/ggdcndapkr,20260707,2026-07-07
고양 대형 카페 북한산 뷰 폰테 솔직 후기 주차 팁,https://blog.naver.com/everything_is_manman/224337032881,"북한산 계곡뷰 대형카페 폰테, 커피도 베이커리도 맛있다 폰테 주소 경기 고양시 덕양구 동송로 63... 대형 카페, 폰테를 다녀왔다. ""where stories begin, where coffee flows""라는 문구답게 스토리와 커피가 어우러진...",비타와 딩딩의 하루,blog.naver.com/everything_is_manman,20260707,2026-07-07
"정부지원 산후도우미 신청 방법과 본인 부담금, 지원금액...",https://blog.naver.com/uniji_/224339252609,"전달해보려고 합니다 지인 추천이나 맘카페 추천으로 특정 관리사님 이름을 알고 있는 경우도 있는데, 업체마다 지정이 가능한 곳도 있고 아예 안 되는 곳도 있고 지정비가 붙는 곳도 있다고 하더라구요. 이...",희죠니’s 하루,blog.naver.com/uniji_,20260707,2026-07-07
여름철 필수 아이템 반팔 가디건,https://blog.naver.com/readcare24/224339253434,"카페에서의 잔잔한 음악과 함께 이 가디건을 입었을 때, 자신이 얼마나 특별한지 느낄 수 있었습니다. 세심한 디자인 요소 이 가디건은 R넥 디자인으로 목선을 아름답게 드러내줍니다. 또한, 케이블 패턴이 주는...",와인첫걸음,blog.naver.com/readcare24,20260707,2026-07-07
서울시 구로구 오류동 칸타빌레 3차 오피스텔 입주청소 후기,https://blog.naver.com/clyou_/224339248973,청소유 맘카페 및 입주 카페 등 추천 업체 대표가 직접 청소 진행 및 하루 한집 작업 작업 과정 고객과 실시간 소통 진행 살균 세척한 청소 용품 사용 고객 감동 실현 업체 청소유 #오류동칸타빌레입주청소...,"청소유 - 고객감동, 당신의 집을 청소합니다",blog.naver.com/clyou_,20260707,2026-07-07
"[경주숙소] 경주 보문단지 숙소추천,경주 가족여행 숙소 추천...",https://blog.naver.com/chey_0/224338981237,쭉 걸어 나오니까 호주쪽에 카페가 있더라구요! 유선장이 있어서 가족단위 사람들도 꽤 있었어요! 신기한것도 짱 많아요 .. 산책하기 정말 너무너무 좋더라구요 ㅠㅠ 산책로가 정말 ! 잘 만들어져있어서...,Do everything in Love,blog.naver.com/chey_0,20260707,2026-07-07
말차 덕후가 만족한 진한 풍미의 리프잇 페이스트,https://blog.naver.com/spacestory__/224339253057,"평소 카페에서 말차라떼를 정말 자주 사 마시는 편인데, 한 잔 가격도 만만치 않고 집에서 만들어 보면... 말차 가루는 잘 뭉치고, 비율 맞추기도 어렵고, 설거지까지 번거로워서 결국 다시 카페를 찾게 되는...",우주이야기,blog.naver.com/spacestory__,20260707,2026-07-07
강릉디저트맛집 쵸딩 초당옥수수 푸딩 카페,https://blog.naver.com/zinizinly/224339253162,흔한 디저트 카페와는 다른 개성이 느껴지는 곳이라 여행 중 들러보기에도 좋더라고요. 입구부터 매장으로 이어지는 길도 정말 감성적이었어요. 대나무와 자연이 어우러진 산책로 같은 분위기 덕분에 카페에...,겸이솜이,blog.naver.com/zinizinly,20260707,2026-07-07
수원무당 첫 손님의 온기 전화 신점 상담,https://blog.naver.com/yth4012/224338239263,수원무당 첫 손님의 온기 전화 신점 상담  새로 연 카페의 불빛 아래 불안도 함께 앉아 있었다 수원시 수원점집  카페 창업 초기 매출 불안과 상권 대응 현실 조언 수원시 수원무당  첫 손님의 온기가 다시...,서울시 무형문화재35호 만신 김금휘 점집 금휘궁,blog.naver.com/yth4012,20260707,2026-07-07
홍성 인터넷티비가입 원룸 와이파이 사은품추천,https://blog.naver.com/constantwd/224339252975,중립적인 가이드를 원한다면 해당 지역 커뮤니티나 입주민 카페를 통해 특정 단지의 통신 품질 데이터를 확인해 보는 것을 추천합니다. 결합상품을 비교할 때도 3년 치 총비용을 엑셀이나 메모장에 직접 계산해...,✅ 쉽고 재미있게 ✅,blog.naver.com/constantwd,20260707,2026-07-07
녹차 테아닌 효능 부작용 및 카페인 시너지 효과,https://blog.naver.com/haeyeon8711/224339175656,라곰조이입니다:) 지난 1탄에서는 우리가 매일 마시는 커피 속 '카페인'의 작동 원리와 함량을 알아보았습니다. 카페인이 강력한 잠 깨기 효과를 주지만 마시고 나서 가슴이 두근거리거나 초조해지는 부작용을...,라곰조이 쏠쏠생활,blog.naver.com/haeyeon8711,20260707,2026-07-07
김해 인제대 애견동반카페 ‘드 플뢰르’ 분위기좋은카페 차...,https://blog.naver.com/hdy730816/224339252960,안녕하세요  오늘은 김해 인제대 근처 애견동반 가능한 분위기 좋은 카페가 있다고 해서 방문해보았는데요 다양한 음료와 디저트부터 정원에 분수대까지 있어 분위기 좋은 카페 ‘드 플뢰르’ 는 차분한...,⠀,blog.naver.com/hdy730816,20260707,2026-07-07
[여수 카페] 고소동 벽화마을 카페여수에서,https://blog.naver.com/dusdnakrtns0/224339252677,오늘의 내돈내산 리뷰는 여수 여행을 가면서 찾아본 고소동 벽화마을 안에 있는 감성 넘치는 카페... 카페여수에서 느낄 수 있는 분위기가 남달라서 힐링 되는 느낌~ 고소동 벽화마을에서 고소한 커피 냄새가...,Soft Days with Yeneune,blog.naver.com/dusdnakrtns0,20260707,2026-07-07
"상도동 헬스장 5층에서 만나는 라이프휘트니스 풀세트, 엔짐...",https://blog.naver.com/ngym_sd/224339253472,"매일 카페에 들르는 분이라면 이 혜택 하나로도 한 달 커피값이 꽤 절약되실 거예요. 직원이 지켜본, 상도점을 200% 활용하는 방법 몇 년째 회원님들을 지켜보면서 알게 된, 상도점을 알차게 쓰는 방법도...",엔짐 상도점,blog.naver.com/ngym_sd,20260707,2026-07-07
남성형탈모 반신반의로 시작했다가 베개가 달라진 썰,https://blog.naver.com/cdbirthday/224338090390,"반신반의하면서 그날 밤 네이버에 성분 검색하고, 탈모 카페 후기까지 싹 뒤졌다. 그러다 알게 된 게 디에제르 모식스 샴푸였다. 나 원래 성분 안 따지는 사람인데, 이건 엑셀 켜놓고 다른 제품이랑 표까지...",cdbirthday님의 블로그,blog.naver.com/cdbirthday,20260707,2026-07-07
"전단지배포업체, 소중한 전단지 버려짐을 방지하려면 투명하게...",https://blog.naver.com/adjungdo/224339222163,초록창 검색을 통해 네이버 카페 정도기획을 찾아보시면 지난 이천십구 년도부터 지금까지 차곡차곡... https://cafe.naver.com/adjungdo 또한 공식 홈페이지를 방문하시면 각 업종의 특성에 맞게 디자인된 카페와 봉투...,전단지배포 전단지부착 광고 홍보 DM 디엠,blog.naver.com/adjungdo,20260707,2026-07-07
나주 사무실커피머신 조건과비용은?,https://blog.naver.com/uog449013/224339253448,최근에 들어서 어디든 카페를 자연스래 발견할수있죠 그렇지만역시 경제압박 시기에있어서 막연히... 어느곳이든 카페로 탄생할수있답니다 고정비용도 아끼고 복지또한 올리고 매출또한 늘려보시기를 바래요,uog449013님의 블로그,blog.naver.com/uog449013,20260707,2026-07-07
11월 아이와 오사카여행 : 세수대야 우동전문점 _ 츠루동탄,https://blog.naver.com/tjsdud8068/224339252979,"아무튼 지난 이야기 도톤보리에서 모닝커피 먹고, 크루즈 타고, 점심 먹고, 케이스티파이 오사카한정판 케이스 산 뒤 호텔로 복귀 칸데오 호텔 오사카 더타워 는 또다시 가고 싶은 곳 : 1층에 카페도...",선앵월드,blog.naver.com/tjsdud8068,20260707,2026-07-07
"신생아 출산준비물 아가짱 아기트롤리 추천, 먼지 걱정 없이...",https://blog.naver.com/cl8459460/224339202592,신생아 출산준비물 아가짱 아기트롤리 추천 먼지 걱정 없이 기저귀 수납 싹 끝냈어요 ────────── 첫째 아이 출산을 코앞에 두고 매일 밤 맘카페를 뒤적거리며 출산준비물 리스트 채우고 있거든요....,디지털쇼퍼,blog.naver.com/cl8459460,20260707,2026-07-07
소방공무원 최탈 그 이후...,https://blog.naver.com/tpdms156/224339252894,면접준비한다고 평생 가볼카페 영호랑 다뿌심.. 영호가 면접 많이도와줘따...(미안해...) 무슨 ai로 면접관사진만들어달라니까 저래맠들어놓음 ㅋㅋㅋㅋㅋㅋㅋ 저유튜브도 꽤도움이됏다... 면접준비하면서...,퐁듀일기,blog.naver.com/tpdms156,20260707,2026-07-07
시흥거모지구 호반써밋  선착순 분양1661-4190  ★계약금 5...,https://blog.naver.com/victory-50/224338984926,"의료서비스 ★무인로봇카페: 로봇바리스타가 인사와 음성안내로 커피를 직접 제공하는 로봇카페 ★ 헬스케어 스마트 미러: AI코치가 체형분석, 체력측정을 통해 코칭하는 AI 퍼스널 트레이닝 ★ 전자도서관...",행복한 세상 이야기,blog.naver.com/victory-50,20260707,2026-07-07
"""주식 보며 스트레스, 이제 그만""…연 4%대 '따박따박' 예금...",https://blog.naver.com/pb_wooseok/224339045472,"요즘 재테크 카페나 SNS를 보면 이런 하소연이 부쩍 늘었다. 하루에도 몇 번씩 계좌를 들여다보며 오르내리는 지수에 일희일비하다 보니, 아예 변동성 없이 '따박따박' 이자가 붙는 예금으로 눈을 돌리는 사람이...",우석팀장의 자산전략 연구소,blog.naver.com/pb_wooseok,20260707,2026-07-07
제주 한라산근처 숙소 추천 : 스테이여누 :내돈내산,https://blog.naver.com/dndqotkfkd1/224336237307,"저는 202호에 머물렀습니다 우하하하 복도에 이렇게 그림도있어서 분위기가 한층 살아나네요,' 1층엔카페가 있는데, 여기서 브런치 사먹을수있어서. 아침은 카페에서 드시면 좋습니다. 조식이 없는대신에...",웅치키와 함께하는 행복여행,blog.naver.com/dndqotkfkd1,20260707,2026-07-07
인천 미추홀구 누수 배관 온수 누수 보험 처리 소견서,https://blog.naver.com/ppzjzdw123/224338094675,"식당이나 카페 등에서 온수를 t계속 사용하면 배관에 큰 부담이 가해지는데요. 이로 인해 누수가 발생하면, 세대 전체가 영향을 받을 수 있어요. 빠른 조치가 필요하답니다. 최근 한 식당에서 갑자기 물이 멈춘...",바나나 브레드,blog.naver.com/ppzjzdw123,20260707,2026-07-07
"가정용 전자동 커피머신 선택 기준, 좁은 주방 공간 조건 확인하기",https://blog.naver.com/bradawl38g/224339253613,"결국 홈카페 원두 머신을 고를 때 가장 먼저 줄자로 공간부터 재보는 습관이 생겼고, 여러 제품을... 적용해 본다면, 공간의 제약 없이 만족스러운 홈카페 생활을 유지할 수 있을 거예요. https://naver.me/FkatlGj1",굿즈로그,blog.naver.com/bradawl38g,20260707,2026-07-07
목 무소음 세라믹 식탁세트 6인용 의자 추천 이렇게 편할 줄이야,https://blog.naver.com/pangtear7/224339224129,"카페에서 나무 의자 슥 빼는 소리랑은 차원이 다른, 거의 철제 스크래치 소리에 가까웠음. 이런 적 없으신가요. 식탁 하나 바꾸는 것도 상판 재질 다르고 의자 다리 마감 다르고 배송 설치까지 신경 쓸 게 한둘이...",스타코리아,blog.naver.com/pangtear7,20260707,2026-07-07
애기 크린이가 알려주는 크로스핏 후기+총정리,https://blog.naver.com/smfgkrla99/224339253578,보통 크로스핏 박스 카페에 가입하면 오늘할 운동이 매일매일 올라와요 ㅎㅎ 이걸 보시고 가시면 됩니다. 와드에는 여러가지 형태가 있는데용 - AMRAP (As Many Rounds/Reps As Possible) 정해진 시간 동안 최대한 많은...,얌전하고 요란하게 살기,blog.naver.com/smfgkrla99,20260707,2026-07-07
"쇼다마(쇼핑몰 다이렉트 마스터) 카페, 단순한 커뮤니티가 아닌...",https://blog.naver.com/yvgf3533/224324881543,"사장님, 쇼다마 카페는 단순히 정보를 나누는 곳이 아닙니다. 이곳은 '매출 1억을 넘어 시스템으로... 하지만 쇼다마 카페에는 실제 사장님들이 겪은 '데이터 기반의 성공과 실패 사례'가 매일 업데이트됩니다....",yvgf3533님의 블로그,blog.naver.com/yvgf3533,20260707,2026-07-07
양평에서의 팝앤재즈 콘서트 후기 (니얼굴 은혜씨 카페& 갤러리),https://blog.naver.com/mudasound/224339252910,이번 공연은 은혜 작가의 '니얼굴 은혜씨' 카페 옆 갤러리에서 열린 팝 앤 재즈 공연 리뷰를... 니얼굴 은혜씨 카페 옆 갤러리에서 함께해 주신 모든 분들께 다시 한번 감사드립니다. 덕분에 오래도록 기억에 남을...,[공식블로그] 디케이소울,blog.naver.com/mudasound,20260707,2026-07-07
구미 임은동 미니투룸  상모동 생활권 가성비 월세,https://blog.naver.com/hdw1338333/224338858962,✔ 상모초등학교 후문 도보권 ✔ 상모동 상권 이용 편리 ✔ 편의점 및 마트 가까움 ✔ 카페와 음식점 다양 ✔ 버스정류장 접근성 우수 생활에 필요한 시설이 가까워 자취생과 직장인 모두 만족도가 높은...,구미원룸시크릿가든,blog.naver.com/hdw1338333,20260707,2026-07-07
휴대용 초고속 충전 오아 포켓롤 써본 후기,https://blog.naver.com/ryzsurface/224330042345,"게다가 호텔이나 카페 콘센트가 부족할 때면 정말 난감했죠. 이걸 해결해줄 방법을 찾다가 오아 포켓롤 35W 멀티 제품을 알게 됐는데, 드디어 제 고민을 덜어줄 아이템을 만난 것 같아요.특히 35W 멀티 충전이...",ryzsurface님의 블로그,blog.naver.com/ryzsurface,20260707,2026-07-07
[월평동카페/월평역카페]더치 커피가 너무 맛있는 하프문,https://blog.naver.com/hansolboram_/224339253102,대전 서구 월평동에 더치 커피가 너무 맛있는 카페가 있다는 소문을 듣고 다녀왔습니다. 월평동의... 외관 및 카페 내부 외관은 깔끔함 그 자체입니다. 대전더치커피 전문점이지만 여름 시즌인만큼 빙수도...,데이로그★,blog.naver.com/hansolboram_,20260707,2026-07-07
우베 뜻과 맛 요즘 핫하 디저트 종류까지 셰프의 총정리,https://blog.naver.com/als9542/224339253244,유성 글리하우스 우베 마차 블루베리 라떼 우베 마차 블루베리 라떼는 유성 구암동 글리하우스 카페에서 블루베리와와 말차의 밸런스가 궁금해서 주문해봤어요. 각각의 맛이 하나로 어루러지는 느낌보다는 첫...,파티셰 세라의 미식 기록,blog.naver.com/als9542,20260707,2026-07-07
"여행 갈 때마다 차가 아쉬웠다면, SK렌터가 월렌트 기아쏘렌토...",https://blog.naver.com/su7700/224339252896,"주변 카페나 관광지까지 함께 둘러보고 싶어도 차가 없으면 마음대로 할 수 없다는 게 참 아쉽습니다.... 드라이브 온 김에 근처 예쁜 카페도 가고 싶고, 맛집도 들리고 싶고, 풍경도 더 보고 싶은데 차가...",에브리민의 여행기록ღ,blog.naver.com/su7700,20260707,2026-07-07
"태국 여행, GLN으로 현금 ATM 출금하는 방법",https://blog.naver.com/bbanna82/224337398404,"현금 출금후 카페에서 맛있는 디저트도 먹고, 지하철 표도 사고, 페리도 탔어요~ 여러분, 태국 여행, GLN으로 현금 ATM 출금하는 방법에 대한 정보가 도움이 되셨으면 좋겠구요~ 다음에도 좋은 정보...",행복한 Vivian의 해외 여행 & 맛집 이야기,blog.naver.com/bbanna82,20260707,2026-07-07
오사카 여름 날씨 2박3일 여행 팁,https://blog.naver.com/qaztt1010/224338917449,이른 아침에는 아직 사람이 적고 공기도 상쾌해서 오사카성 주변을 둘러보거나 현지인들이 가는 작은 카페에서 모닝커피를 즐기는 것도 좋은 경험이 될 거예요. 유명 맛집들도 오픈 시간에 맞춰 가면 웨이팅...,여행하는 페넥여우,blog.naver.com/qaztt1010,20260707,2026-07-07
와플맛집 카페인중독 월배로점｜와플이 맛있는 디저트카페...,https://blog.naver.com/xcvio4769/224339253378,오늘은 달달한 와플이 땡겨서 대구 와플맛집으로 소문난 카페인중독 대구월배로점에 다녀왔답니다. 유천교근처에 위치한 카페인중독 대구월배로점 더우니까 빨리 들어가볼게요!! 카페인중독 대구월배로점에는...,바다의 하루,blog.naver.com/xcvio4769,20260707,2026-07-07
양재동고시원 식사까지 해결되는 양재역고시원에서 편안한...,https://blog.naver.com/hagh6095/224337823140,"강남권과 서초권으로 이동하기에도 부담이 적고, 주변에는 다양한 편의시설과 음식점, 카페, 생활... 편의점, 카페, 음식점, 병원, 약국, 은행 등 일상생활에 필요한 시설들이 가까운 거리에 위치해 있어 이동...",채민이의 하루,blog.naver.com/hagh6095,20260707,2026-07-07
"고급스러운 디저트, 조용하고 예쁜 서강대역 카페 ""에움(aeum)""",https://blog.naver.com/wydmsdo/224339252946,느낌이 단번에 오는 예쁜 카페이다.  내부분위기 미니멀하고 자연스러운 분위기가 돋보인다. 차분하고... 메뉴정보 내가 이 카페를 찜해뒀던 이유는 바로 독보적인 비주얼의 디저트 메뉴들 때문!! 사진만 봐도...,세리나의 로그북,blog.naver.com/wydmsdo,20260707,2026-07-07
삼성 갤럭시 워치8 실버 40mm 추천 후기 이렇게 편할 줄이야,https://blog.naver.com/soso109404/224339167771,퇴근하고 카페 들러서 노트북으로 다시 스펙 비교하다가 결국 실물로 확인해야겠다 싶어서 매장 들렀던 게 시작이었음. 아래에서 제가 직접 써보면서 느낀 것들 하나씩 짚어볼게요. 비슷한 가격대에서...,스마트쇼퍼의 슬기로운 쇼핑가이드,blog.naver.com/soso109404,20260707,2026-07-07
[오사라기 덕질] 사카모토데이즈 굿즈모음 4탄 | 씰스티커...,https://blog.naver.com/peach_corgi/224338605395,서빙 이번에는 홍대 굿즈샵돌다가~ 카페 콜라보했던 서빙버전 스티커가 있더라구요 ㅠ 안 살 수 없어.. 당장 사..!! 진심 오사라기가 메이드복이라니??? 미쳤다 ㅠ 진심 너무 귀엽고 이쁘고 다함..!! 사실 카페에...,피치언니의 일상덕질방,blog.naver.com/peach_corgi,20260707,2026-07-07
"부동산 계약 전, 이것만 확인해도 후회가 줄어듭니다",https://blog.naver.com/topestate8941/224338989424,주변에 편의점 마트 병원 카페 버스정류장 지하철 등이 가까운지도 함께 살펴보세요. 생활 만족도가 훨씬 높아집니다. 6. 계약은 서두르지 말고 충분히 질문하세요. 궁금한 점은 계약 전에 모두 해결하는 것이...,작은천사의 부동산이야기,blog.naver.com/topestate8941,20260707,2026-07-07
북한강 주변 카페.....(이정웅 스페이스),https://blog.naver.com/nuevo00/224339252560,"갤러리 카페이고 작품과 북한강변에서 시원한 강과 물결과 바람, 그리고 저 멀리서 들려오는 춘전행 기차 소리가 들리는데 너무 좋다 집사람과 함께 머리가 아플땐 이곳에 오면 머리가 맑아진다.",주재원에서 여행자로,blog.naver.com/nuevo00,20260707,2026-07-07
깨끗한나라 업소용 점보롤 화장지 3종 가성비 품질 비교 추천,https://blog.naver.com/puidr/224339252813,특히나 카페나 식당 혹은 사무실을 운영하시는 분들이라면 매달 나가는 소모품 비용 중에서도 휴지가 차지하는 비중을 무시하기 어려우실 텐데요. 오늘 제가 소개해 드릴 정보는 대용량으로 든든하게...,puidr님의 블로그,blog.naver.com/puidr,20260707,2026-07-07
대전 성심당 케익부띠끄 저녁 방문후기 | 멜론롤케익·망고롤케익,https://blog.naver.com/goodnews_bible/224339252549,지금까지 먹은 성심당 빵 중에 젤 맛도리였습니당 #대전성심당 #성심당 #성심당케익부띠끄 #멜론롤 #메론롤 #망고롤 #망고롤케익 #롤케익 #메론롤케익 #대전빵집 #대전빵맛집 #대전빵 #대전카페 #대전가볼만한곳...,감사한 삶을 기록합니다.,blog.naver.com/goodnews_bible,20260707,2026-07-07
한국어 가능한 냐짱 네일샵에서 키티네일 받고 온 후기,https://blog.naver.com/o_cola/224339226491,"주변에 맛집과 카페가 많고, 나트랑 여행 필수 코스인 야시장도 가까워서 관광하다가 들르기 딱 좋았다. 매장 안으로 들어가니 생각보다 훨씬 넓었다. 1층만 있는 줄 알았는데 3층까지 운영하고 있어서...",오콜라의 일상,blog.naver.com/o_cola,20260707,2026-07-07
부산 설치 카드단말기 페이스 토스페이 신청,https://blog.naver.com/scrkamluqzjuz/224339251778,"음식점, 카페, 병원, 미용실, 소매점 등에서 간편결제 이용이 꾸준히 증가하고 있습니다. 최근에는... * 음식점 * 카페 * 베이커리 * 병원 * 미용실 * 프랜차이즈 매장 * 소매점 * 숙박업소 --- ## Q. 토스페이 지원...",HPOS❤️,blog.naver.com/scrkamluqzjuz,20260707,2026-07-07
14K 18K 행운의 네잎 클로버 탄생석 큐빅 체인 금 반지 일상 속...,https://blog.naver.com/p52z2sgnfs5cw7/224339253411,그렇게 하루를 보내던 중에 카페에 앉아서 커피를 홀짝이며 생각에 잠겼어요. 작은 체인 반지 그리고 거기에 새겨진 작은 탄생석이란 이름이 얼마나 의미 있게 느껴졌는지 몰라요. 아무리 작은 것이라도 그 안에...,시간여행,blog.naver.com/p52z2sgnfs5cw7,20260707,2026-07-07
"동탄 투썸플레이스 창업 | 월 4,200만원 양도양수 어떨까?...",https://blog.naver.com/flytorocket/224339050294,"한눈에 보는 매물 요약 항목 내용 분석지역 동탄 업종 카페(투썸플레이스) 면적 53평, 1층 단독 배달비중 배달 미운영 (홀 매출 중심) 인근평균매출 3,820만원 (동탄 카페 업종 월평균) 창업비용 창업비용 1억 3...",점포가이드 | 프랜차이즈 창업·양도양수,blog.naver.com/flytorocket,20260707,2026-07-07
독일 쾰른 대성당 뷰 브런치카페 Café Reichard,https://blog.naver.com/cutejh822/224339253030,너무 헝가리 생각이 나서 사실 별 감흥 없었다 ㅠㅠㅋㅋㅋㅋ 실제로 더 어둑어둑한 느낌이라 내 옷이랑 안어울리겠다라고 느껴졌다..ㅎㅎ ㅇㅈ이가 미리 찾아둔 대성당 뷰 브런치카페에 갔당 아침메뉴만...,다 잘될거야 :),blog.naver.com/cutejh822,20260707,2026-07-07
PC VPN 설치 어렵지 않아요! NordVPN 설치부터 사용까지,https://blog.naver.com/tlswkdel/224339251637,"카페에서 노트북으로 일을 하거나 급하게 인터넷뱅킹을 해야 하는 순간 데이터가 느리기도 하고... 특히 카페에서 업무를 보는중 사이트에 로그인해야 할 때는 필요하긴 한데,,,, 이걸 해야되나 말아야 되나...",하하하우스,blog.naver.com/tlswkdel,20260707,2026-07-07
양산정수기렌탈 추천! 양산얼음정수기렌탈 가격부터 설치...,https://blog.naver.com/large3896/224339252004,"홈카페를 즐기기 좋습니다. 여름철 음료와 아이스커피를 간편하게 만들 수 있습니다. 냉동실에 얼음을 따로 얼릴 필요가 없습니다. 가정뿐 아니라 사무실, 병원, 학원, 카페 등에서도 만족도가 매우 높은...",짙은장미,blog.naver.com/large3896,20260707,2026-07-07
[혀니웨딩 X 정직한이웃] 캐리어 체험단 모집,https://blog.naver.com/moonlightinvermont_/224339251812,결혼준비 카페 혀니웨딩에서 캐리어 체험단 모집중이에요,my favorite part,blog.naver.com/moonlightinvermont_,20260707,2026-07-07
[담양] 행성리여행,https://blog.naver.com/juho9597/224339252289,"오늘은 담양 드라이브를 갔다가 분위기가 정말 좋았던 카페 행성리에 다녀왔습니다. 담양에는 예쁜 카페가 정말 많지만, 그중에서도 행성리는 넓은 공간과 자연을 함께 즐길 수 있어서 많은 분들이 찾는...",오늘도 임시저장,blog.naver.com/juho9597,20260707,2026-07-07
[Cotti & Luna] 가맹 및 창업 문의,https://blog.naver.com/cottiandluna/224339252412,포퍼먼스 미술 '꽃그리는아이'에서 만든 스토리 기반 프리미엄 유아영어 프로그램 Cotti and Luna 방문지사 / 학원 및 교습소 / 드로잉키즈카페 가맹 문의 010 **** **** Cotti & Luna 가맹상담문의,cottiandluna,blog.naver.com/cottiandluna,20260707,2026-07-07
울산동구 카드단말기 유선 무선 설치 방법 정리,https://blog.naver.com/utczdiqsaqdd/224339251603,"울산동구 역시 방어동, 전하동, 일산동을 중심으로 음식점과 카페, 병원, 미용실 등 다양한 업종이... 계산대가 고정되어 있는 음식점이나 카페, 약국, 병원처럼 결제 위치가 일정한 매장에 적합합니다. 반면 무선...",요비포쓰01029283614,blog.naver.com/utczdiqsaqdd,20260707,2026-07-07
양평역맛집 샤브올데이에서 즐긴 양평샤브샤브 무제한뷔페...,https://blog.naver.com/nrkim3334/224339252012,인테리어도 너무 이쁘고 모던하고 자연친화적인 느낌 ㅎㅎㅎ 조명도 엄청 신경쓰고 너무 이쁜곳이에요 대형카페 느낌의 샤브올데이!! 브레이크 타임 끝나자마자 방문했어요 오늘은 다 죽었어 ㅎㅎㅎ 원피스...,쮸쮸이,blog.naver.com/nrkim3334,20260707,2026-07-07
인천 부평구 부평동 대학생 영어회화 토익토픽오픽 영어과외...,https://blog.naver.com/gktchzh099/224339251949,"예를 들어 OPIc에서 자주 나오는 자기소개, 학교생활, 취미, 여행, 카페, 운동, 휴가와 같은 주제도 단순히 모범답안을 외우는 것이 아니라 자신의 실제 경험을 바탕으로 답변을 만들어 갑니다. 이렇게...",❤️❤️과외는 주쌤과외 01042352170 ❤️❤️,blog.naver.com/gktchzh099,20260707,2026-07-07
[공주여행] 1박 2일 공주여행 코스추천 :: 곰골식당 단편선...,https://blog.naver.com/dhtjsdud77/224339252350,"카페, 소솜 충남 공주시 제민2길 1-2 카페, 소솜 곰골식당 근처에 있는 카페 찾아보다가 발견한 카페 소솜 고즈넉한 분위기가 너무 좋아보여서 걸어갔어요ㅎㅎ 카페가 큰편은 아니였는데 다행히 자리가 있어서...",선영의이모저모( ◡̉̈ ),blog.naver.com/dhtjsdud77,20260707,2026-07-07
"[공실] 큐브시그니처B 105호 | 상가 10평 | 보증금 3,000...",https://blog.naver.com/taeryong381/224339252369,"• 카페 / 디저트숍 – 유동인구 많고, 작은 평수도 운영 가능 • 배달 전문 음식점 – 상권 접근성이 좋아 배달 수요 확보 용이 • 편의점 / 소매점 – 안정적인 매출 기대 • 서비스형 매장...",(주) 태룡건설,blog.naver.com/taeryong381,20260707,2026-07-07
양산포장이사 방문 견적부터 이사까지 스트레스 없는 이삿날...,https://blog.naver.com/ktd5173114/224339251588,그래서 지역 맘카페와 주변 지인들의 추천을 받아 꼼꼼하게 여러 곳에서 방문 견적을 받아보았답니다. 이사를 준비하시는 분들께 꼭 드리고 싶은 가장 중요한 꿀팁은 전화 견적보다는 무조건 집으로 직접 부르는...,우리는 할 수 있다!,blog.naver.com/ktd5173114,20260707,2026-07-07
"카페 원두 납품, 좋은 원두보다 먼저 확인해야 할 것",https://blog.naver.com/bluereset/224339252145,"카페 원두 납품, 좋은 원두보다 먼저 확인해야 할 것 카페를 준비하거나 운영하다 보면 새로운 원두를 찾아야 할 때가 있습니다. 새로운 매장의 첫 원두를 선택해야 할 수도 있고, 지금 사용하는 원두의 맛이...",패러데이커피 공식 블로그,blog.naver.com/bluereset,20260707,2026-07-07
EP.06 의정부 누수탐지 카페누수 천장누수 해결,https://blog.naver.com/youdang1604/224339252426,안녕하세요 누수탐지/설비 전문업체 올케어누수설비입니다 오늘은 의정부 상가 누수 현장에 다녀왔는데요 1층 카페로 물이 떨어진다는 의뢰를 받고 출동하였습니다 1층 카페 피해 상황부터 확인했습니다...,올케어누수탐지&설비,blog.naver.com/youdang1604,20260707,2026-07-07
"[창원 중동]아느작｜통창 숲뷰가 예쁜 디저트카페, 케이크 맛집",https://blog.naver.com/lgg4o2o4/224339252029,"디저트 카페, 아느작에 드디어 다녀왔어요  큰 통창 너머로 바로 앞 초록 나무들이 가득 보여 공간 전체에 싱그럽고 감성적인 분위기가 느껴졌던 곳인데요. 오늘은 초록 뷰가 매력적인 디저트 카페 아느작...",옥씨부인 취향록(趣向錄),blog.naver.com/lgg4o2o4,20260707,2026-07-07
탐라도서관 다니는 내 일상,https://blog.naver.com/nomatterwhat_325/224339251779,정작 뜬금없이 우리 인사하고 지내보자며 내 동의 1도 없이 몇번을 아는 척하는 남 때문에 위협 느꼈던 경험 있는 건 난데ㅋㅋ 벌~건 대낮에 카페 가는 동선 겹쳤다고 개유난 유난을ㅉㅉ 상식적으로...제가 왜...,"카드결제 32,000원",blog.naver.com/nomatterwhat_325,20260707,2026-07-07
"고림동 용인점심메뉴추천, 진심 왕돈까스 (내돈내산)",https://blog.naver.com/ddoddo1004_/224339252163,"주차장도 매우 넓고 건물내에 식당, 키즈카페, 병원, 마트가 있어 종종 들르는 곳인데요~ 오늘은 용인축산농협 상가에 있는 진심왕돈까스 다녀온 이야기를 해볼까해요 진심왕돈까스는 용인축산농협건물 1층에...",그 모든날의 기록,blog.naver.com/ddoddo1004_,20260707,2026-07-07
호롱 2 - 무선 작동 방식과 공간 활용에 대한 상세 정보,https://blog.naver.com/pinkrub/224339252168,"배터리 기반 작동 원리 이러한 특성들은 가정 내 생활 공간뿐만 아니라 카페, 라운지 등 상업적인 영역에서도 감성적인 분위기를 조성하는 데 기여할 수 있습니다. 조명 자체가 하나의 장식 요소로 기능하기...",핑크루비,blog.naver.com/pinkrub,20260707,2026-07-07
노량진 오프라인 교시제스터디 모집합니다 :),https://blog.naver.com/dbaldbald/224339251579,#노량진교시제스터디 #노량진오프라인스터디 #노량진오프라인교시제스터디 #노량진관리형독서실 #노량진스터디카페 #노량진임용고시 #노량진기상스터디 #노량진관리형스카,유미의 일기장,blog.naver.com/dbaldbald,20260707,2026-07-07
"6월 월말정산 - 닭다리살 요리 해먹는 일상, 가끔 러닝...",https://blog.naver.com/realby0321/224339251692,냉면 대신 냉우동 ㅎㅎ 정민이가 괜찮다고 했던 카페 이런 곳에 느좋 카페가...?! 소파 자리가 편하고 꿀 소파가 탐나서 살펴봤는데 made in china라고 써있었다... ㅋㅋㅋㅋㅋㅋㅋㅋㅋ 넘 달디 달았던 카라멜 케이크...,BoYoung,blog.naver.com/realby0321,20260707,2026-07-07
"5월일상(달맞이광장 바베큐, 남양주 브리끄, 청계천 야외도서관...",https://blog.naver.com/qwqw4524/224339252254,언제나 즐거운 뿅뿅이와의 산책 타임  #카페팔 서촌 카페 평범 #청계천야외도서관 나청계천 너무 사랑하자냐 #달맞이광장바베큐 웨이팅 꿀팁은 그냥 오후에 열리는 시간 맞춰서 냅다 거세용 맛은 크게 기대...,⁺⊹ ﾟ.⋆ Voilà ma vie ˚₊ ♡̷̷,blog.naver.com/qwqw4524,20260707,2026-07-07
힐사이드 테이블 천안 브런치 맛집,https://blog.naver.com/p_ongdang/224339251826,지난 주 일요일 쁘띠네가 비렌티 결혼식 간다해서 잠깐 만나기로~ 비렌티 근처에 카페가 있나 싶었는데... 재방문의사 #천안브런치카페 #힐사이드테이블 #천안카페 #천안대형카페 #비렌티카페 #천안비렌티카페...,내가기억이안나서 기억하려고시작한블로그,blog.naver.com/p_ongdang,20260707,2026-07-07
덕수궁 밤의 석조전 후기 — 대한제국의 밤 속으로,https://blog.naver.com/bonyblue89/224339252405,"그냥 카페가 아니라 진짜 '초대받은' 느낌 기둥 사이사이로 보라색 꽃을 늘어뜨려 놓은 것도 포인트... 테라스 카페 다과(오얏꽃 카스텔라 등 + 음료 선택), 창작 뮤지컬 '그 이름, 대한' 관람 정원이 워낙 적어서...",wonder kamer,blog.naver.com/bonyblue89,20260707,2026-07-07
강릉 가볼만한곳 베스트 10 사계절 여행 코스까지 한 번에 총정리,https://blog.naver.com/qpal7971/224339252135,"강릉 가볼만한곳 베스트 10 총정리 동해 바다의 시원한 풍경과 감성 카페, 역사와 문화까지 모두 즐길 수... 바다를 바라보며 커피 한 잔을 즐길 수 있는 카페들이 길게 이어져 있어 여유로운 시간을 보내기에...",쏘쏘맘의 틈새여행,blog.naver.com/qpal7971,20260707,2026-07-07
카페싱크대막힘 | 싱크대막힘 | 하수구청소 | 24시하수구,https://blog.naver.com/toxic149699/224339252237,"계양구 동양동에서 사는데요, 최근에 갑자기 싱크대 물이 안 빠지더라고요. 처음엔 별일 아닐 거라 생각했는데, 점점 심해지면서 악취까지 나는 거 있죠?ㅠㅠ 자꾸 물이 차오르니까 정말 당황했어요. 여러 자가...",별빛 꾸러미,blog.naver.com/toxic149699,20260707,2026-07-07
7월 제주도 가볼만한곳 제주 산양큰엉곶 비오는 날 운치 있는...,https://blog.naver.com/friday77/224339250581,하니 카페 투어를 좋아하신다면 이것도 하나의 가성비 있는 여행 방법이다. 곶자왈 느낌 이곳을 찾을 때마다 느끼는 거지만 사방이 온통 깊은 초록빛이라 그 공간에 있는 것만으로도 제대로 힐링이 된다 물론...,하루 ❤ 사용설명서,blog.naver.com/friday77,20260707,2026-07-07
서울 송파 스터디카페 전열교환기 시공 힘펠 휴벤EGI 2대 설치,https://blog.naver.com/gksystems/224339250661,오늘 소개해드릴 현장은 송파에 위치한 스터디카페입니다. 스터디카페는 여러 사람이 장시간 머무는 공간이라 실내 공기질 관리와 조용한 환기 환경이 특히 중요합니다. 이번 송파 스터디카페에는 중 대용량...,환기가전 1위 힘펠 시공 해결사,blog.naver.com/gksystems,20260707,2026-07-07
[홍천 비발디파크] 어른들도 재밌는 앤트월드 키즈카페,https://blog.naver.com/hani_rami/224339250451,"홍천 비발디파크 아이도 어른도 재밌는 앤트월드 키즈카페 홍천 비발디파크도 정말 많이 다녀온... 속초 놀러다녀오면서, 아이가 앤트월드 키즈카페 가고싶다고해서 올라오는길에 들려서 실~컷 놀다왔습니다....",하니라미,blog.naver.com/hani_rami,20260707,2026-07-07
Gamma - 글만 입력하면 발표자료를 만들어주는 AI...,https://blog.naver.com/cnet21/224339250561,"예를 들어 ""AI 자동화 서비스 소개 자료를 만들어줘"", ""카페 프랜차이즈 제안서를 만들어줘"", ""온라인... 예를 들어 작은 카페를 운영한다면 매장 소개서, 신메뉴 소개 자료, 입점 제안서, 이벤트 안내 자료를...",비즈코드,blog.naver.com/cnet21,20260707,2026-07-07
문경 폐업철거업체 빠른 일정으로 진행하는 노하우,https://blog.naver.com/nucountry/224339250249,"예를 들어 고깃집이라면 배기 덕트와 주방 기름때 처리가 관건이고, 스터디카페는 수많은 칸막이 벽체를 어떻게 신속하게 해체하느냐가 시간 단축의 핵심이거든요. 또한 요가나 필라테스 매장은 거울 벽면 철거...",⭐오늘도화이팅⭐,blog.naver.com/nucountry,20260707,2026-07-07
스프카레 신사 도라보울,https://blog.naver.com/somemood0/224339251086,예뻐서 카페인 줄 알았는데 식당이더라고요! 모둠 버섯과 하루 야채 17종 주문했습니다 혼밥하기에도 좋은 공간처럼 보였어요 테이블도 여유 있고 카페 느낌도 나고 좋네요 부산 남포동에서 시작된 작은...,일상 조각집,blog.naver.com/somemood0,20260707,2026-07-07
[공릉동 피자] 인생 화덕피자 발견! 아찌(AZZI) 머쉬룸 피자...,https://blog.naver.com/ahnyj1004/224339251361,"그런데 이번에 걍 취향저격 제대로 당하고 왔습니당 바로 노원 공릉 카페거리 중간쯤, 골목 초입에... 공릉카페거리 맛집을 찾으신다면 아찌에서 피자 꼭 드세요!! #공릉동피자 #공릉피자 #공릉파스타...",재이플래닛J Planet,blog.naver.com/ahnyj1004,20260707,2026-07-07
횡성사랑카드 가맹점 만드는법 사용처 구매 방법,https://blog.naver.com/goodnewswa/224339250769,"전통시장, 음식점, 카페, 미용실, 학원, 주유소 등 일상생활 속 매장 대부분이 포함됩니다. 사용 가능... 식당이나 카페가 할인 혜택을 받을 수 있는 곳인지 스마트폰으로 상시 검색해볼 수 있습니다. 매장...",굿뉴스와,blog.naver.com/goodnewswa,20260707,2026-07-07
"The more I reflect on the event, the more significant it...",https://blog.naver.com/mckim1611/224339250602,"The more I reflect on the event, the more significant it seems에서 the 비교급, the 비교급에서 의미가 꼬이는 지점 최상급은 the least expensive café이 사용될 때 가장 저렴한 카페를 나타낸다....",비즈니스로드맵,blog.naver.com/mckim1611,20260707,2026-07-07
부산 대형카페 수안커피컴퍼니 고메플레이트,https://blog.naver.com/docat13/224339250597,부모님이랑 주말 오전에 근처 대형카페를 검색하다가 발견해서 방문하게 됐어요. 자체 주차장이 넓게... 곡선형 통유리 구조라 어느 자리에 앉아도 대형카페 정원이 다 보였답니다. 원목 소재 테이블존이 넓게...,헉곰이의 일상,blog.naver.com/docat13,20260707,2026-07-07
광화문역  [[  카페  -  RUDBECKIA  ]],https://blog.naver.com/joe2222/224339251130,2026년 3월 14일 쿠키 맛집이였네요.,푸하하하! Couldn't be better!,blog.naver.com/joe2222,20260707,2026-07-07
경주 한옥 카페 찾는다면? 대형 베이커리 카페 듀포레에서...,https://blog.naver.com/20000950/224339251100,"경주 한옥 카페 찾는다면? 대형 베이커리 카페 듀포레에서 힐링하고 왔어요. 경주에 갈 때마다 ""이번에 어디 카페 가지?"" 하는 고민 나만하는건 하니죠? 황리단길 카페도 많이 가봤지만, 이번에는 조금 더...",MY SWEET LIFE,blog.naver.com/20000950,20260707,2026-07-07
[강릉 여행 준비 #3] 강릉 먹킷리스트 총정리｜중앙시장부터...,https://blog.naver.com/0823lej/224339250491,"☕ 카페는 그날의 기분대로 이번에는 카페도 미리 하나로 정하지 않았어요. 날씨와 기분에 따라 ☕ 백야커피 ☕ 5to7 ☕ 휴가커피 중에서 결정하기로 했습니다. 여행은 계획도 좋지만, 즉흥적인 선택도...",. • · ̟*. 하루정원 . • · ̟*.,blog.naver.com/0823lej,20260707,2026-07-07
아이폰/갤럭시 카톡 테마 추천 #4 아기망곰 - 기맘,https://blog.naver.com/easymin_/224339250364,기종 : 아이폰17프로 폰트 : 카페24 고운밤 글자크기 : 제일작게 Ver A. Ver B. Ver C. Ver D. Ver E. Ver F. 기맘 - 아기망곰 카톡 테마 ios 카톡테마 적용방법 1. 사파리 접속 후 ktheme 파일 다운로드 2. 카톡...,李指民,blog.naver.com/easymin_,20260707,2026-07-07
[인도 라다크 레 여행(2)]공항 퍼밋 카운터/시아라...,https://blog.naver.com/soosis11/224339250813,T-suru라고 하는 호텔 겸 카페 반대편에 있구요. Grand Yasmun? 호텔 옆 골목 안쪽으로 살짝 들어가야 된답니다. 들어가면 이렇게 리셉션과 정원이 우리를 맞아줍니다!! 일단 정원 예뻐서 너무 좋았어요. 웰컴 티랑...,통역사 두두네 인도 살이,blog.naver.com/soosis11,20260707,2026-07-07
"전에 왔을 때와는 또 다른 매력, 포항풀빌라에서 찾은 소확행",https://blog.naver.com/xffdwg5yqm/224339250242,그리고 카페 겸 매점도 운영되고 있어서 필요한 물건 사기도 편하고 좋더라구요. 따로 멀리 나가지 않아도 되니 얼마나 편한지 몰라요. 이런 부대시설들이 잘 갖춰져 있으니 여행 중에 불편함 없이 지낼 수...,반짝솜사탕,blog.naver.com/xffdwg5yqm,20260707,2026-07-07
기도와 욕심..,https://blog.naver.com/miin1869/224339250438,"들리는 곳마다 격렬한 뒤틀림이 생겼고 선사님과 카페에 이동해도 멈추지 않았습니다. 장 선생님께서 선사님이 말씀하신 상대의 몸을 치유하면서 생기는 ""기브 앤 테이크""를 말씀하시는데 갑자기 번쩍 정신이...",약초본가,blog.naver.com/miin1869,20260707,2026-07-07
자취 필수 b&wpx8s2 바워스앤윌킨스 Px7 S3 헤드폰 집에서...,https://blog.naver.com/qmrscientist/224339250745,실내외 구별 없이 최상의 음질 집안에서도 카페에서도 혹은 지하철 안에서도 이 헤드폰을 쓰면 세상이 조용해지고 음악이 더욱 선명하게 느껴졌어요 노이즈 캔슬링 기술이 정말 뛰어나서 주변...,qmrscientist님의 블로그,blog.naver.com/qmrscientist,20260707,2026-07-07
"분당 원두상회 드립커피 후기, 한 번 마시면 계속 생각나는 커피",https://blog.naver.com/iammoneylog/224339250710,#분당원두상회 #원두상회 #분당카페 #분당커피맛집 #분당핸드드립 #핸드드립커피 #드립커피 #케냐AA #분당중앙공원 #성남카페 #성남커피맛집 #분당데이트 #커피추천 #카페추천 #잇슈다,잇슈다,blog.naver.com/iammoneylog,20260707,2026-07-07
[제주] 청수리아파트 204호,https://blog.naver.com/mi2jin2/224339250655,웰시코기도 반겨주고~ 1층은 카페를 운영하는 것 같았다. 와 방에 들어오니 뷰가 뻥~~ 제주 느낌이 물씬 근데 앞쪽에도 집이 있어서 옷갈아입을 때 조심 돌담에 둘러싸여있는 침대 방 자체는 크진 않았다....,미블,blog.naver.com/mi2jin2,20260707,2026-07-07
백수 3주차의 알찬 일상,https://blog.naver.com/cotton_in_may/224339250634,사온 카페오레에 우유 부어 주고 나오는 현모양처... 전 투썸가서 두바이아박에 수박쥬스 조졌습니다 ㅋ... 하며 창모루 근처 카페 왔는데 푸릇푸릇 논뷰 좋더라고요 ㅋㅋ 종종 가야쥐 그리고 스타필드 가서...,솜솜,blog.naver.com/cotton_in_may,20260707,2026-07-07
울산남구 카드단말기 포스기 무상설치 조건 정리,https://blog.naver.com/utczdiqsaqdd/224339250283,"일반 카페나 소형 매장은 기본적인 신용카드단말기, 체크카드단말기만으로도 충분한 경우가 있지만... 카페와 음식점뿐 아니라 병원, 약국, 미용실에서도 활용 사례가 꾸준히 증가하고 있습니다. 렌탈과 임대...",요비포쓰01029283614,blog.naver.com/utczdiqsaqdd,20260707,2026-07-07
[대구카페]우시푸딩_동대구역(신천동),https://blog.naver.com/aehirumuh6119/224339251355,[내돈내산 카페 리뷰]----- 오랜만에 언니들과 만나는 날 대전인이지만... 대전인도 주말에 성심당은... 추천 #대구 #카페 #디저트 #대구카페 #대구디저트 #푸딩 #대구푸딩 #동대구역카페 #동대구역디저트 #신천동...,일상기록장,blog.naver.com/aehirumuh6119,20260707,2026-07-07
"인도 위 배추꼬다리, 말리는 걸까 버리는 걸까",https://blog.naver.com/paranikid/224339251194,"화려한 간판이나 새로 생긴 카페가 아니라, 인도 한쪽에 툭 놓인 사소한 물건 하나가 오히려 더 오래 기억에 남을 때도 있습니다. 이번에 본 장면은 인도 위에 넓게 펼쳐진 배추꼬다리였습니다. 잎과 줄기, 뿌리...",도로시의 今を生きろ(지금을 살자),blog.naver.com/paranikid,20260707,2026-07-07
물티슈 대신 쁘띠누베 신생아엉덩이클렌저,https://blog.naver.com/miin712/224339249402,맘카페에서도 맘가이드A등급 제품으로 많이 언급되는 이유가 확실히 느껴졌고요. 쁘띠누베 엉덩이클렌저 첫째 때는 당연하게 물티슈를 썼는데 둘째는 조금 다르게 관리해보고 싶었어요. 물티슈로 계속 닦다...,"메이미인 천천히 육아,",blog.naver.com/miin712,20260707,2026-07-07
진주 평거동 카페 망고빙수가 맛있는 디저트 맛집 | 수호,https://blog.naver.com/rimeeeee6371/224339249482,안녕하세요 옐밍입니다 오늘은 진주 평거동 수호라는 카페에 다녀왔는데요! 최근 다녀온 진주 평거동 카페 중 가장 만족도가 높았던 곳이라 소개해드려요 ㅎㅎ 수호 수제 디저트가 맛있는 12시까지 운영하는...,♡₊˚・₊✧ ౨ৎ ⋆｡˚,blog.naver.com/rimeeeee6371,20260707,2026-07-07
갤럭시북4 NT750XGR A31A 직접 써본 솔직 사용기,https://blog.naver.com/ivkx6hn/224339250147,"카페 가서 작업할 때도 부담 없고, 집에서도 거실 소파에 앉아 편하게 업무 볼 수 있더라고요. 3. 키보드 타건감이 정말 좋아요. 키 간격도 적당하고, 오래 타이핑해도 손가락이 피로하지 않더라고요. 텐키가...",ivkx6hn님의 블로그,blog.naver.com/ivkx6hn,20260707,2026-07-07
상주 카페철거 원상복구 무료견적 받아보세요,https://blog.naver.com/nucountry/224339249490,상주 카페철거 업체를 찾고 계신다면 오늘 정리해 드리는 가이드를 통해 합리적인 선택을 내리시길... 왜 상주 카페철거 업체를 신중하게 골라야 할까요? 철거 과정에서 소음이나 분진으로 인한 민원이 발생하면...,⭐오늘도화이팅⭐,blog.naver.com/nucountry,20260707,2026-07-07
앤커 Q20i 헤드폰 직접 써본 솔직 리뷰,https://blog.naver.com/2ax9ogc97qvm/224339249282,"퇴근길 지하철 소음, 카페에서 집중해야 할 때, 집에서 영화 볼 때까지! 제 삶의 질을 수직 상승시켜준... 카페에서 작업할 때 옆 테이블 소음이나 기계 돌아가는 소리 때문에 집중력이 흐트러질 때가...",2ax9ogc97qvm님의 블로그,blog.naver.com/2ax9ogc97qvm,20260707,2026-07-07
제주시맛집 추천! 동문시장맛집 명랑스낵동문시장점에서...,https://blog.naver.com/arihappy/224339249637,"주변정보 픽업 카페 -> 우무 -> 옆의 골목으로 내려오면, 빈티지 매장이 여러곳 있고, 커피맛집... 명랑스낵 간판이 없다면 카페 같아 보이는 감성카페 느낌스~~~ 문앞의 파랑리본과 빨간리본이 받겨줍니다. 오픈...",소니아 : 해보고 싶은게 백만개,blog.naver.com/arihappy,20260707,2026-07-07
행궁동으로  이사왔어요,https://blog.naver.com/eesports/224339249124,간판을 달아야하는데 비가와서 걱정이네요~~ㅠ 행궁복지센타 옆 < 소피상점> 옆에는 고양이카페가 있고 1층엔 요미우돈 이 있어요~~ 2층에서 바라보는 뷰가 좋네요 노래들으면서 작업중이예요~~ 사업자명을...,이편한 스포츠-나의 작품 이야기,blog.naver.com/eesports,20260707,2026-07-07
인천 계양구 계산동 왕초보 영어회화 영어과외 일상이 영어가...,https://blog.naver.com/gktchzh099/224339249418,"공항에서 체크인하기, 카페에서 주문하기, 길을 묻기, 쇼핑하기처럼 실제 상황을 중심으로 반복 연습을 진행했고, 꾸준한 쉐도잉과 롤플레이를 통해 영어를 말하는 것에 대한 부담이 크게 줄었습니다. 여행을...",❤️❤️과외는 주쌤과외 01042352170 ❤️❤️,blog.naver.com/gktchzh099,20260707,2026-07-07
"서울카페쇼 X 29CM 슈퍼 얼리버드, 단 7일 남았습니다!",https://blog.naver.com/cafeshow/224339249570,"가장 합리적인 조건으로 서울카페쇼를 경험할 수 있는 마지막 기회, 오직 29CM에서 한정 수량 소진 시 조기 마감됩니다. ️ 판매 기간 ~ 7월 14일(화) 29EDITION 서울카페쇼 Super Early Bird 종료...",서울카페쇼 공식 블로그,blog.naver.com/cafeshow,20260707,2026-07-07
경산 데이트 코스 파라글로우｜화덕 피자맛집 감성카페,https://blog.naver.com/every_inform/224339249267,경산에서 분위기 좋은 카페를 찾다가 다녀온 파라글로우. 카페 분위기도 좋고 식사까지 해결할 수 있어서 경산 데이트 코스로도 정말 만족스러웠던 곳이에요. 단순히 커피만 마시는 카페가 아니라 맛있는...,세상 모든 이야기,blog.naver.com/every_inform,20260707,2026-07-07
오르카 헤이든 식탁의자 카페의자 거실의자 허리편한의자...,https://blog.naver.com/kck393/224339249263,오르카 헤이든 식탁의자 카페의자 거실의자 허리편한의자 미드센츄리의자 추천 후기 안녕하세요!... 어떤 인테리어와 매치해도 전혀 이질감 없는 조화를 보여주어 홈카페를 꾸밀 때 예쁜 카페의자로...,김천두루미의 블로그,blog.naver.com/kck393,20260707,2026-07-07
임신축하선물 : 맘스홀릭 베이비 임신축하박스 7월 신청,https://blog.naver.com/llj1562/224339249654,맘스홀릭베이비 카페→ '이벤트 당첨자발표' 게시판에서 발표 * 별도의 개별 연락을 진행하지 않아요 ✅️ 응모방법 '응모하기' 버튼 클릭 → 내 정보 입력 후 제출! * 산모수첩은 임신 확인서로...,리뷰하는 탄산이,blog.naver.com/llj1562,20260707,2026-07-07
여름 수유잠옷 원피스착용 후기,https://blog.naver.com/willpipe16/224339249068,"이 수유잠옷을 입고 간단히 근처 카페에 외출할 수 있었어요. 가볍고 활동하기 좋은 소재 덕분에 편하게 다닐 수 있었습니다. 이전의 잠옷들은 외출하기엔 부적합했지만, 이 제품은 그런 고민 없이 입을 수...",캠퍼밴노마드일기,blog.naver.com/willpipe16,20260707,2026-07-07
원주정수기렌탈 원주얼음정수기렌탈 가격 비교부터 무료설치...,https://blog.naver.com/orchestr3202/224339249657,"또한 사무실, 병원, 카페, 음식점, 학원 등 다양한 업종에서도 정수기 렌탈 수요가 꾸준히 늘어나고... 어린 자녀가 있는 가정 신혼부부 4인 이상 가족 사무실 병원 카페 및 음식점 학원과 각종 매장 최신...",쏜살같은배달,blog.naver.com/orchestr3202,20260707,2026-07-07
사람 사이 사랑,https://blog.naver.com/suhyun9824/224339250194,내건 한개야 솔이랑 1년후 나에게 편지도 쓰고 다행이(?) 편지 내용 까먹었다 프랜치 토스트가 참 맛나던 카페 문래 올때마다 먹구싶은 오리 예주 덕분에 좋은 공간을 알게되었다 !! 감탄 나오던 커피 ☕️ 향이...,hyuny day,blog.naver.com/suhyun9824,20260707,2026-07-07
"강화도 슬로우레인, 넓은 야외공간이 매력적인 카페",https://blog.naver.com/tosilgee/224339249953,카페를 찾을 때 지나치게 상업적인 대형카페보다는 초록이 가득한 야외나 실내 공간이 있는 카페를 더 선호하는 편이다. 남편은 내가 초록색 풀과 원목 가구가 있는 카페면 거의 만족한다고 한다. 꽤나...,실쥐의 풀방구리,blog.naver.com/tosilgee,20260707,2026-07-07
"매일 쓰는 텀블러, 10초 만에 친환경 살균 끝! 지니스 매지쿠아...",https://blog.naver.com/mediqua1220/224339249895,"기업, 관공서, 카페, 학교 등에 지니스 텀블러세척기를 도입하면 다음과 같은 강력한 효과를 기대할 수 있습니다. 완벽한 ESG 경영 실천: 사내 일회용컵 사용량을 획기적으로 줄여 탄소 배출 감소에...",mediqua1220님의 블로그,blog.naver.com/mediqua1220,20260707,2026-07-07
피오렌자또 F64E 그라인더 수리 AS 고장 점검(얇은입자로 갈...,https://blog.naver.com/inhyun-corp/224339249716,"오늘은 성남의 한 카페에 #피오렌자또F64E 그라인더입니다. 저가형 가성비 그라인더로 많이 알려진... 커피머신, 그라인더, 온수디스펜서 판매 · 설치 · AS 원두 및 원두교육진행 카페 컨설팅 진행 서울·경기도...",인현코퍼레이션,blog.naver.com/inhyun-corp,20260707,2026-07-07
6월,https://blog.naver.com/eeejiyeee/224339250074,유걸 십사일 일요일 7시반부터 눈떠지는 할미몸 산책하다가 돌솥비빔밥 쥑이러옴 산책하다가 마주친 애벌레 쭈구리고 사진찍는 27살 할미 저녁엔 쌈뽕하게 부평구청 카페왓음 여기 커피가 맛도리라는 그녀...,ㅎㅐㅇㅂㅗㄱ,blog.naver.com/eeejiyeee,20260707,2026-07-07
더몰 후기피렌체 더몰 쇼핑 후기｜구찌·프라다·미우미우...,https://blog.naver.com/gimd91901/224339250192,안에 카페에서 커피 한 잔 마시며 여유롭게 기다렸습니다 ☕ 원래는 오후 1시쯤 돌아갈 계획이었는데... 막상 가보니 볼 게 너무 많더라고요 결국 오후 4시 30분 셔틀을 타고 피렌체로 돌아왔습니다 참고로...,오늘의 발견노트,blog.naver.com/gimd91901,20260707,2026-07-07
"알콩이 :: 생후 100일부터 생후 6개월 일상, 뒤집기, 첫니...",https://blog.naver.com/rykim09/224339250184,키즈카페만 알았지 베이비카페는 몰랐는데! 또래 아가들이랑 대관해서 방문 우리 귀염둥이가 제일 어린 개월수라 갖고 놀 장난감이 많진 않았지만 귀여운 사진을 남겼다 이때에 비해 더 많이 커버린 알콩이...,알콩하루,blog.naver.com/rykim09,20260707,2026-07-07
3억대 준공후 미분양 혜택 흥해읍 학천리 신축 84 30평대 33평...,https://blog.naver.com/8891jym/224339249887,"북카페 & 공공 휴게 공간: 열린 공간으로 구성되어 입주민들이 차 한 잔의 여유와 함께 독서를 즐기거나 이웃 간 따뜻한 담소를 나눌 수 있는 힐링 라운지가 마련되어 있습니다. 맞벌이 부부의 필수 요건, 안심...",노랑 분양,blog.naver.com/8891jym,20260707,2026-07-07
역삼역 베이글 맛집 로젯런던베이글 바질치즈 솔트버터베이글...,https://blog.naver.com/wjddusghdud/224339249544,"한 달에 한 번 동생과 맛있는 음식점이나 분위기 좋은 카페에서 시간을 보내려고 한다. 30대가 되면서 가족의 소중함을 느끼는 편인데, 동생이 사회생활하는 모습이 안쓰러우면서도 귀여우면서도 기특하달까?...",엣티제인의 모든 날,blog.naver.com/wjddusghdud,20260707,2026-07-07
"우베 뜻은? 요즘 핫한 우베 효능과 맛, 먹는 법까지 총정리",https://blog.naver.com/oldmd2002/224339249358,"카페에서 자주 보이는 보라색 메뉴, 정체가 뭘까요? 최근 카페나 베이커리에 가면 선명한 보라색 라떼나 케이크, 아이스크림을 쉽게 볼 수 있습니다. 보기만 해도 눈길을 사로잡는 이 보라색 식재료의 정체는...",팍스 & 베어 블로그,blog.naver.com/oldmd2002,20260707,2026-07-07
가평 카페 코지앤레이지 가평 여행 중 꼭 들러야 할 카페!!!,https://blog.naver.com/cih2437/224339250067,잡은 카페가 궁금해져서 홀린 듯이 핸들을 꺾어 들어갔답니다 ㅎㅎ 코지앤레이지  위치안내 : 경기 가평군 청평면 대성리 90-65 ⏰ 영업시간 : 10:00 ~ 19:00  주차안내 : 야외 주차 ✔️ 단체 가능 가평 카페...,신혼부부의 꿀정보노트,blog.naver.com/cih2437,20260707,2026-07-07
성남정수기렌탈 믿고 맡길 수 있는 아쿠아 정수기!,https://blog.naver.com/aqua4755/224339249103,"아니라 카페 식당에서도 필수로 사용하시는 정수기로 대형 프랜차이즈들에서 많이 찾아주십니다 ㅎㅎ 가정집, 사무실, 카페, 식당, 학원, 병원, 공사장 등 어디나 정수기 관리가 가능하며 고객님들께서 항상...",정수기전문가,blog.naver.com/aqua4755,20260707,2026-07-07
깔끔하게 왕길동 카페 매장 도배 장판 페인트 리모델링 내...,https://blog.naver.com/bykh3648/224339249431,"얼마 전, 친구와 함께 자주 가던 카페에 갔어요. 그 카페는 오래된 건물에서 운영되고 있었는데, 어느 날 보니 새롭게 리모델링을 했더라고요. 처음 가본 순간 와, 여기가 진짜 맞아? 싶었어요. 전에 있던 낡은...",리완이의 육아일기:),blog.naver.com/bykh3648,20260707,2026-07-07
<신촌> 카공하기 좋은 버터앤쉘터 신촌점 내돈내산,https://blog.naver.com/wonibae/224339249511,"신촌역 1번 출구에서 도보 7분 거리로 신촌이대에서 카공 카페를 찾으신다면 추천드려요!! 메뉴판... 카공할 때 콘센트 있는 카페 찾는 분들에게는 큰 장점인 것 같아요. 저는 ☕️아이스 아메리카노-4,500원...",wonibae님의 블로그,blog.naver.com/wonibae,20260707,2026-07-07
영어를 외우는 공부에서 말하는 공부로 바꿨어요｜성인 후기...,https://blog.naver.com/h001995/224339250208,"여행 중에도 그랬고, 카페나 길에서 외국인이 말을 걸 때도 짧게 대답하고 끝내는 경우가 많았습니다.... 자기소개하기, 하루 일과 말하기, 카페에서 주문하기, 길 묻고 답하기, 여행에서 요청하기, 외국인과...",h001995님의블로그,blog.naver.com/h001995,20260707,2026-07-07
에디터 픽 식당용쟁반 대원경금속 돌고래표 직사각 쟁반...,https://blog.naver.com/sl2eewuub2_2g/224339249072,"나코 쟁반 트레이 미끄럼방지 논슬립 카페 업소용, 1개, 다크브라운 구매자들의 찬사가 증명하는... 나코 쟁반 트레이 미끄럼방지 논슬립 카페 업소용, 1개, 다크브라운 ￦ 18,000원 별점 : ⭐⭐⭐⭐⭐ 5....",중지경비림동,blog.naver.com/sl2eewuub2_2g,20260707,2026-07-07
이젠 블로그 안미룰거라고 호들갑떨기,https://blog.naver.com/binzipp/224339250135,시끌벅적 결혼하자마자 화통한 아지매 됨 카페 좋은데 추워서 결국 들어옴 감기기운있어서.. 아쉽다..... 아세톤으로 해도 안지워져 야장 찌끄리다가 태경이 상현이 친구들 와서 술먹다가 2차로 카페감 ;;...,bin.zip,blog.naver.com/binzipp,20260707,2026-07-07
불판 없는 방이동 고기집? 육미안 잠실점 커플세트 솔직후기,https://blog.naver.com/bbgg_travel/224339249436,카페 디저트 못지않게 비주얼도 예쁘고 정성이 느껴졌어요. 입에 넣으면 부드럽고 달콤한 맛이 사르르 녹아내려요. 은은한 시나몬 향까지 감돌아서 고기 먹은 입안을 깔끔하고 달콤하게 정리해주는 훌륭한...,B.BERRY 여행기,blog.naver.com/bbgg_travel,20260707,2026-07-07
일산시장 생선구이 맛집 '내가네 먹거리': 점심특선 후기,https://blog.naver.com/ruuvit/224339250000,외부 테이블도 하나 있고 입구가 꼭 카페처럼 예뻐서 이목이 가요. 생방송투데이에 출연한 적 있는 맛집이라고 하더라고요!! 내가네 먹거리 내부 내부는 요로코롬 깔끔하게 생겼습니다. 우드톤 인테리어가...,소복소복.｡.:*,blog.naver.com/ruuvit,20260707,2026-07-07
옹진 카드단말기 포스기 무상설치 조건,https://blog.naver.com/utczdiqsaqdd/224339248227,"소규모 카페나 음식점은 유선카드단말기와 POS를 함께 사용하는 경우가 많으며, 배달이나 방문 서비스가... 카페에서는 POS, 스마트포스, 주문 관리 기능을 함께 사용하는 경우가 많으며, 병원과 약국에서는...",요비포쓰01029283614,blog.naver.com/utczdiqsaqdd,20260707,2026-07-07
"강릉 여행 마지막 밤, 술집에서 건진 찐 감성 마무리",https://blog.naver.com/kevinmgt3/224339248039,"강릉까지 와서 술집을 세 군데나 찾아다닌 나의 이야기 강릉 여행 마지막 날 밤이 되면 괜히 아쉬운 감정이 몰려오잖아요 낮에는 바다도 보고 카페도 갔는데, 저녁이 되니까 뭔가 이 분위기를 더 붙잡고 싶은...",Aequitas Lux Mea,blog.naver.com/kevinmgt3,20260707,2026-07-07
아느작 / 수제케이크와 파이가 다양한 창원중동카페,https://blog.naver.com/rumbleribbon/224339247996,창원중동카페 아느작 예전에 소답동에 있을 때 사촌동생 J가 추천해줘서 기억해뒀던 곳이었는데 몇년전 지금 위치로 이전해 와 창원중동카페가 되었다. 수제케이크와 파이 종류가 다양하고 초록초록한...,부드럽지만 힘있게,blog.naver.com/rumbleribbon,20260707,2026-07-07
스트링전구 대여 전기 연결부터 안전하게 시공하는 방법,https://blog.naver.com/photozon1925/224339248837,"실내외 구분 없이 카페테라스, 야외 결혼식장, 축제 부스, 상가 아케이드, 심지어 좁은 골목길까지 공간... 여름밤 나이트 행사, 야시장, 카페나 상가 인테리어, 결혼식 야외 피로연 등 스트링전구 감성 살리고...",나우감성하우스,blog.naver.com/photozon1925,20260707,2026-07-07
울산 주전 카페 카페숲에서 로스팅 커피의 매력을 제대로 느낀...,https://blog.naver.com/whtjdghks95/224339248586,이번에도 여유로운 시간을 보내고 싶어서 찾은 곳은 울산 주전 카페 카페숲이었어요. 평소 커피를 좋아하는 편이라 이번에는 직접 로스팅한 원두로 내린 커피를 꼭 마셔보고 싶다는 기대를 안고 방문했습니다....,일상 블로그,blog.naver.com/whtjdghks95,20260707,2026-07-07
Feb.2026,https://blog.naver.com/singsingcoaching/224339248879,그 땐 신상이었던 카페 우디빈 좌석이 좁고 불편한데 그 불편함을 이기고 몇번을 갔다. 광화문 점심. 파이낸스 지하 솔솥. 거래처직원으로 만나서 이제는 지인들인 소중한 인연. 지인이 자주 가서 한번...,바람이 불어오는 곳,blog.naver.com/singsingcoaching,20260707,2026-07-07
AI (인공지능)보청기가 뭐가 다르지???,https://blog.naver.com/clean_aids/224339248875,"- 아쉬운 점 : 소음과 말소리를 완벽하게 분리하기 어렵다 보니, 식당이나 카페 같은 곳에 가면, ""말소리도 커지지만 주변 소음(접시 부딪히는 소리, 에어컨 소리 등)"" 도 같이 커져서 귀가 아프고 피로하게 느낄...",clean_aids님의 블로그,blog.naver.com/clean_aids,20260707,2026-07-07
리뷰_ 평택 안중시장 서울떡집 없어서 못먹는 떡 맛집...,https://blog.naver.com/gml1440/224339249047,떡을 덜 기다리기 위해서 다들 공구를 추천했는데 주로 맘카페 같은 곳에서 공구를 한다길래 나도 알아봤다. 그러다 집과 가장 가까운 곳에서 공구하는 곳을 찾았는데 발레마켓이다. (홍보아님) 여기서 카페...,취미부자 뇨이,blog.naver.com/gml1440,20260707,2026-07-07
"군위키즈카페 스틸301플레이파크, 가족 방문객이 공간을...",https://blog.naver.com/sstteel301/224339248340,#군위키즈카페 #스틸301플레이파크 Q. 아이와 함께 갈 카페를 고를 때 가장 먼저 봐야 할 점은 무엇인가요? 아이와 함께 카페를 찾을 때 부모님이 가장 먼저 보는 것은 분위기만은 아닙니다. 아이가 지루해하지...,스틸301플레이파크,blog.naver.com/sstteel301,20260707,2026-07-07
뭐라고라고라 벌써 7월이라고라고라고라파덕,https://blog.naver.com/016245/224339248891,이제 진짜 카페가야지~ 하고 네비찍고 가다가 급!!!!!!!!!!!!! 알파카 농장 생각나서 알파카 보러 감!!!!!!!!!... 카페로 피신.. 애월쪽에 여러군데 LP카페가 있는데 리버브제주가 젤 예뻐보여서 여기로! 가실분들은...,블로그명을 입력하등가..,blog.naver.com/016245,20260707,2026-07-07
카페 가배헌｜잔디밭에서 뛰놀고 베이글까지 맛있는 한옥카페,https://blog.naver.com/chzhfflt3693/224339248890,아이랑 마음껏 뛰어놀면서 맛있는 디저트도 먹을 수 있는 진주 대형 카페를 찾다가 가배헌에 다녀오게... 카페 앞쪽으로는 푸른 잔디밭이 넓게 펼쳐져서 아이들이 뛰어놀기 딱 좋았는데요. 한옥 특유의...,꿀로그,blog.naver.com/chzhfflt3693,20260707,2026-07-07
"[난임, 5년의 기다림 #24] 시험관 13차 서울역차병원 김유신...",https://blog.naver.com/jeeyoung57/224339248369,카페에서 아장아장 걸어 다니는 아기를 봐도 아! 귀여워ㅠㅠ 보다는 저 부모는 왜 아기를 안 보고 있지? 라는 생각이 먼저 들었다. 친구들의 아기는 귀여웠다. 하지만 그건 내가 좋아하는 친한 친구의 아이이기...,콜미 호미,blog.naver.com/jeeyoung57,20260707,2026-07-07
[봄햇살 맛집 탐방] 광안리 레스토랑 오지테이블 남천점 가성비...,https://blog.naver.com/leesunyou/224339248923,"좋은강안병원 본관, 장례식장이 아닌 오지테이블 남천점 바로 옆에 있는 좋은강안병원 신관 주차장이니 참고하세요^^ 마치 외국의 어느 작은 골목에 있는 세련된 브런치 카페를 마주한 듯한 이국적인 모습입니....","Bravo, My Life!",blog.naver.com/leesunyou,20260707,2026-07-07
[강원도 묵호] 묵호역 카페 디저트 추천 카라멜스테이션 내돈내산,https://blog.naver.com/jmpark1014/224339248300,가게 크기 : ★★★★☆ 웨이팅 : X 방문 날짜 : 2026년 5월 * 내돈내산 리뷰 * 묵호역 기차 타기 전 친구들과 강원도 묵호 느좋 카페 찾다가 발견한 묵호역 카페 카라멜스테이션 향했습니다 ▪︎ 묵호역 도보...,♥₍ ᐢ. ̫ .ᐢ ₎ つ ⌁❤⌁⋆♬,blog.naver.com/jmpark1014,20260707,2026-07-07
캐나다산 메이플 시럽인데 당이 낮다고? 캐나다산메이플시럽...,https://blog.naver.com/tivine/224339248430,"팬케이크나 요거트, 커피, 홈카페 음료에 메이플 시럽 한 번 빠지면 은근히 계속 찾게 되잖아요. 특히... 홈카페에서 조금 더 가볍게 즐기려면 어떻게 활용하면 좋은지 데일리로 쓰기 괜찮은 메이플 시럽은...",TIVINE,blog.naver.com/tivine,20260707,2026-07-07
포천 아이와 함께 가볼만한 곳 예술정원1999,https://blog.naver.com/limlee21/224339248199,"나무화석,정원석,조각공원,갤러리카페등으로 이루어져있어요 진짜 한공간에 눌러담아 구경할게 엄청... 희귀한걸 모아두니 볼만했습니다 들어가자마자 카페가 어마어마 했구요 여기도 조각품들이!!...",친절한경미씨,blog.naver.com/limlee21,20260707,2026-07-07
[포천 전원주택 매매] 3대 가구 완벽 분리 거주 가능! 소흘읍...,https://blog.naver.com/jmj158820/224339248051,"또한, 건물 내에 2개의 넉넉한 테라스 공간이 마련되어 있어 가족들의 바비큐 파티, 홈 카페, 혹은 조용한 휴식 공간 등 다양한 라이프스타일에 맞춰 활용하실 수 있습니다. 작은 집 쪽 테라스 3. 태양열 온수와...","금비부동산,금비네유튜브,010-7357-4114",blog.naver.com/jmj158820,20260707,2026-07-07
"동명동 미용실 컬러드헤어디자인, 광주 남자머리 여기 잘하네요",https://blog.naver.com/feeltongcalli/224339248807,동명동 카페나 맛집으로 이동하기도 편한 동선이라 개인적으로 위치가 정말 마음에 들었어요... 데이트 전 추천 이유 동명동은 맛집도 많고 분위기 좋은 카페도 많잖아요 그래서 데이트 약속 전에 머리부터...,프로외출러 킴스링,blog.naver.com/feeltongcalli,20260707,2026-07-07
"대구 중구 사무실 임대, 중구에서 월 33만 원에 주차까지 되는...",https://blog.naver.com/qwe7553823/224339248233,"카페, 식당, 은행, 편의점도 가까워 하루 종일 업무 보기에 불편함이 없는 환경입니다. 주차는 건물 주차가 가능합니다. 중구에서 이 조건을 갖춘 사무실이 생각보다 많지 않습니다. 대표님 차량은 물론...",대구비지니스센터,blog.naver.com/qwe7553823,20260707,2026-07-07
"소소한 행복을 찾아서,,",https://blog.naver.com/parkheeejeong/224339248123,"나 홀로 시트공장 가동 했어 *^^* 칭찬 해줘,, 단골 카페에 커피 사러가면 맨날 저렇게 텀블러 위에 쿠키 올려주심!! 서비스 너무 좋자네~ 오늘은 행운쿠키 주셨어 행운 가득하라구.. 너무 소소한 행복이라 조하...",dazzle,blog.naver.com/parkheeejeong,20260707,2026-07-07
삼성 미워서 쓰는 63빌딩 퐁피두센터 한화 관람 후기,https://blog.naver.com/happyanimals_/224339248058,나오는 길에 있는 The coffee 카페 꼭 방문해보세요!!!!!!!!! 날씨 좋은 날 가면 통창의 채광이 천국이 따로 없네요.. 그리고 요기는 아이스 아메리카노가 참 맛있어요,허리케인,blog.naver.com/happyanimals_,20260707,2026-07-07
몰랐던 행복만이 널 맞이하길,https://blog.naver.com/heeejj12/224339248557,"학원 가기 전에 들린 카페인데.. 사장님이 밖에서 꽃에 물 주고 있는 줄 모르고 그냥 들어가서... ,, 믿을 수가 없음 피아노 학원 가기 전 카페에서 책 읽는 시간이 좋아용 근데 뒤지게 안 읽혀서 진짜 찔끔찔끔...",H,blog.naver.com/heeejj12,20260707,2026-07-07
"엄마껌딱쥐가 된 채니의 2개월  (feat. 배꼽육아종, 반창고...",https://blog.naver.com/ji_chuuuuuu/224339248455,즈알 무그 씀니 뿌우 ~ 첨으로 오래나간 날 ヾ( 〃∇〃)ﾂ ㅁㅈ쌤 결혼식 갔다가 덩미디오니랑 카페에서 수다 와굴와글 떨고 집오니까 4시 ㅎ 열씨미 낮잠 재워보려하는 차노 ( 이 때 낮잠과 밤잠은 다르다는걸...,ji_chuuuuuu door,blog.naver.com/ji_chuuuuuu,20260707,2026-07-07
세종정수기렌탈 세종얼음정수기렌탈 가격 비교부터 무료설치...,https://blog.naver.com/story11443/224339248364,"또한 공공기관과 기업, 병원, 학원, 카페 등에서도 정수기 렌탈 수요가 꾸준히 이어지고 있습니다.... 어린 자녀가 있는 가정 신혼부부 4인 이상 가족 사무실 병원 카페 및 음식점 학원과 각종 매장 최신...",이른양보,blog.naver.com/story11443,20260707,2026-07-07
카드결제기교체 고민 ? 서포트리로 빠른 정산과 수수료까지...,https://blog.naver.com/pys022512/224339248935,"음식점, 카페. 미용실 , 무인매장 처럼 주말이나 저녁시간대가 가장 바쁜 업종들이 있죠 그런데... 음식점, 카페, 미용실, 무인매장뿐 아니라 온라인 쇼핑몰과 1인 사업자까지 업종에 관계없이 빠르게 설치와...",쏠라의 일상블로그,blog.naver.com/pys022512,20260707,2026-07-07
전포프렌치토스트가 맛있는 조용한 카페 컴피클럽 COMFY CLUB,https://blog.naver.com/paraffinum/224339248279,비오는날엔 분위기가 더 좋은것 같은 느낌..☔️ 카페 건물 1층(입구) 전포 컴피클럽 찾아가는 법... 바로 카페 입구입니다 건물 내부 2층 입구 여기서도 처음에 커피클럽? 여기 맞아?하고 봤는데 아주 작게 'ㅁ...,열심히 사는 자매,blog.naver.com/paraffinum,20260707,2026-07-07
카페창업 교육 시스템 | 카페 창업 경험 없어도 카페 운영 정말...,https://blog.naver.com/cafegate/224339248901,"""저는 카페에서 일해본 적이 한 번도 없는데, 정말 창업해도 괜찮을까요?"" 카페 예비 창업자 10명 중 7명 이상이 비슷한 고민을 합니다. 결론부터 말씀드리면 교육 체계가 제대로 갖춰진 브랜드라면 경험 없이도...",카페게이트 공식블로그,blog.naver.com/cafegate,20260707,2026-07-07
2026 창원청년비전센터 청년도전지원사업(스텝업유스업)...,https://blog.naver.com/oceanpne/224339248817,또한 더운 날씨 속에서도 여유롭게 일정을 즐길 수 있도록 황리단길 인근 카페에서 자유 티타임을 가질 수 있게 운영했는데요. 참가자들은 시원한 음료와 함께 휴식을 취하며 투어의 여유를 즐겼습니다....,Ocean P&E 행사전문기업 오션피앤이 공식사이트 MICE,blog.naver.com/oceanpne,20260707,2026-07-07
날씨짱조은유럽여행기 2편,https://blog.naver.com/0511haha1/224339248492,있는 카페에 왔어용 아이스아메리카노 너무 그리웠어 이랬는데 요래됐슴당~! 한 시간...? 만에 급격하게 좋아진 날씨 확실히 비가 오고 나니 하늘이 어엄청 맑았다 덥지도 춥지도 않고 딱 적당한 날씨에 좋아하는...,૮꒰⸝⸝> ·̫ <⸝⸝꒱ა,blog.naver.com/0511haha1,20260707,2026-07-07
"나만의 분위기를 만드는 부산인테리어, 공간의가치 디자인에서...",https://blog.naver.com/yzbvbcplonwp/224339248936,"특히 공간의가치 디자인은 다양한 현장 경험으로 거실, 주방, 화장실 같은 주거공간뿐만 아니라, 카페나 사무실, 상가 등 상업공간 리모델링도 전문가답게 척척 해낸다고 해요. https://m.place.naver.com/place...",yzbvbcplonwp님의 블로그,blog.naver.com/yzbvbcplonwp,20260707,2026-07-07
[수완지구] 07월 신간도서 입고되었습니다!,https://blog.naver.com/mudn_infull/224339248061,안녕하세요! 머든 수완점입니다! 07월 신간도서 입고되었습니다! 구경하고 가세용~  ☘️신간 도서☘️ 괴수 8호 RELAX 04 그리게 된 이상 06 그렇게 물거품이 되어도 02 김전일 아빠의 사건부 03...,머든 24시 멀티북카페 [MuD'n],blog.naver.com/mudn_infull,20260707,2026-07-07
"[경주헬스,경주피티]경주 선수pt는 BL GYM",https://blog.naver.com/gj_blgym/224339248441,오픈채팅 ⬇️ #경주다이어트맛집 #경주피티추천 #경주핫플 #여자트레이너 #경주운동 #선수pt #경주헬스장 #경주비엘짐 #경주비엘짐용황 #경주비엘짐황성점 #경주비엘짐pt #비엘짐중앙점 #경주맘카페...,경주 BL GYM,blog.naver.com/gj_blgym,20260707,2026-07-07
선명한 음성 품질이 돋보이는 MY테크놀로지 MH-800D 디지털...,https://blog.naver.com/thehicompany/224339248662,캠핑 등산 가족 여행 골프장 스키장 음식점 카페 행사장 축제 운영 시장 및 매장 창고 관리 레저 활동 스포츠 경기 동호회 활동 야외 이벤트  주요 사양 항목 사양 제품명 MY테크놀로지 MH-800D 통신...,더하이컴퍼니 | 전국 무전기 전문 판매·상담·A/S,blog.naver.com/thehicompany,20260707,2026-07-07
배리어프리 키오스크 도입 전 꼭 알아야 할 정보 총정리,https://blog.naver.com/myplus77/224339248472,"식당은 물론 병원, 공공기관, 도서관, 스터디카페, 독서실까지 다양한 공간에서 활용되고 있는데요... 스터디카페처럼 출입 관리와 좌석 배정이 필요한 곳인지, 병원처럼 대기번호 발급 기능이 필요한 곳인지에...",감성초이의 온기가득한 집,blog.naver.com/myplus77,20260707,2026-07-07
안동 식당철거 폐업철거 업체 선택 노하우,https://blog.naver.com/nucountry/224339248706,"카페나 호프집처럼 인테리어가 독특한 매장은 마감재를 철거할 때 발생하는 폐기물량이 상당하므로, 폐기물 수거 차량 확보가 무엇보다 중요하죠. Q: 철거 후 건물주와의 보증금 반환 분쟁은 어떻게 예방하나요?...",⭐오늘도화이팅⭐,blog.naver.com/nucountry,20260707,2026-07-07
망원시장 타코맛집 엘도밍고 내돈내산 방문 후 솔직후기,https://blog.naver.com/ssostory_/224339248055,생각했지만 넵하고 나와보니 이런 문구갘ㅋㅋㅋ 뭔가 그 인스타카페 현실로 만난 거 같아서 기분이 나쁘기보다 웃겼어욬ㅋㅋㅋ 나가서도 한 10분정도 기다리니 사장님께서 불러주셨습니다..ㅎㅎ 혹시...,아이폰으로 기록하는 감성여행,blog.naver.com/ssostory_,20260707,2026-07-07
"[오사카 여행] 2박 3일 오사카 자유여행, 오사카 성, 우메다...",https://blog.naver.com/today2joy/224339248114,찾아보고 있었는데 우메다 빌딩에 카페가 브런치 카페가 있었어요! 그래서 간단하게 브런치와 커피를 시켜서 배부르게 먹고 다시 관광을 시작했어용!! 아래에서 내려다 본 우메다 공중공원은 진짜 어마...,today‘s JOY,blog.naver.com/today2joy,20260707,2026-07-07
거실 감성오디오 블루투스 턴테이블 `빅트롤라 이스트우드2`,https://blog.naver.com/cmkm121/224339248733,차 한 잔 내려놓고 좋아하는 LP 한 장 올려두면 집이 살짝 홈카페처럼 변합니다. 오늘은 뭘 더 해야지보다 이 음악 끝날 때까지만 가만히 있어볼까 싶은 기분. 그거면 충분히 마음에 드는 물건 아닐까요....,썸머블로그,blog.naver.com/cmkm121,20260707,2026-07-07
내돈내산 네스프레소 한정판 캡슐 후기 미식봉봉이 홈카페...,https://blog.naver.com/merisa_bonbon/224338652748,"네스프레소 버츄오 커피를 내리는 것만으로도 집안에 카페 향기가 그득그득 퍼지는 이 행복함, 다들 그래서 집에서 홈카페 귀찮아도 내려서 마시는거잖아요. 물론 버츄오 캡슐 커피 마시는건 귀찮을 일이...",집순이 미식봉봉이,blog.naver.com/merisa_bonbon,20260707,2026-07-07
"5세, 7세 두 아들과 걷는 제주_ 비 오는 날 걷기 좋은 구좌읍...",https://blog.naver.com/goor0110/224339248876,둘째 아이가 키즈카페나 가자고 자꾸만 툴툴거려서 엄마가 보여 주고 싶은 제주는 이런 곳이라고 이야기해 주었네요. 다섯 살 아이가 그 말 뜻을 알까도 싶지만 언젠가는 이해하겠죠? 어서 그런 날이 오기를...,두 아들과 즐거운 표류,blog.naver.com/goor0110,20260707,2026-07-07
갤럭시탭 S10 FE 플러스 1개월 사용기와 인강 태블릿 추천...,https://blog.naver.com/leeof01/224339248416,"배터리는 카페에서 오전부터 저녁까지 사용해도 충전 걱정이 거의 없었습니다. 무게와 두께는 6.0mm로 매우 얇아 휴대성이 뛰어납니다. 크기는 254.3 × 165.8mm로 13.1인치 화면임에도 부담스럽지 않으며, IP68...",정보leeof01님의 블로그,blog.naver.com/leeof01,20260707,2026-07-07
모먼트♡,https://blog.naver.com/yuniruah/224339246733,여름이라 그런지 파랑이 시원해보이고 이쁘네요♡ 이쁘다 원단 골라놓고 둘째가 태권도를 시작해서 데려다주고 기다리는동안 카페왔어요^^ 밖에 나오니까 엄청엄청 덥네요 이제 정말 여름! 집이 최고예요ㅎㅎ,MADEART,blog.naver.com/yuniruah,20260707,2026-07-07
청주 오송 분위기 좋은 커피 맛집 신상카페...,https://blog.naver.com/jiyoung85-/224339247493,청주 오송 분위기 좋은 커피 맛집 신상카페 [파일어스커피로스터즈] 분위기 너무 좋은 카페 내부 카페 안쪽에 화장실 파일어스커피로스터즈 메뉴판 맛있어 보이는 디저트 쿠키 오픈 이벤트!! 텀블러 / 원두...,jiyoung85-님의 블로그,blog.naver.com/jiyoung85-,20260707,2026-07-07
"둔포상가 임대 추천 둔포면 석곡리 노래방 상가, 룸 6개 완비",https://blog.naver.com/eoqkrqnehdtks2/224339247370,"부동산 카페 운영 프랜차이즈 전속 중개, 7개 브랜드 본사와 MOU 체결 천안·아산 공장·창고 전문 중개... 부동산 카페 운영  프랜차이즈 전속 중개, 7개 브랜드 본사와 MOU 체결  천안·아산 공장 및 창고 전문...",둔포 이지더원 상가 전문 대박부동산,blog.naver.com/eoqkrqnehdtks2,20260707,2026-07-07
초보도 다니기 좋은 왕십리헬스장 포시즌휘트니스 왕십리점,https://blog.naver.com/shnh0122/224339247113,회원 전용 카페까지 운영하고 있어 운동 전후 잠시 쉬어가기에도 괜찮아 보였습니다. 요즘은 단순히 기구만 많은 헬스장보다 운동을 꾸준히 이어갈 수 있는 환경이 더 중요하다고 생각합니다. 포시즌휘트니스는...,shnh0122님의 블로그,blog.naver.com/shnh0122,20260707,2026-07-07
천안 카페 추천 거북이단팥 진한 단팥이 맛있는 베이커리 맛집,https://blog.naver.com/mycoldbrew/224339247057,천안 카페 추천 거북이단팥 진한 단팥이 맛있는 베이커리 맛집 안녕하세요. 콜드브루언니입니다.... 천안 유량동 카페 거북이단팥 위치 및 영업시간 거북이단팥은 천안 유량동에 위치하고 있어요. 태조산...,콜드브루언니,blog.naver.com/mycoldbrew,20260707,2026-07-07
1박 2일 강릉여행 놀이 (•̀ᴗ•́)و ̑̑,https://blog.naver.com/m0___0ji/224339246776,최애 카페 중 하나인 평탄! 평일 낮에 방문했는데도 만석이였다.. 메뉴 하나하나 귀엽고 맛있어서... 큰 카페로 왔는데 디저트 종류가 다양했다 대형카페라 그런지 확실히 기본적으로 비싼편.. 그래도...,강릉사는 뚜벅이 ◡̈,blog.naver.com/m0___0ji,20260707,2026-07-07
[스타벅스] 모든 등급 3종 음료 중 택 1개 무료음료쿠폰...,https://blog.naver.com/discount_explorer/224339246863,ICE카페라떼 / ICE바닐라라떼 중 택 1 푸드 30% 할인 쿠폰 행사기간 : 7.8 ~ 8.14 바로 참여하기 링크... ICE카페라떼 / ICE바닐라라떼 중 택 1 푸드 30% 할인 쿠폰 행사기간 : 7.8 ~ 8.14 유의사항 및 주의사항 한번씩...,♥절약/부수익♥,blog.naver.com/discount_explorer,20260707,2026-07-07
시드스터디카페가서 시원하게 스터디,https://blog.naver.com/vip100-/224339247557,낙성대역 시드스터디카페. 지하철역이랑 가까워서 참 좋다. 내려가는.계단. 오늘따라 이 공간이... 전체적으로 깔끔하다 오늘도 2인실 스터디룸 사용. 항상 깔끔하고 마음이 편안해지는.스터디카페다.,shiny,blog.naver.com/vip100-,20260707,2026-07-07
구미 산동 확장 단지 소아 청소년과 소아 기능의학과 의원 개원...,https://blog.naver.com/min0181/224339247025,"● 까다로운 맘카페 여론 : 젊은 엄마들의 커뮤니티 파급력이 엄청납니다. 차료 효과가 좋으면... 이 방식은 산동 엄마들의 가장 강력한 무기인 ""맘카페 입소문"" 타기에 최적의 조건입니다. ※ 결론...",구미 산동 랜드마크 킹콩타워,blog.naver.com/min0181,20260707,2026-07-07
구로 개봉동 수제 카이막 맛집 예커피 다녀왔어요,https://blog.naver.com/gy951128/224339247377,"구로 개봉동에 있는 예카페, 수제 카이막으로 유명한 곳인데 남편이랑 나 둘 다 카이막을 처음... 개봉동 예카페 기본 정보 예카페는 서울 구로구 고척로21나길 63 1층에 있고, 개봉역 2번 출구 롯데리아 앞에서...","금같은 시간,새로운 것들 속에서",blog.naver.com/gy951128,20260707,2026-07-07
"내 귀에 꼭 맞는 소리 친구, 보청기 똑똑하게 선택하는법",https://blog.naver.com/hearingnetworkwe/224339247204,"카페에서 친구와 대화하다가 자꾸 되묻게 되는 상황. 혹은 부모님이 전화 통화 중에 자주 ""뭐라고? 다시... 예를 들어, 카페나 시장처럼 시끄러운 곳에 자주 가는 분은 잡음 감소 기능이 중요한 선택 기준이 될 수...",hearingnetworkwe님의 블로그,blog.naver.com/hearingnetworkwe,20260707,2026-07-07
파타야 타이거파크 후기 아기호랑이 뉴본 체험 7월 한정 방문...,https://blog.naver.com/lip_thai/224339247652,카페 겸 레스토랑도 있어서 유리창 너머로 호랑이 보면서 음료 마시는 사람들도 있던데 그 광경 자체가 신기했음. 사진은 직원분이 찍어주기도 하고 내 폰으로도 찍을 수 있어서 인생샷 여러 장 건졌어....,태국에 사는 사람들,blog.naver.com/lip_thai,20260707,2026-07-07
쿠레노토리의 별자리운세★2026년 7/06~7/12일,https://blog.naver.com/yhpyo65/224339246774,"예를 들어 커피를 마시려고 카페에 들렀을 때, 이전까지는 한산하던 곳이 당신이 들어간 뒤부터 손님이 늘어나 바빠지는—그런 순간이 늘어날 것 같은 흐름입니다. 인생이 좋아질 때는 주변부터 밝아지는...",토리타로의 소박한 일상 생각이야기,blog.naver.com/yhpyo65,20260707,2026-07-07
[부산 화명동] 화명동 대형 카페 설빙 부산화명수정점,https://blog.naver.com/byakim/224339247280,화명동에 새로 생긴 (조금 지났지만..) 설빙에 다녀왔어요! 사실 방앗간처럼 몇 번이나 들락날락하는 중입니다ㅋ 위치는 다이소 부산화명2호점 맞은편 라인에 샤브올데이 옆 건물 2층입니다!!! 2층 전체...,뱌의 소소한 일상,blog.naver.com/byakim,20260707,2026-07-07
미코하임 비너스 1400mm 식탁 솔직 후기,https://blog.naver.com/vpcb5bkktmk104/224339246999,"저희 집 주방이 훨씬 더 세련돼 보이고, 카페 같은 느낌도 들더라고요. 이 가격대에서 이런 디자인의 원목 식탁 찾기 쉽지 않은데, 정말 탁월한 선택이었어요. 추천 대상  4인 가족이 사용할 튼튼하고 예쁜...",vpcb5bkktmk104님의 블로그,blog.naver.com/vpcb5bkktmk104,20260707,2026-07-07
10-?. 플래너 업체 선정 (제이웨딩),https://blog.naver.com/el_1220/224339247770,"두 번째, 카페 활동만으로 포인트를 쏠쏠히 모으고 싶습니다. 물론 다른 활동들도 많으니, 스드메 0원 만들기도 가능합니다! 그치만 저는 카페 내에서 해결할란다 라는 생각입니다! 귀찮아서요.. 제이웨딩은...",연꽃이 좋은 사람,blog.naver.com/el_1220,20260707,2026-07-07
스마트폰 통화보다 훨씬 선명한 골전도 블루투스이어폰 2주...,https://blog.naver.com/50late/224339247382,"저는 주로 카페나 거리에서 통화하는데, 만족도가 높아요. 장시간 착용에도 편안함 유지 처음엔 귀에 직접 닿는 게 아니라서 이상할까 봐 걱정했는데, 오히려 장시간 착용해도 통증이 없었어요. 헬스 할 때도...",다정한 리뷰공간,blog.naver.com/50late,20260707,2026-07-07
압구정안과 스마일라식 후기! 검안 상담 회복과정 후기!...,https://blog.naver.com/gkdldud00/224339247580,나는 일찍 도착해서 근처 카페에서 시간 좀 때우다가 들어갔음. 잠실 압구정안과의원 첫 방문 - 정밀 검사  서울 서초구 강남대로 597 4층 (신사역 4번 출구 1분) 오후 2시 반에 예약을 잡았었는데 검사 항목이...,송화송화,blog.naver.com/gkdldud00,20260707,2026-07-07
광주 무보증 단기임대 오피스텔 3곳 2026년 보증금 0원 최신...,https://blog.naver.com/goodtrader2/224339247211,"피트니스 /  북카페 — 수완 현장의 경우 피트니스센터와 골프연습장, 작은 도서관이 마련되어 있습니다. ✨ 첨단 IoT 시스템 — 첨단 현장은 KT 기가지니 첨단 시스템이 적용되어 스마트한 생활이 가능하며...",부동산 가치성장 연구소,blog.naver.com/goodtrader2,20260707,2026-07-07
영주 상가철거 매장 철거견적 비교하고 진행하세요,https://blog.naver.com/nucountry/224339247861,"대형카페는 더 긴 시간이 필요할 수 있어요. 견적을 받을 때 예상 공기를 반드시 물어보고, 계약서에... 스터디카페: 전기 배선이 복잡하게 얽혀 있는 경우가 많습니다. 분전반 정리와 케이블 철거 시 안전 사고...",⭐오늘도화이팅⭐,blog.naver.com/nucountry,20260707,2026-07-07
초보 휴대폰성지 창업 옆커폰으로 시작하는 안정적인 수익 모델,https://blog.naver.com/dmsql1490/224339247433,카페 창업을 진지하게 알아보다가 초기 자본 규모에 놀라서 방향을 다시 잡게 되는 경우가 많습니다.... 카페 창업을 알아보다가 수억 원대 견적에 좌절했던 사람이라면 이 금액대가 훨씬 현실적으로...,찬찬히 잘먹는 블로그,blog.naver.com/dmsql1490,20260707,2026-07-07
홍천사랑상품권 사용처 가맹점 구매 충전 할인율,https://blog.naver.com/goodnewswa/224339246897,"사용처 및 가맹점 기준 홍천군 관내에 등록된 가맹점에서 자유롭게 사용할 수 있으며, 전통시장, 음식점, 카페, 학원, 미용실, 주유소 등 실생활과 밀접한 곳 대부분에서 결제가 가능합니다. 사용 가능 매장...",굿뉴스와,blog.naver.com/goodnewswa,20260707,2026-07-07
축구 보드게임 룰 설명 동영상 [대전 유성 보드게임 카페 타운],https://blog.naver.com/towngame/224339246896,플락스 축구 보드게임 룰 설명 동영상 [대전 유성 보드게임 카페 타운] 출처 - 인스타그램 chart jun,대전 보드게임 카페 타운,blog.naver.com/towngame,20260707,2026-07-07
조동 모임 즐겁게 소통하고 위로받는 꿀팁,https://blog.naver.com/well5226/224339246851,결국 수유실과 기저귀 교환대가 잘 갖춰진 대형 몰 내부의 조용한 카페로 장소를 정했답니다. 첫... 백일 전후 아기들과의 두 번째 만남 아기들이 생후 120일쯤 되었을 때 조금 더 편안한 베이비카페에서 두 번째...,well5226님의 블로그,blog.naver.com/well5226,20260707,2026-07-07
나의 6월,https://blog.naver.com/shalom_ing/224339247354,많아요 카페 찾아 삼만리하다 결국 예전에 갔던 카페행 입구 바껴서 입구 찾는데만 5분 걸림요 으네가 사준 저녁 샤브샤브 너무 좋아 샤브샤브 분명 라이트한 메뉴인데 맨날 많이 먹어서 왕 배부름 아 갑자기 또...,어느 멋진 날,blog.naver.com/shalom_ing,20260707,2026-07-07
거창 반값여행 허브빌리지 라벤더,https://blog.naver.com/moonpie_bok/224339247093,"운동장이 있던 자리에는 보랏빛 라벤더가 가득 피어 있고, 교실은 감성 카페로 변신! 폐교가 이렇게... 입장료가 5,000원인데 카페 음료까지 포함이라니! 요즘 이런 곳 찾기 쉽지 않잖아요. 저희는 라벤더라떼와...",복둥이의 성장 일기,blog.naver.com/moonpie_bok,20260707,2026-07-07
남양주 브리끄 카페 방문 후기... 펼쳐지는 감성 베이커리 카페,https://blog.naver.com/luckrich23/224339247478,"드라이브 코스를 찾다가 북한강이 보이는 카페로 유명한 브리끄(BRIQUE)를 방문하게 되었는데, 왜... 카페 외관부터 모던하면서도 자연과 잘 어우러지는 분위기였습니다. 통유리 건물이라 개방감이 뛰어나고...",인생은 건강한 여행이다,blog.naver.com/luckrich23,20260707,2026-07-07
김해 4인 소파 추천! 리자몽 4인 소파로 완성하는 편안한 거실...,https://blog.naver.com/pyj0517/224339247455,#김해모렌 #김해올랜드 #구올랜드김해점 #김해가구 #김해가구매장 #김해4인소파 #4인소파 #리자몽소파 #김해소파 #신혼가구 #김해신혼가구 #경남신혼가구저렴한곳 #김해이사가구 #리모델링가구 #카페가구...,행복한 야옹이,blog.naver.com/pyj0517,20260707,2026-07-07
"수원 광교미용실 레이어드컷 잘하는 곳, 긴머리 여성들은 왜...",https://blog.naver.com/wsi9705/224339247627,"수원 광교 카페거리 1층에서 자연스러운 헤어 디자인과 물멍 힐링 공간을 함께 제안하는... 수원 광교미용실 추천, 위스퍼그로브 위스퍼그로브는 수원 광교 카페거리 1층에 위치한 물멍 힐링 미용실입니다. 초록...",위스퍼그로브 feat.수안,blog.naver.com/wsi9705,20260707,2026-07-07
여자화장실 침입 전문가의 진단이 궁금하다면,https://blog.naver.com/iiii5252iiii/224339247306,사례 1 여자화장실 침입과 성적 괴롭힘 A씨는 한 카페에서 여자화장실에 무단으로 들어갔습니다. A씨는 카페 내부에서 일어난 여러 차례의 여성이 사용하는 화장실을 엿보려 했다는 사실이 드러났습니다....,✅판사의마음 판심✅서울법대판사/검사장 역임,blog.naver.com/iiii5252iiii,20260707,2026-07-07
예약만 했는데 미슐랭 3스타 셰프 디너에 초대? 올여름 챙겨야...,https://blog.naver.com/durimap/224339247246,2026년 6월 24일부터 7월 17일까지 네이버 예약을 통해 식당이나 카페를 예약하고 실제 이용을 완료하면 응모할 수 있는 이벤트인데요. 바로 강민구 셰프와 손종원 셰프의 포핸즈 다이닝(Four Hands Dining) 초대...,둘이 걷는 지도,blog.naver.com/durimap,20260707,2026-07-07
직접 만드는 천연발효 빵과 여유로운 공간이 매력적인 파주카페,https://blog.naver.com/sununa_/224339247156,바리루스는 매장 내 자체 제조시설을 갖춘 베이커리 카페라는 점이 특히 인상적이었습니다. 제조... 브런치부터 저녁 시간까지 즐길 수 있는 바비큐 플래터도 준비되어 있어 식사와 카페를 한 번에...,선유나의하루,blog.naver.com/sununa_,20260707,2026-07-07
"4,5 봄이왓어용",https://blog.naver.com/hangurum1/224339246483,쉽지않앗음 홍대 나온김에 타로도 쫌쫌따리 봤음 야장에서 맥주도 ㅎㅎ 부부의날을 맞이하여 저녁 밖에서 먹기 ㅎㅎ 주니네집에서 또 집들이하기 ㅎㅎ 울동네 느낌좋~은 카페에서 와인마셧당 집앞에서 투표완~~,CLARA COSMOS,blog.naver.com/hangurum1,20260707,2026-07-07
제주숙소:>드렌도트 : 가만히 앉아만 있어도 힐링 가득-분위기...,https://blog.naver.com/bbozzaki__/224339245754,"공용공간으로 카페드렌(조식 제공되는 공간) 라운지, 옥상, 유리온실이 있어요. 유리온실에서 식물과... 근처에 감귤 체험농장도 있고 곽지해수욕장과 애월 카페거리도 가까워요. 주차하고 길 따라 들어가면...",bbo._.zaki❤️,blog.naver.com/bbozzaki__,20260707,2026-07-07
[코스트코 7월 추천템] 역대급 쫄깃함이라는 신상 우유 찰볼 9...,https://blog.naver.com/ohappy43/224339245427,"촉촉함 끝판왕 ‘미니 마들렌’ 코스트코의 영원한 스테디셀러이자, 홈카페 디저트의 여왕 ‘미니 마들렌 24CT’입니다. 가격: 10,990원 구성: 24봉입 (개당 단가 400원꼴!) 원산지: 프랑스산 완제품 수입 이...",주부스타 최주부,blog.naver.com/ohappy43,20260707,2026-07-07
낭만은 여름이 제철이라던데,https://blog.naver.com/2dbwls114/224339245614,책들도 많았는데 이쁘지 않나요 많이 샀는데 안찍었네 너무 더워서 카페로 피신 내가 잘라줄게!^^* (와장챵) 인센티브 받았다고 자랑하는 개열받는 상황 근데 텅텅비어있음 ㅋㅋㅋ 뭐하냐ㅋㅋㅋㅋ 히히...,식욕저하짤집,blog.naver.com/2dbwls114,20260707,2026-07-07
"[제천 맛집] 피자부터 파스타까지, 제천 청전동 양식 맛집...",https://blog.naver.com/thingsovmine/224339246551,그럼 다음에도 알찬 정보로 찾아올게요 안녕 ~ ~ ♡ #제천맛집 #제천가볼만한곳 #제천 #내주변맛집 #근처맛집 #제천맛집추천 #제천청전동맛집 #제천카페 #제천현지인맛집 #제천파스타맛집 #파스타스토리,Thingsovmine,blog.naver.com/thingsovmine,20260707,2026-07-07
한화 퐁피두 센터 - 《큐비스트: 시각의 혁신가들》 후기,https://blog.naver.com/aneasel2/224339246261,티켓비용은 28000원이었다 적당한 티켓비용이었다고 생각한다 생각해보면 클라이밍 일일 이용 비용이 2만원이고 카페에서 커피에 케이크 하나 먹으면 넉넉 잡아 1만 5천원 정도 지불하게 된다 대표적인 문화...,잘 될거야,blog.naver.com/aneasel2,20260707,2026-07-07
8월 국비바리스타 과정 모집 중 입니다...,https://blog.naver.com/harrarcoffee_yangsan/224339245629,"핸드드립반 카페창업반, 로스팅반 모집 중 이니 많은 관심 바랍니다! #양산바리스타학원... 양산카페창업 #커피자격증 #커피교육 #양산직장인취미 #양산주부취미 #자격증준비 #바리스타학원추천...",하라커피아카데미학원_양산,blog.naver.com/harrarcoffee_yangsan,20260707,2026-07-07
부산 전포 맛집 추천｜대창인생 전포직영점 대창 솔직 후기...,https://blog.naver.com/ss_ong425/224339246128,전포회식 #서면회식장소 #전포저녁맛집 #전포데이트맛집 #서면데이트맛집 #부산데이트코스 #대창맛집추천 #곱창맛집추천 #대창구이맛집 #곱창먹방 #전포동맛집 #전포카페거리맛집 #전포신상맛집 #부산맛집투어,천방지축 만두와 얼렁뚱땅 쏭,blog.naver.com/ss_ong425,20260707,2026-07-07
강남역·양재역 대로변 상가·사무실 임대 전용 91평 권리금...,https://blog.naver.com/rezoffice/224339246461,권리금 없는 전용 91평의 여유로운 공간 구성 현재 이 자리는 유명 베이커리 카페가 성황리에 운영... 업종의 경계를 허무는 뛰어난 범용성 (업무시설 변경 가능) 현재는 카페 구조로 정돈되어 있지만 본...,리맥스 골든밸류 부동산중개,blog.naver.com/rezoffice,20260707,2026-07-07
"바이오플랜, 베트남 국영 커피공사와 협업 개시 - 기후위기 시대...",https://blog.naver.com/bioplan1/224339245382,"비나카페(베트남 커피총공사) — 베트남 정부 산하 국영 커피기업으로, 국가 차원에서 커피 산업을... 파트너 역할 바이오플랜 식물생리활성기술 기반 제품·기술 공급 빈디엔메콩 현지 유통 비나카페 생산관리...",바이오플랜 - 성공적인 농업생활,blog.naver.com/bioplan1,20260707,2026-07-07
카페 매장 대형 통유리 자국 없이 관리하는 법,https://blog.naver.com/rainhway/224339246654,"카페나 매장의 대형 통유리는 첫인상을 좌우하는 얼굴입니다. 안이 훤히 보이는 깨끗한 유리는 지나가던 손님을 안으로 들어오게 만들지만, 물자국과 얼룩이 남은 유리는 매장 전체가 관리되지 않는 인상을...",HY서비스님의 블로그,blog.naver.com/rainhway,20260707,2026-07-07
울산 동구 주전동 오션뷰 대형 베이커리 카페  : 카페 벼리,https://blog.naver.com/dlquf18/224339245399,하며 소파에 앉았는데 오빠가 카페라도 갈까? 오빠가 사줄게~~~~ 콜!!!!! 예전에 언니가 추천해 줬던 카페가 생각나서 바로 출발 ~ 비가 왔다 그쳤다를 반복하던 일요일 카페에 사람들 많이 있겠어? 했는데...,새콤달콤:),blog.naver.com/dlquf18,20260707,2026-07-07
3가지 소금빵 만들기 원데이 클래스 모집 _ 대구 빵 만드는곳,https://blog.naver.com/woo_ram_/224339245667,"보들랑 카페 & 공방 소개 1층과 2층 모습이에요. 1층은 베이커리 판매 공간, 2층은 커피 마스는 공간, 3층은 수업하는 공방이랍니다! ❤️ 마무리 소금빵은 기본을 제대로 배우면 다양한 응용 메뉴를 만들 수...",우리미의 끄적임,blog.naver.com/woo_ram_,20260707,2026-07-07
호빵 온장고로 간식 진열이 편해졌어요,https://blog.naver.com/leetrip4171/224339245874,그런데 동네 카페에서 본 것처럼 깔끔하게 보관하면서도 따뜻하게 유지되는 장비가 있으면 좋겠다... 이런 분들이 사용하면 좋을것 같아요  추천 대상 소규모 카페나 편의점처럼 간단히 온장 진열을 하고 싶은...,건강하고 행복한 삶,blog.naver.com/leetrip4171,20260707,2026-07-07
"합정 카페 해머플레이스 - 망치로 깨서 먹는 크림브륄레, 아들과...",https://blog.naver.com/coffeej88/224339245451,"합정 카페 해머플레이스 - 망치로 깨서 먹는 크림브륄레, 아들과 즐긴 합정 디저트 데이트 안녕하세요. 장하늘입니다. 카페를 다니다 보면 커피가 맛있는 곳도 좋고, 분위기가 예쁜 곳도 좋고, 디저트가 훌륭한...",장하늘발전소,blog.naver.com/coffeej88,20260707,2026-07-07
친구랑 태봉면옥 갔다가 자연산 장어에 완전 반해버렸어요,https://blog.naver.com/rkdwndnjs117/224339245977,"거기다 무인카페 시설도 운영 중이라고 하니, 식사 전후로 음료를 즐기기에도 좋은 환경이라는 생각이 들었어요. 이런 편의시설 구성만 봐도 손님 입장을 꽤 세심하게 챙긴 곳이라는 느낌이 와요. 태봉면옥은...",이따가 떠나는 동네기록,blog.naver.com/rkdwndnjs117,20260707,2026-07-07
"[쀼의 여수여행] 마음이 끌리는 대로~ (돌게장, 고소동카페...",https://blog.naver.com/goheeeee/224339245837,"#고소동카페포 여수 벽화마을에 위치한 오션뷰 카페이다. 밥도 든든히 먹었으니 어디서 여유를 부릴까 하다가 찾아온 카페 for 생각보다 여수 바다도 잘 보이고, 3층, 루프탑도 있어서 넓고 좋았다. 날씨도...",작지만 빛나는 한 알,blog.naver.com/goheeeee,20260707,2026-07-07
전라도 전남광주 전북 수국 명소 총정리,https://blog.naver.com/gebera12/224339245894,"20 전후 무료 더비 카페 광산구 동곡로185번길 14 10:30~21:30 해마다 6.20 전후 수국 규모 그리 크지... 비채카페 벽계길 37-1 2026. 6월 말 만개 입구 주차장 협소, 갓길 주차 6~7월 10시~21시 규모가 꽤 되는 편!...",아델레 트래블,blog.naver.com/gebera12,20260707,2026-07-07
260705_2번째_태백 금대봉_두문동재 금대봉 수아밭령 비단봉...,https://blog.naver.com/k9714876/224339245916,"2026년 07월 05일 일요일 맑음 광주첨단산악회 제862차(연25차) 정기산행 : 백두대간 태백 함백산 두문동재 금대봉 비단봉 바람의 언덕 매봉산 산행 일시 : 2026년 07월 05일(일) 01시 30분, 첨단우체국 최종출발...",동하의 힘찬새발걸음,blog.naver.com/k9714876,20260707,2026-07-07
[스노우반] 팥빙수기계 구매만족 후기 베스트 5,https://blog.naver.com/jt395/224339246320,"중입니다 카페단장 올 여름부터 실타래빙수를 판매 중인 단장입니다. 우유, 녹차, 밀크티 맛 세 가지로 구성했구요. 눈꽃빙수와는 차별화시키고자 저흰 실타래빙수를 판매했어요. 카페를 오픈한 지 얼마...",스노우반 공식 블로그,blog.naver.com/jt395,20260707,2026-07-07
제목 : 평촌카페 블루샥커피 평촌점 샥라떼 솔직후기...,https://blog.naver.com/ttlkes/224339246695,"주변 직장인들도 많이 찾는 카페다 매장 앞에는 다양한 메뉴가 보기 좋게 정리되어 있었다. 아메리카노부터 카페라떼, 바닐라라떼, 에이드, 스무디까지 종류가 다양해서 커피를 즐기지 않는 사람도 선택하기...",거북이방패의 이야기,blog.naver.com/ttlkes,20260707,2026-07-07
동작구 카드단말기 없이 토스페이 결제,https://blog.naver.com/gqgitxfqtzpvfx/224339246307,"음식점과 카페는 물론 병원, 약국, 미용실, 학원, 편의점, 의류매장 등 여러 업종이 운영되고 있어... 간편결제는 음식점, 카페, 베이커리, 병원, 약국, 미용실, 네일샵, 필라테스, 헬스장뿐 아니라 의류매장, 꽃집...",올페이24 단말기/포스/페이 전문,blog.naver.com/gqgitxfqtzpvfx,20260707,2026-07-07
2026 시험왕 이형재 지방자치론(핵심정리.기출해설.법령정리)...,https://blog.naver.com/yb_official/224339246702,"*저자 및 역자 소개 이형재 현)공단기 행정학 강의 서울대 경제학부 우등졸업 / 행정고시 제50회 재경직 합격 / 국무조정실, 조세심판원 근무 ★카페 café.naver.com/studying4v ★브런치 BRUNCH.CO.KR/@LEESIGI...",수험서 전문서점 / 스프링분철 / 빠른 배송,blog.naver.com/yb_official,20260707,2026-07-07
가성비 홈카페 완성 필립스 전자동 커피머신 EP1220/19 추천,https://blog.naver.com/trendletter_hy/224339246480,매일 아침 출근길에 마시는 카페 커피값이 은근히 부담스럽고 매번 나가기 귀찮으셨죠ㅎㅎ 집에서도 카페에서 내린 것처럼 신선한 원두커피를 즐기고 싶은 분들을 위해 딱 좋은 꿀템이랍니다. 제품...,재밌는 건 못 참지,blog.naver.com/trendletter_hy,20260707,2026-07-07
경북 칠곡군 아담하고 분위기 좋은 카페 “메르에필”,https://blog.naver.com/pipi303/224339245818,"우연히 검색 하다가 알게된 칠곡 카페 #메르에필 집에서 차로 40분 거리에 있지만, 먼 훗날 이런 나만의 시간도 그리워질거같아서 고민 끝에 다녀와보았다 가게 자체는 조용한 골목길에 커피간판이 보이면 도착!...",LIVE THIS MOMENT,blog.naver.com/pipi303,20260707,2026-07-07
어린이선크림 아토팜 야외놀이 워터프루프 선로션 후기,https://blog.naver.com/joy61062/224339246611,맘카페에서도 후기를 많이 볼 수 있었고 오랫동안 꾸준히 사랑받는 브랜드라는 점도 마음이 놓였답니다. 브랜드파워 부문 20년 연속 1위를 기록했다니~~ㅎㅎ 유해 우려 성분 10종을 배제하고 독일 더마테스트까지...,행복한 김다니,blog.naver.com/joy61062,20260707,2026-07-07
"꿀뷰 다운로드 - 알씨, 반디뷰와 기능 차이 비교, 단축키 설명",https://blog.naver.com/augustboy08/224339245400,간혹 블로그나 카페 등에서 잘못 받으면 악성코드에 노출될 수 있으니 반드시 공식 경로를 이용하시는 것이 좋습니다. [다운로드 순서] 1. 네이버나 구글 등 포털 검색창에 '꿀뷰'를 검색합니다. 2....,augustboy,blog.naver.com/augustboy08,20260707,2026-07-07
[서초] 카페사일로,https://blog.naver.com/sorcerysay/224339246219,* 초코 마카롱?? * 3.5,기멜모 기록 Blog -＊★,blog.naver.com/sorcerysay,20260707,2026-07-07
손금 사진이면 경주 손금 조용해서 상담받기에 정말 좋은 공간...,https://blog.naver.com/jjson1212/224339245841,창밖으로 하늘도 보이고 능이 보이는 뷰에 식물들이 곳곳에 놓여 있어서 카페처럼 편안한... 신박타로손금 #경주사주카페 #경주타로잘보는곳 #엔엔솔타로사주 #재물운팔찌 #경주사주궁합잘보는곳,행복은내손안에~,blog.naver.com/jjson1212,20260707,2026-07-07
"에피소드] 19년을 돌아 다시 만난 꿈, 양평 쌀피자 카페의 첫 간판",https://blog.naver.com/mearie777/224339246109,"드디어 우리 쌀피자 카페의 간판이 건물에 걸렸다. 간판 하나가 걸렸을 뿐인데, 건물을 바라보는 우리... 이제 그 꿈은 양평에서 쌀피자 카페라는 새로운 모습으로 다시 시작하게 되었다. 그동안의 과정은 결코...",농부 박재현목사 영성노트,blog.naver.com/mearie777,20260707,2026-07-07
밤가시버거 일산 [100프로 수제버거 1등 찐 맛집 내돈내산...,https://blog.naver.com/1000-jung/224339246073,아 그리고 밤리단길에 위치한 식당인데 워낙 근처 예쁜 카페도 많고 산책할곳도 있어 놀러어기 좋은곳... 일산카페거리 #밤리단길 #일산먹방 #맛집탐방 #일산가볼만한곳 #일산데이트코스 #고양핫플 #일산브런치...,시설관리자의 공간 관찰일지,blog.naver.com/1000-jung,20260707,2026-07-07
여름엔 아이스! 카페 포스터 디자인,https://blog.naver.com/sensation_studio/224339246183,"카페 포스터 디자인 보기만 해도 가슴이 뻥 뚫리는 시원한 블루 컬러로 카페 유리창을 채웠습니다. 화이트&우드 감성의 매장에 청량함 한 스푼 더하기 디자인부터 인쇄 퀄리티까지, 공간에 딱 맞는...",편집디자인회사 | 센세이션스튜디오,blog.naver.com/sensation_studio,20260707,2026-07-07
안산노래방 추천 고잔동에서 생일파티부터 단체모임까지...,https://blog.naver.com/kodwo123/224339246313,"고잔동은 식사부터 카페, 술자리, 모임까지 한 번에 이어가기 좋은 상권이 형성되어 있어 하루 일정을... 저녁 식사를 하고 카페를 갈 수도 있고, 가볍게 술자리를 가진 뒤 2차로 이동할 수도 있습니다....",kodwo123님의 블로그,blog.naver.com/kodwo123,20260707,2026-07-07
"내 집 마련 고민 끝, 검단신도시호반써밋1차의 든든한 조력자...",https://blog.naver.com/wqavthegcmpd/224339246366,"인터넷 검색이나 부동산 카페에서도 알쏭달쏭했던 실제 능력자답게, “이 집은 왜 이 정도 가격인지”, “비슷한 평형인데 왜 서로 차이가 나는지”까지 꼼꼼하게 비교해 주니 초보도 안심하고 결정할 수...",wqavthegcmpd님의 블로그,blog.naver.com/wqavthegcmpd,20260707,2026-07-07
식음료학과 대학 어디가 좋을까? 진로와 취업까지 한눈에,https://blog.naver.com/sshp1979/224339246064,"최근 식음료 산업은 단순히 음식과 음료를 제공하는 분야를 넘어 호텔, 관광, 외식경영, 카페 산업... 프리미엄 카페 시장의 확대, 호텔 산업의 성장, 관광객 증가, 다양한 외식 브랜드의 등장으로 전문 인력에...",학교법인 숭실대학교 숭실호스피탈리티 직업전문학교,blog.naver.com/sshp1979,20260707,2026-07-07
본식 DVD 결정 완료! 더링크호텔 링크홀 ‘더퍼스트데이’...,https://blog.naver.com/wptlvldzmaos/224339245444,"게다가 지금 블로그나 웨딩카페에 예약 후기를 작성하면 '1분 SNS용 영상'을 제작해 주시는 대박 이벤트도 진행 중이더라고요! 안 그래도 하이라이트 영상 하나 있으면 좋겠다 싶었는데, 이런 꿀 혜택까지 챙길...",또라에몽의 저세상 리뷰,blog.naver.com/wptlvldzmaos,20260707,2026-07-07
생생한 일본어 공부법! 히라가나 가타카나 마스터하기,https://blog.naver.com/rsconstruct/224339246489,"일본 여행을 가더라도 카페 메뉴나 편의점 상품, 전자제품 이름에는 가타카나가 많이 등장합니다. 일본에서 생활하거나 유학, 취업을 준비한다면 히라가나만큼 가타카나도 반드시 익혀야 합니다. 처음 일본어를...",rsconstruct님의 블로그,blog.naver.com/rsconstruct,20260707,2026-07-07
신나는 주말 나들이! 광양 LF스퀘어 챔피언1250에서 보낸 알찬...,https://blog.naver.com/jaeha_day/224339246411,"다른 키즈카페들은 입장권에 보호자 음료가 포함된 경우가 많은데, 이곳은 별도로 포함되어 있지... #광양아이와가볼만한곳 #광양LF스퀘어 #챔피언1250 #광양키즈카페 #아이랑주말나들이 #재하맘일상 #육아소통...",재하네 하루,blog.naver.com/jaeha_day,20260707,2026-07-07
경북도청 근처 코스요리맛집 [비스트로 포말하우트],https://blog.naver.com/iamjinik/224339246309,ㅎㅎㅎㅎ 근데 저 베리류가 올라간 디저트가 진짜진짜 맛있었어요!! 카페에 나오는 맛있는 디저트같았어요.. 일단 집 근처에 코스요리를 하는 식당이 생겨서 너무 좋네요 ㅎㅎ 오랫동안 있었으면 좋겠어요,"지니크의 모든 날, 모든 순간",blog.naver.com/iamjinik,20260707,2026-07-07
남포동 부평동 깡리단길 루프탑이있는 카페 제노아,https://blog.naver.com/jsy34260/224339244480,부평동 깡리단길 포차천국갔다가 바로앞에 있는 카페 제노아로 들어왔어요 외관도 이쁘고 커피도 맛있을것 같은 분위기라고 할까요 생각대로 커피도 맛있고 볼거리도 많아서 사진도 많이 찍었어요 아메(4.0)...,서유니의 일상여행,blog.naver.com/jsy34260,20260707,2026-07-07
대구국가산단 영무예다음 상가 임대 │ 전용 29.7㎡(9평)...,https://blog.naver.com/jslee3616/224339245198,"☕ 바로 옆에 카페가 있어 학부모님들이 아이를 기다리시는 동안 편하게 시간을 보내실 수 있습니다. 미술학원, 피아노학원, 바둑학원, 공부방 등 교육 관련 업종을 운영하시는 경우 학부모 대기 공간으로...",행복,blog.naver.com/jslee3616,20260707,2026-07-07
내인생 두번째 막달,https://blog.naver.com/sindory3/224339245243,있는 카페인데 여긴 바닐라라떼가 정말 고소하다☕️ 다음날엔 친정 부모님과 만세가 집으로 놀러왔다 리아와 좀처럼 가까워지지 못하는 만세ㅋ 아무래도 어린 리아가 들이대는게 부담스러운가보다 그와중에...,make it count ღ,blog.naver.com/sindory3,20260707,2026-07-07
[상해 동화대 어학연수] 4일차 - 개강/Cubic 3 San Lifang...,https://blog.naver.com/foollmon/224339243901,"이대로만 방에 쳐박힐 수는 없어서 혼자 카페투어하러 나왔다! 시간이 가는게 아까워서 뭐라도... 여기는 용캉로에 위치해 있는데, 여기에 괜찮은 카페들이 굉장히 많기 때문에 커피 좋아하시는 분들이라면...",이딜레이의 젼젼긍긍,blog.naver.com/foollmon,20260707,2026-07-07
"제부도 브런치 카페 해갓 오션뷰 대형 베이커리 맛집, 테라스온...",https://blog.naver.com/rladmsrud040/224339244847,"주변 카페나, 관광지, 맛집 등이 아닐까 싶은데요? 특히 아이와 함께 움직이는 여행에서는 동선도 짧고 엄마 아빠도 쉴 수 있는 감성까지 충족해주는 대형카페가 필수잖아요? 거기에 제부도라면 오션뷰를...",테라스온 : 화성 제부도 앞 가족 단체 펜션,blog.naver.com/rladmsrud040,20260707,2026-07-07
【이문 아이파크자이 상가】 - 의료클러스터 이문 ②,https://blog.naver.com/dada2210/224339243909,"자연스럽게 카페 음식점 편의점 죽집 베이커리 안경점 건강식품점 등을 함께 이용하기 때문에 주변... 입주 초기에는 약국 편의점 카페 부터 활성화되고, 이후 병원 학원 전문 음식점 순으로 상권이 확장되는...",이문동 부자부동산,blog.naver.com/dada2210,20260707,2026-07-07
"[안양 / 스태그커피] 안양 카공카페 추천, 박달동카페...",https://blog.naver.com/wjdekdms153/224339244808,"안양 카공카페 추천, 박달동카페 스태그커피 박달점 주말 방문기 ✔️ 주소 경기 안양시 만안구 양화로148번길 28 1층 ✔️ 영업시간 월~목 9:00 - 21:00 금 9:00 - 22:00 토~일 11:00 - 22:00 ✔️ 전화번호 010-****-****...",°˖✧ 다니의 일기장 ✧˖°,blog.naver.com/wjdekdms153,20260707,2026-07-07
단양 카페 만남 베이커리 & 스카이워크에서 디저트+커피 완벽...,https://blog.naver.com/dflju24255s/224339245225,"얼마 전 단양 드라이브 코스 중에 카페 만남 베이커리 & 스카이워크에 다녀왔어요. 단양 스카이워크 가는 길목에 있어서 위치도 딱 좋고, 무엇보다 자연과 감성을 한껏 즐길 수 있는 카페라서 너무...",자산기록장,blog.naver.com/dflju24255s,20260707,2026-07-07
"안산 본오동 카페 추천, 커피 맛집 ‘컴데이고데이’ 내돈내산...",https://blog.naver.com/euny__k/224339244154,"로스터리 카페로, 감각적인 공간과 직접 내리는 브루잉 커피로 입소문이 난 곳입니다. 커피를 좋아하시는 분들은 물론이고, 노트북 작업이나 공부하기 좋은 카페를 찾는 분들에게도 만족하실 카페입니다. 1....",우니 기록,blog.naver.com/euny__k,20260707,2026-07-07
[외대 방탈출/인생테마✨] 이머시브 방탈출 추천 - 엔터팟...,https://blog.naver.com/sl_hamzzi/224339245211,"ㅋㅋ - 중간에 화장실 갈 수 있구요, 카페 음료 마실 수 있는 구간도 있습니다. - 보고서를 꼬옥..... 먼저 적으세요.. 저희는 20분 동안 토론하다가 보고서 정리 못해서.. 추리 정리한 노트 토대로 저희한테 질문...",솜둥지,blog.naver.com/sl_hamzzi,20260707,2026-07-07
코스트코 7월 둘째 주 할인 상품 총정리: 장보기 전 꼭 챙길...,https://blog.naver.com/skinbella1004/224339244185,"음료 코너에서는 탄산수와 대용량 생수, 그리고 여름철 홈카페를 즐길 수 있는 원두커피와 아이스티 분말이 할인 중입니다. 쟁여두면 든든한 품목들이므로 평소 가격대를 눈여겨보셨다면 이번 기회에 구매하는...",skinbella1004님의블로그,blog.naver.com/skinbella1004,20260707,2026-07-07
갤럭시 S26 자급제 256GB SM-S942N 삼성 공식 라이브 혜택...,https://blog.naver.com/trendletter_hy/224339245085,어두운 밤거리나 실내 카페에서도 노이즈를 싹 잡아주는 기술 덕분에 흔들림 없이 선명하게 잘 나오더라고요. 동영상 흔들림 보정도 강력해서 걸어가면서 일상 브이로그를 찍어도 마치 짐벌을 쓴 듯...,재밌는 건 못 참지,blog.naver.com/trendletter_hy,20260707,2026-07-07
영광보청기 (셀프 청력점검 및 예방),https://blog.naver.com/canon8716/224339245113,"* [ ] 조용한 곳보다 시끄러운 식당이나 카페에서 대화할 때 상대방의 말이 잘 안 들린다. * [ ] TV나 유튜브 볼륨을 남들보다 유독 크게 키운다. * [ ] 상대방이 말할 때 ""어?, 뭐라고?"" 하며 다시 묻는 횟수가...",영광보청기,blog.naver.com/canon8716,20260707,2026-07-07
愛,https://blog.naver.com/eungeeya/224339244349,"하다보니 상체도 재밌다 (최애는 어깨) 너무 달지만 맛있어… 어머님 아버님과 형님, 아주버님이랑 우리 집들이하구 내가 좋아하는 카페도 같이 모시구 간날 ㅎㅎ 집들이 선물로 커피머신이랑 귀욤뽀쨕한...",.,blog.naver.com/eungeeya,20260707,2026-07-07
잉글레시나 퀴드3 사용후기,https://blog.naver.com/mini840616/224339244176,"접으면 크기도 작아져서 차 트렁크에 넣기도 편하고, 카페나 식당에서도 자리 차지를 많이 하지 않는 점이 좋았습니다. 그리고 기내 수납도 가능해서 공항에서 아이 태우고 다니다가 바로 탑승 직전 유모차를...",지금이 가장 좋을 때,blog.naver.com/mini840616,20260707,2026-07-07
"하우트의 새로운 블렌드, GROUND",https://blog.naver.com/hautecoffee/224339244864,매일 커피를 마시는 분 고소한 커피를 좋아하는 분 사무실에서 함께 마실 원두를 찾는 분 우유와도 잘 어울리는 블렌드를 찾는 카페 부담 없이 오래 즐길 수 있는 커피를 원하는 분 지금까지의 하우트...,HauteCoffeeCompany,blog.naver.com/hautecoffee,20260707,2026-07-07
맛집[다인] 100프로 신선한 제철과일을 즉석에서 갈아주는 카페,https://blog.naver.com/ziizs/224339244998,"우연히 들린, 생과일쥬스가 유명한 오래된카페에요 춘천 한림대학교, 한림대학교병원 근처에 위치... *** 영 업 안 내 *** 매일 12:00 ~ 19:00 033-251-2935 #춘천카페 #후평동카페 #후평동커피 #춘천생과일주스...",행복한 해용일기♡,blog.naver.com/ziizs,20260707,2026-07-07
말다닥 감자여행,https://blog.naver.com/koki0505/224339244986,예쁜 카페인데 입구 꼬불꼬불 줄서서 들어가는거 뭔가 싫어서 안가봤음 발 삐끗한 보더콜리 보고가삼 유림 지혜 서빈이 말다닥 달려가서 잡아준 자리에 앉아 한캇 찍고 좀 마시다 내려놨는데 지혜 혹시 목 마니...,₍ᐢ•ﻌ•ᐢ₎*･ﾟ｡,blog.naver.com/koki0505,20260707,2026-07-07
리움베이커리카페 정원에서 만난 귀여운 앵무새 친구들,https://blog.naver.com/richshooa/224339244713,"오늘은 제가 좋아하는 리움베이커리카페의 귀여운 앵무새들을 소개해 드릴게요. 남양주 리움베이커리카페를 걷다 보면, 빵과 커피뿐 아니라 반가운 친구들도 만날 수 있습니다. 바로 정원을 자유롭게 오가는...",따스한 정원,blog.naver.com/richshooa,20260707,2026-07-07
"동탄 신동 노블레스 3·4층 메디컬 MD, 지금이 병원 입점 검토...",https://blog.naver.com/kimms3114/224339245360,"5~7층에는 태권도와 어학원, 스터디카페 등 교육 관련 업종이 입점을 진행하고 있어 교육과 의료가 함께 어우러지는 상권을 기대해 볼 수 있습니다. 동탄 신동 노블레스는 3면 코너 입지와 주변 주거단지...",분양 노트,blog.naver.com/kimms3114,20260707,2026-07-07
성심당 노을멜론케이크 성공,https://blog.naver.com/sowewant/224339244271,유명한 카페!!!!!!!!!!! 메종… 원잇투메종탄방 망고샌드 꼭 드세요 ㅠㅠ 큰 기대 안했는데 맛있어따 망고 퀄리티가 진짜 좋았다 그 석유냄새 안나는 망고였음 진짜 맛있게 먹었다 @!!!!!! ㅠㅠ 왓츠 인 웡멩 백...,sowewant,blog.naver.com/sowewant,20260707,2026-07-07
남포동마사지 어디가 좋을까? 부산 여행과 데이트 코스로 많이...,https://blog.naver.com/jupsy0100/224339245001,맛집에서 식사를 하고 카페를 방문한 뒤 여유롭게 휴식을 취하는 일정은 많은 커플들이 선호하는 코스이기도 합니다. 부산 전체로 범위를 넓혀 보면 부산타이마사지를 검색하는 이용객도 꾸준히 증가하고...,비내리는호남선,blog.naver.com/jupsy0100,20260707,2026-07-07
삼성전자 2분기 영업이익 폭발한 이유 집값보다 놀란 직장인들,https://blog.naver.com/lllory/224339245314,"삼성전자 2분기 영업이익 폭발한 이유 집값보다 놀란 직장인들 요즘 동네 맘카페만 봐도 “삼성전자 괜찮아졌대? ”, “요즘 반도체 다시 뜨는 거야? ” 같은 말이 자주 보여요. 월급은 그대로인데 물가와...",작은손 맏며느리의 가성비 집밥,blog.naver.com/lllory,20260707,2026-07-07
Tell me am i crazy now?,https://blog.naver.com/bbooung3/224339244545,이현지랑 카페에서 공부 (또는 브롤) 스트레스 풀러 노래방 ㅎ 갑자기 지뚱이랑 나 여기에 앉힘 왜앉힌거야.  나는 김연진이 너무 우끼끼 아낌없이 사랑합니다 ㅎㅎ 엔시티 처하자. 답지: 이것만 보고는...,82%,blog.naver.com/bbooung3,20260707,2026-07-07
오픈행사 풍선아치 스카이댄서 나레이터 키다리 캐리커쳐...,https://blog.naver.com/wnsxo9574/224339244665,"오픈홍보 식당,카페, 가게 광고 안녕하세요. 행사 및 이벤트, 축제 등 행사기획, 대행, 섭외, 장비렌탈 모든 서비스를 해드리는 JS EVETN 입니다. 요즘 하루에도 많은 가게들이 문들 닫기도 하고, 새롭게 열기도...",JS이벤트,blog.naver.com/wnsxo9574,20260707,2026-07-07
만세구 새솔동 휴먼빌아파트 108동 중층 수변조망 매매 6억,https://blog.naver.com/jsy3553/224339244710,홈카페나 와인바에 온 듯한 특별한 정취를 느낄 수 있으며 안산인프라 이용까지 편리한 단지입니다. 영구 조망의 가치는 시간이 더 흐를수록 더 귀해진답니다. 만세구 새솔동 휴먼빌아파트 매물소개...,휴먼빌부동산,blog.naver.com/jsy3553,20260707,2026-07-07
부산 동래 온천천 팥빙수 맛집 여전히 맛있는 동래 옛날 팥빙수...,https://blog.naver.com/gmla1203/224339244748,#부산팥빙수 #동래옛날팥빙수 #부산빙수맛집 #동래팥빙수 #온천천맛집 #동래맛집 #부산디저트 #부산아이와 #부산아기랑 #26개월아기 #부산여행 #부산가볼만한곳 #부산여름맛집 #부산팥빙수맛집 #동래카페...,금산이네,blog.naver.com/gmla1203,20260707,2026-07-07
파주정수기렌탈 파주얼음정수기렌탈 최신 혜택부터...,https://blog.naver.com/cdy9599/224339244371,"사무실과 카페, 병원, 학원 등에서도 정수기 렌탈 문의가 증가하고 있습니다. 오늘은 파주정수기렌탈을... 어린 자녀가 있는 가정 신혼부부 대가족 사무실 병원 카페 및 음식점 학원과 매장 자동 살균 기능과...",♡,blog.naver.com/cdy9599,20260707,2026-07-07
4인분 같은 분당 정자역 '혼다 모빌리티 카페 더 고...,https://blog.naver.com/nuko_cosemetic/224339245140,""" 하고 정자역 근처를 탐색하다가, 아주 우연히 엄청난 스케일의 반전 카페를 발견해 다녀왔습니다. 하루에 딱 10그릇만 판매한다는 비주얼의 '혼다 모빌리티 카페 더 고(the go)' 생망고빙수 내돈내산 솔직 후기...",nuko_cosemetic님의 블로그,blog.naver.com/nuko_cosemetic,20260707,2026-07-07
분위기 좋은 카페 시흥 거북섬 데이트 코스로 딱인 누군가에게,https://blog.naver.com/fluffy_room_/224339244489,오늘은 시흥 거북섬에서 분위기 좋기로 소문난 카페 분좋카 누군가에게에 다녀왔어요. 통창 너머로... 시흥카페 중에서 이렇게 디저트 퀄리티가 높은 곳을 찾기 쉽지 않은데 말이죵! 에그와플 (생크림...,˚₊ˎˎ˖ꕤfluffy roomꕤ˖ˏˏ₊˚,blog.naver.com/fluffy_room_,20260707,2026-07-07
"공장,물류창고,한도를 높게 이용하려 한다면, 감정을 잘 받아야...",https://blog.naver.com/beby22/224339243890,"4,음식점,카페 집기류 및 전자제품 5,운동시설 기구 (헬스, 필라테스, 재활센터, 골프장, 볼링장) 6,의료기기,수술 장비 7,세탁 시설 시설 구입자금,리스,렌탈,중고기계담보대출,인테리어 공사비 렌탈 시설. 기계....",주아의 금융정보,blog.naver.com/beby22,20260707,2026-07-07
실용적인 2000800책상 소르니아 라운드 책상 방문설치...,https://blog.naver.com/gjo9uabkbz/224339245147,"세라믹식탁상판 플레이트 맞춤형 대리석 패널 테이블 카페 원형 사각 ￦ 170,000원 별점 : ⭐⭐⭐⭐⭐ 3. 세라믹식탁상판 플레이트 맞춤형 대리석 패널 테이블 카페 원형 사각 불편하던 조립 걱정 없이...",계범신,blog.naver.com/gjo9uabkbz,20260707,2026-07-07
나고야 06.18-06.20,https://blog.naver.com/511_6/224339243939,요런 카페에서 카페인 충전을 했어요 잔이 귀엽고 차갑고 커피는 걍그랬음 솔직히 사진 잘나왔길래 인스타 프사도 오랜만에 바꿈 자유시간 다 돼서 읏쇼읏쇼 버스로 돌아갑니다. 짠 또 쳐 잤더니 시라카와고에...,511.6,blog.naver.com/511_6,20260707,2026-07-07
로지텍 Keys-to-go 2 직접 써본 솔직 사용기,https://blog.naver.com/fnjg30jx5kdk5/224339244236,"카페나 도서관 갈 때 짐이 확 줄었답니다. 2. 팬터그래프 방식이라 키감이 정말 부드러워요. 노트북... 분 ✅ 카페나 이동 중에 노트북 대용으로 태블릿을 활용하고 싶으신 분 솔직히 처음엔 95,700원이라는...",fnjg30jx5kdk5님의 블로그,blog.naver.com/fnjg30jx5kdk5,20260707,2026-07-07
Jul · 2nd anniv.,https://blog.naver.com/yeonchive333/224339245203,브런치카페 왔당~~ 호주식 브런치가게라서 아보온토스트 먹으려다 샌디치 시킴 존맛. 파스타는 그냥 그냥 그랬음 그리구 풀빌라 숙소 왔는데 비도 적당히 오구 넘 운치있었다 근데 진짜 개ㅐㅐ피곤해서...,ᶻᶻᶻ.ᐟ,blog.naver.com/yeonchive333,20260707,2026-07-07
해피아워 요금제로 놀고온 보드게임카페 레드버튼 영등포점,https://blog.naver.com/awesome__daily/224339242752,보드게임카페 레드버튼 영등포점 ▪ 내돈내산 솔직리뷰 ▪ 영등포 타임스퀘어 근처에서 점심먹고 영화보기 전까시 시간이 애매하게 남아서 뭐할까하다가 실내에서 놀고싶어 가게된 보드게임카페 레드버튼...,어썸라이프,blog.naver.com/awesome__daily,20260707,2026-07-07
여름에도 꿀을 찾는 이유? 시원하게 즐기는 꿀쟁이 꿀 활용법...,https://blog.naver.com/honeyer0014/224339243092,홈카페 디저트처럼 즐길 수 있어 손님 접대용으로도 좋습니다 4. 시원한 녹차꿀 한 잔 꿀쟁이의... 집에서도 카페처럼 특별한 디저트를 즐길 수 있습니다 여름에도 벌꿀은 다양하게 즐길 수 있습니다 꿀은 계절에...,꿀쟁이,blog.naver.com/honeyer0014,20260707,2026-07-07
"용인 원삼면 상가임대, sk하이닉스 배후상권 통유리 단층 상가...",https://blog.naver.com/fjqmwnsqhd/224339242834,"경사지붕 구조로 최고높이 8.785m, 실사용 층고는 약 6m 수준이어서 층고가 필요한 업종(카페, 전시형 매장, 쇼룸 등)은 물론 사무실 용도로도 활용할 수 있습니다. 남녀가 분리된 화장실 2개를 완비해 방문객...",털보네 부동산,blog.naver.com/fjqmwnsqhd,20260707,2026-07-07
"창원 컴포즈커피 창업, 1만 세대가 만드는 꾸준한 일상 매출",https://blog.naver.com/ambitionjo1/224339243222,"카페 창업을 준비하는 분들과 상담하다 보면 의외로 가장 많이 놓치는 부분이 있습니다. 많은 분들이 유동인구가 많은 곳을 먼저 찾으시지만, 실제 오래 운영되는 카페들을 보면 꼭 그런 곳만 잘되는 것은...",창업365 조성민팀장,blog.naver.com/ambitionjo1,20260707,2026-07-07
수원시환경성질환아토피센터 시설관리 채용분석...,https://blog.naver.com/safetylink/224339242897,자세한 채용분석은 네이버 카페 소방취업센터에서 확인하세요. https://naver.me/5ulv6HvD #수원시환경성질환아토피센터채용 #수원시설관리채용 #소방안전관리자2급 #공공시설관리 #보건시설관리 #소방취업...,소방취업센터(safetylink)님의 블로그,blog.naver.com/safetylink,20260707,2026-07-07
김포정수기렌탈 김포얼음정수기렌탈 최신 혜택부터 설치까지...,https://blog.naver.com/godud5653/224339243050,"병원, 카페, 학원 등에서도 정수기 렌탈 수요가 높습니다. 오늘은 김포정수기렌탈을 고민하는 분들을... 어린 자녀가 있는 가정 신혼부부 손님 방문이 잦은 가정 카페 및 음식점 병원과 사무실 학원 및 매장...",소율love준희,blog.naver.com/godud5653,20260707,2026-07-07
"직원 1명 뽑기 전 꼭 정해야 할 것, 소상공인 사업주 노무관리...",https://blog.naver.com/dy000001/224339242813,"편의점, 카페, 병원 접수, 학원 데스크, 미용실 보조처럼 직원이 매장을 비우기 어려운 구조라면 휴게시간을 실제로 보장했는지 다툼이 생길 수 있습니다. 따라서 채용 전 아래를 먼저 정해야 합니다. 확인 항목...",대유노무법인 천안지사,blog.naver.com/dy000001,20260707,2026-07-07
제추억의게임이죽고있어요,https://blog.naver.com/kitten--/224339243166,비록 저를 카페에서 영구정지시키긴했지만 ( 진짜 아무 이유 없이 ) 열심히 해온 추억의 게임이기에 아쉬운 기분이 드네요 망한김에 큐브 30000개 뿌리고 섭종하면안되나요 #서버종료 #섭종기원 #얼음땡가지마...,구몬어학원평양점,blog.naver.com/kitten--,20260707,2026-07-07
이지스 체크 리포트 안내,https://blog.naver.com/aegis_study/224339243560,"이지스스터디카페 학여울점에서 보호자님을 위한 새로운 서비스, 이지스 체크 리포트를 시작합니다!... 우리 아이가 스터디카페에 진짜 잘 다니고 있는지 궁금하셨던 분 입퇴실 알림만으로는 뭔가 부족하다고...",이지스 스터디카페 학여울점·잠실새내점,blog.naver.com/aegis_study,20260707,2026-07-07
후쿠오카 여행 필수 서비스 카고패스 수하물 배송으로 가볍게...,https://blog.naver.com/dhtjstod7117/224339243039,"찍거나 카페를 방문할 때도 훨씬 편하게 움직일 수 있었던 카고패스 ,,, 후쿠오카는 도보 이동이 많은 여행지인 만큼 짐 하나만 없어져도 체력 소모가 크게 줄어드는데 여행의 시작부터 끝까지 가볍게 움직일 수...",햅삐한 유미,blog.naver.com/dhtjstod7117,20260707,2026-07-07
★ 일본 // 후쿠오카 [모찌증정&입장료포함] 매일출발...,https://blog.naver.com/wandernest_/224339242719,"특히 금붕어가 있는 작은 카페와 소품샵들이 정말 인상적이었습니다. 벳푸 지옥온천은 생각보다 훨씬 웅장했고, 단순한 온천이라기보다 자연 관광지 느낌이라 색다른 경험이었습니다. 하루 만에 이렇게 다양한...",달숨,blog.naver.com/wandernest_,20260707,2026-07-07
[말레이시아 5박6일 자유여행] 쿠알라룸푸르&페낭 내돈내산...,https://blog.naver.com/hong_howl/224339242933,원래는 1층에 있는 카페에 시간 맞춰 가면 준비해주시는 것 같은데 저희는 시간이 안맞아서 방으로 가져가겠다 했더니 친절하게 직접 가져다 주시더라구요 그리고 체크아웃하고 시간이 좀 남아서 그 카페에...,하울의 움직이는 일상,blog.naver.com/hong_howl,20260707,2026-07-07
만원어치 간식이 2천원으로? 알감자버터구이 10분 만에...,https://blog.naver.com/4me__/224339242912,#알감자버터구이 #통감자버터구이 #휴게소감자만들기 #휴게소감자 #감자요리 #간식만들기 #홈카페 #자취요리 #아이간식 #맥주안주 #살림꿀팁 #오늘뭐먹지 #집밥 #홈쿡 #간단한레시피 #겉바속촉 #감자구이...,츈미의 미담기,blog.naver.com/4me__,20260707,2026-07-07
업소용 식기세척기 린스는 꼭 필요한가요? 효과와 선택 기준...,https://blog.naver.com/newsejemall/224339242929,"제품 유형 주요 특징 추천 용도 일반 린스 물 얼룩 제거 및 건조 효과 일반적인 식당, 카페 등 농축 린스 적은 양으로도 높은 효과, 경제성 우수 대규모 식당, 사용량이 많은 업장 친환경/저자극 린스 인체 및...",세제연구소 세제몰,blog.naver.com/newsejemall,20260707,2026-07-07
김해 장유 카페 매장 목공작업 공간은 어떻게 완성될까요?,https://blog.naver.com/sess2eugene1/224339243780,오늘은 김해 장유 지역 상가에서 진행한 카페 매장 목공작업 현장을 소개해드릴게요. 넓은 전면 창이... 결정합니다 카페 매장 목공작업에서 가장 먼저 하는 일은 공간 구획이에요. 카운터가 어디에 어떤 형태로...,목공사 전문시공 우드림,blog.naver.com/sess2eugene1,20260707,2026-07-07
감성카페 '사부작상점' 리뷰✨,https://blog.naver.com/seojin_1231/224339243700,오늘은 감성카페 리뷰를 올려보려고 합니다..!! 그곳은 바로 '사부작 상점'입니다아ㅏㅏ 혹시 여기 가보신 분 계시나요..?? 여기는 제가 갔던 카페중에 가장 마음에드는 카페인데요..!! 내부 인테리어가 너무...,묘며먀매의 덕질일기,blog.naver.com/seojin_1231,20260707,2026-07-07
일산 아이와 가볼만 한 곳 어린이 체험농장 :: 농장의계절,https://blog.naver.com/zldnlvnelda/224339243205,좀 시시할 거 같기도 하고 근데 가격을 생각하면 좀 비싼거 같기도 했다. 키즈카페에 비하면 저렴하지만 그래도 가격에 비하면 남는거는 숲놀이터밖에 없었던듯?? 어린 아이들에게 추천할 만 한 공간이었다.,Sseol's Diary,blog.naver.com/zldnlvnelda,20260707,2026-07-07
수능시험,https://blog.naver.com/kdbstudyulsan/224339242970,여름방학입니다 여름방학은 KDB스터디카페 울산신정푸르지오점에서 썸머하우스처럼... 썸머스쿨처럼... 여름방학때 KDB스터디카페 울산신정푸르지오점에서 공부하고... 성적도 오르고... 등급도 오르고...,KDB스터디카페 울산신정푸르지오점,blog.naver.com/kdbstudyulsan,20260707,2026-07-07
카페 부산진역점 설치사례 - 출퇴근 시간마다 반복되는 카페...,https://blog.naver.com/shust/224339243219,출퇴근 유동인구가 많은 부산진역 이번 설치 현장은 이디야카페 부산진역점입니다. 부산진역 주변은... 카페에서 자주 세척하는 물품 품목 사용 빈도 피처 ★★★★★ 머그컵 ★★★★☆ 계량컵...,셰프롬 (CHEFROM),blog.naver.com/shust,20260707,2026-07-07
<대구 칠성동 신전떡볶이 본점>- 확장 이전 매장방문 후기,https://blog.naver.com/ddinknk/224339243128,볼수록 카페에 온 거 같은 그런 기분.. ㅋㅋㅋ 셀프바. 앞접시와 포크. 물컵은 여기서 들고 오시면 됩니다. 본점이 커지고 나서 카페 메뉴도 생겼다고 들었는데 생각보다 종류가 더 많아요 - ! 주문은 키오스크로...,어서와요 지희의숲✧˚ ༘ ⋆｡˚,blog.naver.com/ddinknk,20260707,2026-07-07
시부야카페 추천 더 말차 도쿄 오모테산도(The Matcha...,https://blog.naver.com/kongjbjb/224339242964,The Matcha Tokyo Omotesandō 100% 오가닉 말차 내가 말차에 진심일 줄은 모름... 더 말차 도쿄를 먹은 후 알았다 나 말차 좋아하네??????? 시부야 오모테산도에 위치한 더 말차 도쿄 먹어봐야 안다 그리고 시럽없어도...,콩이맘의 블로그,blog.naver.com/kongjbjb,20260707,2026-07-07
“휴양지에서 더 빛나네” 야경 속 옐로 플로럴 무드 아이즈원...,https://blog.naver.com/infoplusinfo/224339243838,"플로럴 원피스는 수영장 근처 카페나 리조트 라운지에서도 활용하기 좋은 아이템입니다. ▶""조유리 아이즈원"" 확인◀ 풀빌라 수영장룩에서는 컬러를 많이 섞기보다 옐로, 화이트, 베이지처럼 부드러운 색으로...",흥미로운 최신 연예 소식,blog.naver.com/infoplusinfo,20260707,2026-07-07
오사카 신사이바시 호텔 추천 sugata 호텔 만족 후기 (위치...,https://blog.naver.com/wonning_/224339242767,호텔 바로 맞은편에 패밀리마트가 있어서 밤늦게 야식을 사러 가거나 필요한 걸 조달하기에 접근성이 아주 좋았어요 ㅎㅎ [1층 감성 카페 공간] 호텔 1층에 아주 깔끔한 카페가 있어요 특히 마지막 날...,핸닝의 기록 Wedding & More,blog.naver.com/wonning_,20260707,2026-07-07
과천청사역 한양수자인 오피스텔 전용52타입 1.5룸 관악산뷰...,https://blog.naver.com/sungone8181/224339243387,과천성원부동산 ☎ 010-****-**** / 02-502-8181 전세·월세 문의나 세대 내부 실사 안내 원하시면 편하게 연락 주세요 과천 오피스텔 오피스 상가 라운지 : 네이버 카페 #과천오피스텔 #한양수자인오피스텔...,과천성원공인중개사사무소,blog.naver.com/sungone8181,20260707,2026-07-07
"포천 카페 추천, 참나무쟁이카페 방문 후기 | 가평 드라이브 코스",https://blog.naver.com/wldo0530/224339243556,"가평 계곡으로 놀러 가는 길, 잠시 쉬어갈 곳을 찾다가 우연히 발견한 곳이 바로 참나무쟁이카페였습니... 막상 들어가 보니 생각보다 규모가 크고 분위기가 차분해서 드라이브 중 쉬어가기 좋은 카페라는...",드문드문 드호,blog.naver.com/wldo0530,20260707,2026-07-07
Ubuntu Cafe - 롱비치 우분투카페에서 브런치와 라벤더 커피,https://blog.naver.com/somsomi88-/224339243187,"새언니의 가게가 롱비치에 멀지 않은 곳에 있어, 언니가 롱비치 카페를 소개해줬다. 롱비치의 비싼 주택가를 따라 한적한 바다와 공원 바로 앞에 있는 우분투 카페. 실내/야외 자리 모두 있는데 야외...",꿀벌일상,blog.naver.com/somsomi88-,20260707,2026-07-07
벨킨 아이폰 17 16 시리즈 AR 저반사 필름 경험,https://blog.naver.com/everiron80/224339243086,이젠 주말 외출에서도 카페에서 사용하기가 더 즐거워요. 사용 시나리오 2 - 주말 외출 주말에 친구들과 카페에서 보냈던 시간도 잊을 수 없어요. 필름 덕분에 기념사진을 찍을 때마다 화면이 완전 맑아서 기분이...,별하늘일기,blog.naver.com/everiron80,20260707,2026-07-07
인천 부평구 삼산동 왕초보 영어회화 성인 영어과외 영어를...,https://blog.naver.com/gktchzh099/224339243434,"수업에서는 공항, 호텔, 식당, 카페, 쇼핑처럼 여행에서 자주 사용하는 상황을 중심으로 반복 연습을 진행했습니다. 처음에는 짧은 문장도 어려워했지만 꾸준한 쉐도잉과 롤플레이를 통해 점차 영어를 말하는...",❤️❤️과외는 주쌤과외 01042352170 ❤️❤️,blog.naver.com/gktchzh099,20260707,2026-07-07
대학생 방학은 2달이 넘는다면서?,https://blog.naver.com/minseoda713/224339243212,3/31 개론교수님이 목(木)을 보고 오라하셔서 목(木) 감상 드가~ 아리따운 여성분들과 황리단길 데이트도 했습니다~ 대릉원 산책~느좋카페투어~ 십점만점에 십점!!!드립니다. 사실 첫대학. 새로운 사람들. 정말...,<3.O3SUIW님의 블로그,blog.naver.com/minseoda713,20260707,2026-07-07
거제 CGV 슈퍼마리오 갤럭시 굿즈 요시팝콘통 실물 후기,https://blog.naver.com/smdvh107/224339243695,"당근에 들어가거나 맘카페등 많은 양의 제품이 올라와 있는 모습을 볼 수 있었으나 확실히 가격이 뻥~ 튀기로 비싼 가격에 판매를 하고 있었어요. 요시팝콘통 실용성, 막상 써보니..... 처음 개봉했을 때 기분은...",모리블 모든 것을 리뷰하는 블로그,blog.naver.com/smdvh107,20260707,2026-07-07
파리) Musse d'Orsay 오르세 미술관,https://blog.naver.com/ksa07133/224339242829,있는 카페도 넘 멋진데 시간이 없어서 차 한잔할 엄두도 못 내고 루브르는 일주일을 봐도 시간이 모자란다고 해서 포기하고 파리에서는 오르세만 보기로 했는데 5시간으로는 턱도 없는 .. 하루 종일 있어도 너무...,소소한 즐거움,blog.naver.com/ksa07133,20260707,2026-07-07
"6월 통영, 거제여행",https://blog.naver.com/rosy__palette/224339242758,집으로 돌아가던 중 쉬었다 갈겸 점심식사 하러 함양 고깃집 불판이 특이했다. 수정 돌판구이라고 하던데 식당 한쪽에서 고기도 팔았음 카페오도재 산 중턱에 있던 카페 예뻤는데 밖에 너무 추웠어요 ㅠ,rosy palette,blog.naver.com/rosy__palette,20260707,2026-07-07
26.6/발로 차⚽,https://blog.naver.com/kikiclothing/224339242821,생각보다 감성적인 카페네 하고 갔는데요 맛은 아쉽고 샷시가 오래 되어서 그런가 창가에 벌레가... 럭키하다 뭘 마셨더라 ㅠㅠ 엄마는 카페인이 가장 적은걸 마셨는데 기억이 안난다 아빠가 고른건 기억나지...,@shinaeping,blog.naver.com/kikiclothing,20260707,2026-07-07
청주키즈카페 쵸이캣 청주점|아이와 함께 하루 종일 놀기 좋은...,https://blog.naver.com/nillilishop/224339243042,그렇다고 매번 키즈카페만 가기에는 조금 아쉽고 부모도 함께 즐길 수 있는 공간이 있으면 좋겠다는 생각이 들었는데요. 제가 이번에 다녀온 쵸이캣 청주점은 일반적인 키즈카페와는 조금 다른 분위기였어요....,늴리리룩,blog.naver.com/nillilishop,20260707,2026-07-07
"일상 속 미세 플라스틱, 의식적으로 줄이는 습관들",https://blog.naver.com/luxran77/224339243084,"카페에서 플라스틱 컵 대신 텀블러를 사용하거나, 장을 볼 때 장바구니를 챙기는 것과 같은 작은 습관이 모여 큰 변화를 만들 수 있습니다. 또한, 플라스틱 빨대, 비닐봉투, 일회용 수저 등 사용 빈도가 높은...",luxran77님의 블로그,blog.naver.com/luxran77,20260707,2026-07-07
아기랑 제주도 서귀포 여행 7일차 코스추천,https://blog.naver.com/uscx231/224339243654,뷰스트 사계해안을 보러 가던 중 갑작스러운 비를 만나 급하게 바다 근처 카페로 들어갔어요 화상송이... 남는 카페였습니다  중문고등어쌈밥 제주도에 오면 꼭 먹어봐야 한다는 고등어쌈밥! 처음엔 이름만 듣고...,치뚜네,blog.naver.com/uscx231,20260707,2026-07-07
[홍대]아기자기한 레터링 케이크 맛집 기념일 케이크 취향 저격...,https://blog.naver.com/1_17song/224339243052,안쪽에 좌석도 있고 전체적으로 아기자기한 느낌이라서 그냥 카페로 방문해도 좋을 것 같았아요. 제가 방문한 날도 너무 습해서 커피 마시면서 힐링하면서 쉬다가 픽업했어요 ㅎㅎ 메뉴판 메뉴는 위를...,송송이의 신혼육아일상,blog.naver.com/1_17song,20260707,2026-07-07
네이처풀 강아지숲 방문 후기! 강아지도 사람도 만족한 춘천 여행,https://blog.naver.com/bingkh4/224339243641,#네이처풀강아지숲 #강아지숲 #춘천강아지숲 #춘천여행 #강원도여행 #애견동반여행 #반려견여행 #강아지와여행 #강아지데이트 #애견동반추천 #반려견놀이터 #강아지운동장 #애견카페추천 #아이와가볼만한곳...,아둥이바둥이,blog.naver.com/bingkh4,20260707,2026-07-07
진주혁신도시 인터넷설치 아파트 신규개통 현금지원,https://blog.naver.com/xqqother/224339243374,이런 정보는 해당 단지의 입주민 카페나 지역 커뮤니티에서 실질적인 사용자들의 후기를 참고하는 것이 매우 효과적입니다. 특히 진주혁신도시와 같이 계획된 도시 내에서는 각 단지별로 인입되어 있는...,✅ 오늘의 하루 ✅,blog.naver.com/xqqother,20260707,2026-07-07
(구미/문성) 다양한 종류의 구움과자들을 만날 수 있는 카페...,https://blog.naver.com/dmstj335/224339243148,"오늘의 커피타임 카페는 다양한 종류의 구움과자들을 맛볼 수 있는 시리 베이커리입니다! 주차 자리는... 카페 한편엔 냉장 쇼케이스도 마련되어 있었는데 차갑게 먹는 바스크 치즈케이크와 크럼블, 샤레와...",Dear My Diaryෆ,blog.naver.com/dmstj335,20260707,2026-07-07
5월 결산보고서_돈아 어디 갔니 (feat. 가정의 달),https://blog.naver.com/amableesg_/224339243572,누가바 마라탕 먹는데 나 다이어트하라고 요만한 수저 주는 사람 … 내가 좋아하는 바지 입고 1일 1카페 중 #카페안지 인테리어가 특이하고 신비해서 가봤는데 역시 이런 곳은 비싸고 불편하다 … 케이쿠는...,amableeeee,blog.naver.com/amableesg_,20260707,2026-07-07
"대부도 카페 추천, 차로 10분이면 도착하는 영흥도 오션뷰 카페...",https://blog.naver.com/dhxorlf16/224339243213,대부도 맛집 소담 짬뽕순두부에서 든든하게 식사를 마친 뒤 후식으로 분위기 좋은 카페를 찾다가 방문한 곳이 바로 영흥도 카페 몰베이크입니다. 입구 대부도에서 차로 약 10분 정도면 도착할 수 있어 이동...,요니의 blog,blog.naver.com/dhxorlf16,20260707,2026-07-07
[투썸플레이스 태백중앙로점] 투썸플레이스 메뉴 추천,https://blog.naver.com/cksal0523/224339242847,아박과 떠먹는 스초생 말이 필요 없는 스테디셀러인데 맛있습니다. 홀케이크 버전들도 다 맛있어요! 사실 맛이 없던 케이크는 없는 것 같아요. 다 무난합니다. 카페가 넓어서 작업하거나 공부하기에 좋습니다!,chaen_me,blog.naver.com/cksal0523,20260707,2026-07-07
남자 신랑 예복 맞춤부터 촬영복대여까지 가성비로 하는 꿀팁...,https://blog.naver.com/sweetpea816/224339242136,아직 결혼 준비를 시작하지 않아도 미리 카페 가입해두시면 나중에 사용할 수 있으니 부담없이 미리 추천인 입력 후 가입해두세요. 가입하실때 추천인 입련란에 꿀빠삐 를 입력하시면 3만 포인트를 받을 수...,s윗피의 얼렁뚱땅,blog.naver.com/sweetpea816,20260707,2026-07-07
[안성 가볼만한곳] 장독대 풍경에 반하고 온 서일농원! 서분례...,https://blog.naver.com/butter_bunny/224339242653,"보니까 농원 안에 식당이랑 카페도 같이 있어서 식사하러 오시는 분들도 많았어요. 저도 내심 궁금했는데, 방문했을 때 배가 너무 부른 상태라 아쉽게도 식당이랑 카페는 이용하지 못하고 장만 사가지고...",버터,blog.naver.com/butter_bunny,20260707,2026-07-07
26파렴치경주(feat.챈&경주인),https://blog.naver.com/songsong_davansa/224339242062,이나어멍은 나와서도 이나생각뿐...♡ 미피카페경주 ㅋㅋㅋㅋㅋㅋㅋㅋㅋㅋㅋ 흑임자맛이 특히... ㅎㅎ 카페 | 스컹스웍스 더위를 피해 서둘러 찾아간 스컹스웍스 막걸리 시음은 못참지! 챈이픽 황남옼수수...,순간의 순간들,blog.naver.com/songsong_davansa,20260707,2026-07-07
고성 오션투유리조트 바비큐 조식 4인 가족 1박2일 솔직한...,https://blog.naver.com/whitekis98/224339242476,로비 카페 옆이 바비큐장 입구 테슬라 슈퍼차저도 있음 주차장 건너편엔 씨유와 설렁탕집이 있던 걸로 주차장 끝에 바다에서 놀고 오다 씻을 수 있는 족욕 잘 있음 요기 꿀임 꼭 사용하세요 샤워장과 화장실...,행복한 수영생활,blog.naver.com/whitekis98,20260707,2026-07-07
송정 엑소디움 시그니처 해운대 분양정보 및 모델하우스...,https://blog.naver.com/loan7515/224339242333,"NOW & CHANGE: 관광지 송정, 5년 안에 프리미엄 주거지로 재편 지금까지 송정이 서핑과 해변, 로컬 카페 문화의 중심인 '관광지'였다면, 다가올 5년은 해운대의 완성된 인프라와 오시리아의 비전을 함께 누리는...",365일 연중무휴 채무탕감 상담가능,blog.naver.com/loan7515,20260707,2026-07-07
"김해 3인 소파 추천! 초생피가죽 그레이 소파, 오래 사용할수록...",https://blog.naver.com/pyj0517/224339242219,"공간, 카페까지 자연스럽게 잘 어울립니다. 은은한 컬러감 덕분에 다양한 가구와도 조화롭게 매치할 수... 리모델링가구 #카페가구 #김해소파싼곳 #김해소파저렴한곳 #김해1인리클라이너 #김해치얼스소파...",행복한 야옹이,blog.naver.com/pyj0517,20260707,2026-07-07
햇빛강한방 대처 한낮 뜨거움 싹 잡은 실전기,https://blog.naver.com/y_y011/224339242600,"아기방 냉풍기, 온라인 카페에서 처음 알게 된 거예요 어느 날 육아 카페에서 글을 읽다가 비슷한 고민을 하는 엄마가 있었어요. 서향 방이라 너무 덥다는 글이었는데, 댓글에 냉풍기 얘기가 많이 달려...",오늘도 이겨내기,blog.naver.com/y_y011,20260707,2026-07-07
요아정 수원역점 내돈 내산 후기,https://blog.naver.com/insight860801/224339242541,수원역 근처 디저트 가게 찾는 분 3. 두바이 초코 좋아하시는 분 이렇게 추천드립니다! 걈사합니다! #두바이초코 #수원역카페 #수원역디저트 #요아정수원역점 #디저트맛집 #수원역맛집 #수원역데이트,피터의 기록,blog.naver.com/insight860801,20260707,2026-07-07
청년 휴대폰성지 창업 옆커폰 브랜드 소개,https://blog.naver.com/midas8873/224339242532,"옆커폰은 가맹비 + 교육비 770만 원으로 시작할 수 있어 음식점·카페 대비 낮은 초기 투자비가 강점인... 네이버 카페 회원 75.2만 명이 활동하는 커뮤니티를 통해 지속적인 유입이 이루어지고 있으며, 부진점 발생...",김스토리,blog.naver.com/midas8873,20260707,2026-07-07
하남 미사 카페 de Marly 드말리 베이커리 앤 다이닝 카페...,https://blog.naver.com/merciej/224339241786,"드말리 베이커리 앤 다이닝 카페 경기 하남시 미사강변한강로 353 드말리 1, 2층 ⏰️ 매일 10:00-22:00  주차가능  무화과 크림치즈깡 7,000원 포테토포카치아 8,000원 카페라떼 7,500원 유럽 노천카페의 느낌을 느낄...",기승전빵,blog.naver.com/merciej,20260707,2026-07-07
"청주 소파 실패 없이 고르는 법, 2가지만 기억하세요!  +가성비...",https://blog.naver.com/ycr0504/224339241796,"수앤수피아는 청주 맘카페에서도 소파랑 입주 가구 싸고 좋기로 소문이 자자한 1000평 규모의 대형 직영 매장인데요, 직접 가보니 왜 멀리서도 찾아오는지 단번에 이해가 가더라고요!! 수앤수피아는 가격...",수앤수피아 가구백화점,blog.naver.com/ycr0504,20260707,2026-07-07
"바다, 맛있는 커피 그리고 황남빵. 완벽한 경주..❤️",https://blog.naver.com/wow8080/224339242233,"위해 카페도 한 번 들려줬다. 그리고 숙소 들어가기 전, 냄새에 이끌려 찹쌀도너츠와 꽈배기 샀는데... 디카페인 등 4종의 원두가 상시로 준비되어 있어 취향껏 고를 수 있음  방문 시 참고 팁 • 이른 마감...",more self love,blog.naver.com/wow8080,20260707,2026-07-07
배변후 항문 물로닦으면 쓰라림 방치하다 항문열상까지 간 경험,https://blog.naver.com/sico645/224339241854,""" 싶었어요 ㄷㄷ 배변후 항문 물로닦으면 쓰라림 때문에 블로그랑 카페 여기저기 뒤져봤는데 누군가... 그러다가 카페에서 후기 읽다가 적외선 속열기라는 걸 알게 됐어요. 처음엔 ""이게 진짜 도움이 되나..?...",하루웃음꽃,blog.naver.com/sico645,20260707,2026-07-07
밀면,https://blog.naver.com/soogez/224339242072,점심 소낙비가 온 후 고온다습하다 ᆢ 운동길 돌아가야 밀면집 부산하면 가야 밀면ᆢ 시원한 육수에. 감칠맛 도는 쫄깃한 면발 얇게 저민 무채. 단숨에 들이키고ᆢ 다시 들른 수 카페 역시 시원한 팥빙수 ㅠ 역시,둥이의 일상,blog.naver.com/soogez,20260707,2026-07-07
마산 오션뷰 대형카페 기운상자 신상카페 너무너무 예뻣다,https://blog.naver.com/mseon099/224339242599,대형카페인 기운상자도 다녀왔답니다 주차장을 여러곳으로 만들어서 사람이 많이 몰리는 신상카페여도 여유있게 주차할 수 있었어요 친구가 주차 자리가 있다고 알려줘서 마주 보고 주차 완료ㅎㅎ 차에서...,짜까눈나의 맛집 성지순례,blog.naver.com/mseon099,20260707,2026-07-07
(26.7.4.) 완주 아마존에서 가족과 함께 물놀이  / C-20 좌석 후기,https://blog.naver.com/sork456/224339242497,"메인 건물은 화장실, 세척실, 매점이 있음 세척실엔 세제, 수세미가 있지만 챙겨오는 걸 추천 매점에는 카페도 있고 뭐 술, 생수, 음료수, 과자 등 피크닉갈 때 필요한 모든 것이 있음 인피니티풀 건물이 간식...",임자있는 재간둥이네,blog.naver.com/sork456,20260707,2026-07-07
"파주 카페 강아지, 배달원 향해 돌진…목줄 항의에 욕설까지",https://blog.naver.com/man12347/224339241871,파주 카페 강아지를 둘러싼 논란이 온라인에서 확산되고 있습니다. 목줄을 하지 않은 반려견이... 보도에 따르면 사건은 지난 4일 경기 파주시의 한 카페에서 발생했습니다. 배달기사인 40대 A씨는 음식 픽업을...,승하부부,blog.naver.com/man12347,20260707,2026-07-07
10월 제주도 여행코스 정리 (1일차),https://blog.naver.com/dalshee1210/224339242309,"음식점, 카페, 쇼핑 다 되어있었다~ 흡연자인 동생은 때때로 나가야 해서 좀 번거로워했던 ^^ 호텔 그랜드키친 디너 뷔페가 다양했긴 한데 기억에 잘 나진 않는다~ 동생이 양갈비 정말 잘하네!! 이것만 기억나는...",❤️춥무새 일상 기록❤️,blog.naver.com/dalshee1210,20260707,2026-07-07
다이스 챌린저 보드게임 룰 설명 동영상 [대전 보드게임 카페...,https://blog.naver.com/towngame/224339242024,다이스 챌린저 보드게임 룰 설명 동영상 [대전 보드게임 카페 타운] 출처 - 유튜브 코리아보드게임즈,대전 보드게임 카페 타운,blog.naver.com/towngame,20260707,2026-07-07
11인치 OLED 태블릿PC 4G LTE 안드로이드14 12GB+128GB 1TB...,https://blog.naver.com/lbo13vw5yzb/224339241980,비즈니스 미팅이나 카페에서 공부할 때 필요 인터넷에 접속하여 내용를 알아볼만한부분거나 활동을 느낌 이어갈 수 있고요. 넘치는 장소에 부분서 유연하게 직접사용할 수 있다는 점이 각양각색한...,lbo13vw5yzb님의 블로그,blog.naver.com/lbo13vw5yzb,20260707,2026-07-07
인천 남동구 구월동 직장인 영어회화 프리토킹 영어과외 나만의...,https://blog.naver.com/gktchzh099/224339242360,"공항, 호텔, 식당, 쇼핑, 카페 등 실제 상황을 여러 번 연습하면서 영어를 말하는 것에 대한 부담이 점차 줄어들었습니다. 이후 다시 해외여행을 다녀온 뒤에는 예전보다 훨씬 자연스럽게 대화를 이어갈 수...",❤️❤️과외는 주쌤과외 01042352170 ❤️❤️,blog.naver.com/gktchzh099,20260707,2026-07-07
카페 스타일 에그번 만들기! 부드럽고 고소한 에그샐러드 레시피,https://blog.naver.com/apple6842/224339242709,* 꿀 1작은술을 넣으면 카페 스타일의 달콤한 맛을 낼 수 있습니다. 보관 * 냉장 보관: 1~2일 * 먹기 직전에 빵에 넣어야 눅눅하지 않고 가장 맛있습니다. #에그번 #에그샌드위치 #계란요리 #브런치 #홈카페 #모닝빵...,jun mom blog,blog.naver.com/apple6842,20260707,2026-07-07
"2026.07.03~04_변산, 부안,부여 나들이",https://blog.naver.com/maska8407/224339242587,#변산 #변산해수욕장 #변산해수욕장맛집 #변산해수욕장숙소 #변산해수욕장호텔 #변산코지코브 #바다구경횟집 #선호네횟집 #해물국밥 #변산해물국밥 #변산물회 #내소사 #부안내소사 #내소사카페 #내소사빙수...,김Losa의 집순이 라이프,blog.naver.com/maska8407,20260707,2026-07-07
[활동지/컷도안] 여름 자료 모음,https://blog.naver.com/kid_6125/224339242650,유치원문방구 유료 자료 카페 https://cafe.naver.com/kidsbang9 유치원문방구 카페 바로 가기 #물놀이 #여름활동지 #물놀이캐릭터 #물놀이컷도안 #튜브색칠하기 #수영복색칠하기 #물놀이토퍼 #물놀이pop #물총색칠하기...,유치원 문방구,blog.naver.com/kid_6125,20260707,2026-07-07
[내돈내산/일산맛집/밤리단길카페]차느루,https://blog.naver.com/894log/224339242037,길가에 사람없는데 왜 카페는 풀방?? 호지차빙수 주문했어요!! 매우 심플하고 매우 진하고 매우 맛있었음 근데 시끄러워서 조용한 카페 원하시면 다른곳을 저희도 빙수만 먹고 빨리 나왔어요ㅠ #차느루...,894log,blog.naver.com/894log,20260707,2026-07-07
피스트 올림픽공원에서 분위기 좋은 맛집을 찾는다면,https://blog.naver.com/zothddl718/224339241694,고유가피해지원금도 사용 가능하고 강동구 반려견동반카페이기도합니다 테라스 이용시 제한없이 반려견과 함께 즐길 수 있다고해요! 올림픽공원 맛집 피스트는 매장이 정말 깔끔해요 주변에 거울들이 있어서...,리얼송이 개인적인 공간,blog.naver.com/zothddl718,20260707,2026-07-07
공릉동 태릉해링턴플레이스 아파트 103동 110A/84㎡ 매매...,https://blog.naver.com/dsrjop/224339241680,"키즈카페, 맘스카페, 북카페, 독서실등 정문앞.구립공릉체육센터(수영장.필라테스.각종체육프로그램) ▶에너지절약 에코시스템, 고화질CCTV 무인경비 시스템 25년째 “나의사랑 공릉동”...",해링턴OK(02-971-4589)공인중개사사무소,blog.naver.com/dsrjop,20260707,2026-07-07
부산 블랑드윈느(로라스튜디오) 촬영 후기,https://blog.naver.com/2_mimi/224339241708,얼른 원본+ 보정본 보고 싶은 마음이네요ㅎㅎ 혹시 궁금한 점 있다면 댓글 달아주세요 아는 부분에서는 최대한 답변드릴게요❤️ 다이렉트 결혼준비 카페 가입 전에 추천인 코드 입력하고 3만 포인트 받으세요,Mi 일상 ෆ,blog.naver.com/2_mimi,20260707,2026-07-07
강동구청역카페 수제빵 가득한 베이커리카페 리시오커피,https://blog.naver.com/seven0314/224339242586,강동구청역카페 리시오카페는 2011년부터 운영하고 있었는데 202년부터는 베이커리 카페로 리뉴얼 새로 되었다고 해요 건강한 수제빵을 정성껏 만드는 곳이라 베이커리 러버라면 딱인 곳 오늘은 풍납동에...,"리미리미의 어제, 오늘",blog.naver.com/seven0314,20260707,2026-07-07
[종달맘공구] 단 4일만✨토도영어 토도한글 스토리텔...,https://blog.naver.com/01heeys/224339241974,"블로그나 카페 등 후기를 찾아보시면, 4~5세쯤 시작해 수년간 계속 이용하는 경우가 많은 걸 알 수... 정약용) 카페에서, 집에서, 식당 대기중 등등 틈틈히 15분 정도씩 토도하는 종달이 :) #종달맘공구...","책육아, 책공구 종달맘",blog.naver.com/01heeys,20260707,2026-07-07
쇼파 틈새 테이블 다리 흔들려 음료 쏟은 뒤 바꾼 선택,https://blog.naver.com/needmize100/224339242343,"이 네 가지 조건 중에 세 개만 맞아도 성공이다 싶을 정도로 다 되는 제품이 없더라구요 ㅠㅠ 블로그 후기 꼼꼼히 읽고, 온라인 카페에서 실사용 후기도 뒤지고, 유튜브에서 비교 영상도 봤어요. 그러다 자피스...",오늘도 해가,blog.naver.com/needmize100,20260707,2026-07-07
하노이 미딩 최고급 마사지 가성비1등 스파 할인정보,https://blog.naver.com/parkmirakko/224339241938,수압도 좋고 따뜻한 물도 잘 나오니깐 안심하고 이용하시길~ 카페 무료 음료제공 마사지를 다 받고 1층 중앙에 있는 카페테리아로 나오면 설문지랑 음료 메뉴판을 주는데요. 원하는 음료를 주문하고 간단한...,박 기자가 그리는 세상,blog.naver.com/parkmirakko,20260707,2026-07-07
"청주축구교실 KICK FC, 우리 아이가 매주 손꼽아 기다리는 이유!",https://blog.naver.com/wm1425/224339242252,"구장 내부에는 음료 냉장고와 쾌적한 학부모 전용 공간이 마련되어 있어, 마치 카페에 온 것처럼 편안하게 커피 한 잔의 여유를 즐기며 전면 유리를 통해 아이가 안전하게 뛰어노는 모습을 실시간으로...",충북청도관,blog.naver.com/wm1425,20260707,2026-07-07
레드브릿지 | 파주 대형 카페 추천드리는 마장호수 카페 후기,https://blog.naver.com/piguring/224339242210,마장호수카페 추천 드리는 레드브릿지 주소/연락처/영업시간 등 정보 주 소: 경기도 파주시 광탄면 기산로 329 ☎️ 연 락 처: 070-8880-5555 영업시간: 9시부터 19시까지 오늘은 마장호수 카페 찾는 분들께 강력하게...,정신 나가서 회사나 가는 삐구리,blog.naver.com/piguring,20260707,2026-07-07
전자스키밍뜻 다녀와서 정리한 여행자 필수 상식,https://blog.naver.com/kmjkmj0509/224339241765,처음엔 여행 카페에서 RFID 차단 얘기 보고 다이소 여권케이스 하나 샀었거든요. 근데 지하철... 그때 알게 된 제품 여행 카페 글 여기저기 뒤지다가 해외여행 다녀온 분들이 많이 언급하는 게 지갑형...,KKKKKKKKKK,blog.naver.com/kmjkmj0509,20260707,2026-07-07
삿포로 지금이니   ͙ᐟ  ͙ᐟ  ͙ᐟ  ͙ᐟ  ͙ᐟ,https://blog.naver.com/u2cha/224339241888,언니가 찾은 조용하고 분좋 카페에 왔습니다. 나눈 카페라떼를 시켰는데 일본 우유 차원이 달ㄹ ㅏ22 묵직하고 부드럽고 약간 늬끼할랑말랑 하면서 되게 고소하고 .... 황홀해 .. ♡ 언니 사진 못 찍는 것 같다고...,은하수가 폭발하면 젤리가 될까,blog.naver.com/u2cha,20260707,2026-07-07
"컴퓨터 VPN 사용법, 노드VPN(NordVPN) 설치 방법부터...",https://blog.naver.com/sooj6474/224339242441,요즘은 카페나 코워킹 공간에서 노트북 펴놓고 일하는 시간이 많아졌어요. 저도 문득 카페 공용 와이파이에 연결해서 뱅킹 앱을 열다가 문득 불안해지더라고요. 게다가 남편은 트레이더라 해킹에 늘...,벨라와 퍼그덕군이네,blog.naver.com/sooj6474,20260707,2026-07-07
"작고 깔끔한 저장 솔루션, 삼성전자 외장하드 SLIM 사용 후기",https://blog.naver.com/the8muse/224339242290,"회사에서 작업 끝나고 외부 카페에서 작업할 때도 부담 없더라고요. 외장하드 1TB는 제 용도(사진, 가끔 영상 편집 중간 파일 보관)에 딱 맞는 용량이었어요. 과하지도 모자라지도 않은 느낌. 체감 장점 정리...",내가 찾은 꿀템정리,blog.naver.com/the8muse,20260707,2026-07-07
이모저모,https://blog.naver.com/lvl1ing/224339241799,매 순간에 조금 더 진심이기를 바라요 학원 알바 가기 전에 근처 카페 가서 책 읽엇더요 저두 호텔 망빙... 맞음 ) 카페 가는 길에 바지 수선 햇더요 사장님이 바지 예뿌다구 해주셧는데 이러면 저 이 바지 매일...,˚ෆ*₊˚,blog.naver.com/lvl1ing,20260707,2026-07-07
너무 늦어버린 5월 이야기,https://blog.naver.com/hhyw01306/224339241700,비숑인데 피부가 예민해서 하이바컷을 안한거야 바보 강아지 안약 넣어주고 춘천 카페로 드라이브 갔다... 회의하러 카페 왔는데 테이블에 같이 있던 회장이 사장님이랑 가까운 사이라 서비스를 주셨어 사장님...,감자인데요..,blog.naver.com/hhyw01306,20260707,2026-07-07
알로 수트 업 트라우저 (레귤러),https://blog.naver.com/brandjooa/224339242588,스포티룩 #카페룩 #주말룩 #여행룩 #산책룩 #공항패션 #원마일웨어 #데일리팬츠 #편한바지 #편한여성바지 #일상룩 #10대여성 #20대여성 #30대여성 #40대여성 #대학생룩 #직장인룩 #여성패션 #여자코디...,BrandJooa,blog.naver.com/brandjooa,20260707,2026-07-07
2606,https://blog.naver.com/hyejoo_lee_/224339242689,"당산역 근처 안과에 갔다가 간 카페에서 본 댕댕이 ㅋㅋ 왜 쳐다봐? 귀엽게 약국에서 안약이랑... 볼 때마다 놀랍다,, 귀여워 해솔이는 닭장에 있는 닭을 무서워한다 ㅎㅎㅎㅎ 나 애기랑 키즈카페 첨 가봐 헤헤...",우리를 행복하게 하는 것들-,blog.naver.com/hyejoo_lee_,20260707,2026-07-07
오아 컬러젯 BLDC 선풍기 N개월 실사용 솔직 후기,https://blog.naver.com/dominantef/224339241883,조용한 카페나 도서관에서도 눈치 안 보고 쓸 수 있더라고요. 3. 배터리 성능이 진짜 좋아요. 한번 충전하면 하루 종일은 거뜬해요. 보조배터리 챙길 필요가 없어요. 4. 무게도 가벼워서 손목에 부담이 전혀...,dominantef님의 블로그,blog.naver.com/dominantef,20260707,2026-07-07
[새절역 카페] 근린커피☕️,https://blog.naver.com/swgoth/224339242246,새절역 근처를 걷다가 들어간 근린커피:) 불광천 따라 걸으니 커피 생각이 절로 났다. 오랜만에 푸딩이 먹고 싶어서 말차 푸딩도 하나 골랐다>< 그리고 커피 2잔이랑 휘낭시에도 같이 주문했다. 1층은 자리가...,압타와 저의 다락방♬,blog.naver.com/swgoth,20260707,2026-07-07
"아야진 해수욕장 2026 개장 (주차,평상,샤워)",https://blog.naver.com/jeon6475/224339241263,올 여름 갈만한 피서지를 고민하고 계신다면 아야진 해수욕장 추천드립니다 주변에 깔끔한 오션뷰 카페와 편의시설들이 잘 갖춰져 있어서 동선도 매우 편리했어요 파도가 밀려오는 백사장 앞바다와...,Daily Log 반짝이는 일상,blog.naver.com/jeon6475,20260707,2026-07-07
"현관 인테리어의 완성, 할메이드 대용량 철제 우산꽂이로 고민...",https://blog.naver.com/tamitamo/224337021369,▼실시간 최저가 및 할인 정보 확인▼ 이런 상황이라면 할메이드 우산꽂이가 최선의 선택이 될 거예요 매장 입구의 첫인상을 깔끔하게 관리하고 싶은 카페나 소규모 사무실 운영자 좁은 현관에 우산이 엉켜 있어...,타모의 스마트 라이프,blog.naver.com/tamitamo,20260707,2026-07-07
청주 카페 레오나 오두막에서 즐기는 인생 복수박빙수 내돈내산...,https://blog.naver.com/muio_/224339153960,"맛집, 카페 레오나(Cafe Leona)에 다녀온 솔직한 내돈내산 후기 시작할게요! 마치 태국 치앙마이의 조용한 독채 카페나 아기돼지 삼형제 동화 속에 나올 법한 이국적이면서도 정겨운 감성이 가득한...",재테크 | 여행 정보,blog.naver.com/muio_,20260707,2026-07-07
"창업 사업계획서, 무엇부터 적어야 할까?",https://blog.naver.com/sulmeokja/224338323541,예를 들어 “디저트 카페를 열겠습니다”라고 쓰면 너무 포괄적인 문장입니다. 대신 “퇴근 시간대 1인 가구와 직장인이 부담 없이 구매할 수 있는 소포장 디저트 수요를 확인했습니다.”처럼 고객과 상황이...,가장 신뢰할 수 있는 점포거래소,blog.naver.com/sulmeokja,20260707,2026-07-07
"""돈은 주는데 경력은 단절"" 부모급여가 드러낸 대한민국 고용...",https://blog.naver.com/zzari75-/224339098155,"""복직하고 싶은데 아이 하원 시간이 안 맞아요."" ""경단녀(경력단절여성) 타이틀 달고 다시 면접 보려니 자존감이 바닥을 쳐요."" 카페나 커뮤니티 글을 보면 다들 이런 눈물 섞인 고민을 토로하시더라고요. 저...",똑지(똑똑한 지갑)님의블로그,blog.naver.com/zzari75-,20260707,2026-07-07
Apple 정품 매직 키보드 아이패드 에어 11(M3,https://blog.naver.com/itemfighter/224336918580,"특히 카페 같은 데서 노트북 대신 아이패드를 쓰고 싶은 마음이 굴뚝같았는데, 키보드 없이는... 저는 주로 집이나 카페에서 사용할 계획이라 괜찮았지만, 정말 가볍게 들고 다니고 싶으신 분들께는 조금...",아이템 파이터,blog.naver.com/itemfighter,20260707,2026-07-07
JL반품샵 제주점 리퍼 제품 판매 쇼핑 후기,https://blog.naver.com/hyunjilog_/224339241060,안녕하세요~ 카페를 가는 길에 우연히 발견한 제주 반품샵 이에요 ! 카페 갔다가 구경해 보러 들렀는데 주차장도 넓고! 매장도 생각보다 엄청 넓어요! 여름이라 튜브도 판매하고 할인이 많이 되는 거 같아요...,현지집,blog.naver.com/hyunjilog_,20260707,2026-07-07
"어머니 환갑선물 추천, 파주롯데아울렛 프라다 vs 페라가모...",https://blog.naver.com/gomdaeng2/224339200198,"좋아하셨습니다 카페에서 바로 기존 장지갑을 정리하시는데 손에 착 감기는 크기라 사용하기 편하다고 말씀하시더라고요 기존 장지갑은 가방 안을 거의 다 차지했는데, 이 반지갑은 카메라백 안에 휴대폰과...",곰댕이 패션로그,blog.naver.com/gomdaeng2,20260707,2026-07-07
