title,originallink,link,description,pubDate,date
"식량과학원, 국산 팥 소비 활성화 '박차'",https://www.fetv.co.kr/news/articleView.html?idxno=305963,https://www.fetv.co.kr/news/articleView.html?idxno=305963,충남 공주시는 벼와 양파 수확 후 팥 홍미인을 심는 이모작 재배로 생산된 원료곡 10톤을 관내 카페와 떡집 등 지역 가공·유통처와 연계해 상품화할 계획이다. 황택상 농진청 국립식량과학원 기술지원과장은...,"Tue, 07 Jul 2026 15:28:00 +0900",2026-07-07 15:28:00
신안 농어촌 기본소득 사용률 88%…섬 지역 사용 제한 완화 과제로,https://www.betanews.net/article/view/beta202607070090,https://www.betanews.net/article/view/beta202607070090,"간담회 이후 송 장관 일행은 기본소득 사용처인 퍼플섬 행복한 카페를 찾아 현장 반응을 살폈다. 주민들은 기본소득 시행 이후 동네 가게 이용이 늘고, 카페가 주민 교류 공간으로 자리 잡는 효과가 있다고 전했다....","Tue, 07 Jul 2026 15:28:00 +0900",2026-07-07 15:28:00
"[인터뷰①] '호프' 나홍진 감독 ""10년 만이라는 느낌 NO, 관객 반응 궁금...",https://www.maxmovie.com/news/articleView.html?idxno=500413,https://www.maxmovie.com/news/articleView.html?idxno=500413,"나홍진 감독은 7일 오후 서울 삼청동의 한 카페에서 열린 맥스무비와의 인터뷰에서 ""저는 언론시사회나 인터뷰 등 이런 자리를 계속 가져온 것 같은 느낌이 든다. 10년 만이라는 느낌은 안 든다""라고 이 같은 소감을...","Tue, 07 Jul 2026 15:28:00 +0900",2026-07-07 15:28:00
"나홍진 ""SF '호프', 초자연 다룬 '곡성' 보다 상위 존재 다루고팠다""",https://www.news1.kr/entertain/movie/6220451,https://m.entertain.naver.com/article/421/0009045605,"나홍진 감독은 7일 오후 서울 종로구 삼청동 한 카페에서 진행된 신작 영화 '호프' 관련 인터뷰에서 '곡성'이 초자연을 다루고, 이번 영화가 우주와 외계인을 다룬 것이 공간의 확장을 의미하는 것은 아니라고 말했다. 이날...","Tue, 07 Jul 2026 15:27:00 +0900",2026-07-07 15:27:00
"""고요한 붓의 여정""…'2026 동방묵연전' 개최",http://www.hansbiz.co.kr/news/articleView.html?idxno=848781,http://www.hansbiz.co.kr/news/articleView.html?idxno=848781,"필 문자 디자인 연구소가 주최하고 동방서예 캘리그라피 연구소가 주관하는 이번 전시는 (사)한국캘리그라피디자인협회, (사)한국미술협회 전북특별자치도지회, 다음카페 서예세상, 대한불교조계종 수현사의 후원으로...","Tue, 07 Jul 2026 15:24:00 +0900",2026-07-07 15:24:00
덕수궁·광화문이 펼쳐진다…서울시청 ‘하늘전망대‘ 개방 [쿠키포토],https://www.kukinews.com/article/view/kuk202607070142,https://www.kukinews.com/article/view/kuk202607070142,"장소로 사용됐지만, 리모델링을 거쳐 시민 공간으로 바뀌었다. 평일 오전 7시30분부터 오후 6시까지 별도 예약 없이 무료로 이용할 수 있으며, 시청 1층에서 9층 ′하늘광장′ 카페로 연결되는 엘리베이터를 이용하면 된다.","Tue, 07 Jul 2026 15:24:00 +0900",2026-07-07 15:24:00
"한국서 보내는 마지막 생일… 루이바오·후이바오, 팬들과 세 돌 잔치",https://biz.chosun.com/topics/topics_social/2026/07/07/IIDV3RVAGJC4TP3YJEACIT4NPY/?utm_source=naver&utm_medium=original&utm_campaign=biz,https://n.news.naver.com/mnews/article/366/0001177350?sid=102,"에버랜드는 판다 세컨하우스 현장과 주토피아 네이버 카페 등에서 ‘루이후이 사랑해’ 댓글 이벤트를 진행했고, 약 400대 1의 경쟁률 끝에 참석자를 뽑았다. 팬들은 현장에서 생일 축하 노래를 함께 부르며 루이바오와...","Tue, 07 Jul 2026 15:24:00 +0900",2026-07-07 15:24:00
고향사랑기부하고 보령머드축제 즐기자,https://www.mk.co.kr/article/12092379,https://n.news.naver.com/mnews/article/009/0005703943?sid=102,"보령사랑상품권은 머드축제장 주변 음식점과 카페, 전통시장 등 다양한 지역 상권에서 사용할 수 있다. 보령시는 이번 이벤트로 축제장과 지역 상권 이용을 유도, 지역 상권에 활력을 불어넣는 계기가 될 것으로 보고...","Tue, 07 Jul 2026 15:23:00 +0900",2026-07-07 15:23:00
"한국타이어 대전공장 어린이집 원아들, 부모 일터서 바리스타 체험",https://www.shinailbo.co.kr/news/articleView.html?idxno=5038396,https://www.shinailbo.co.kr/news/articleView.html?idxno=5038396,이번 행사는 대전공장 내 '한국동그라미파트너스 카페'에서 열렸다. 프로그램에는 만 6세 어린이와 학부모 임직원 등이 함께 참여했다. 아이들은 카페 현장에서 직접 주문을 받고 음료를 제조한 뒤 서빙하는 과정을...,"Tue, 07 Jul 2026 15:22:00 +0900",2026-07-07 15:22:00
[현장에서] 시흥시 일상에서 즐기는 내 집 앞 ‘물놀이장’ 인기 만점,https://www.kgnews.co.kr/news/article.html?no=902697,https://www.kgnews.co.kr/news/article.html?no=902697,"샤워실과 매점, 카페 등 편의시설도 잘 마련돼 있으며, 야자수와 바다가 어우러진 이국적인 풍경은 도심 속 휴양지를 떠올리게 한다. 물놀이를 마친 뒤에는 잔디공원의 '천국의 계단' 포토존과 쉼터에서 바다를 바라보며...","Tue, 07 Jul 2026 15:22:00 +0900",2026-07-07 15:22:00
"안동자원봉사센터, 폭염 취약 어르신 '시원한 여름나기' 지원",https://www.kyongbuk.co.kr/news/articleView.html?idxno=4077577,https://www.kyongbuk.co.kr/news/articleView.html?idxno=4077577,"행사 후에는 참석 어르신들이 안동 간고등어 일직식당과 이동삼카페에서 점심식사와 다과를 함께하며 정서적 교류와 휴식의 시간을 가졌다. 한 어르신은 ""올여름 걱정을 덜게 됐고, 오랜만에 외출해 식사와 차를 함께하니...","Tue, 07 Jul 2026 15:22:00 +0900",2026-07-07 15:22:00
"'호프' 나홍진 감독 ""러닝타임이 길다고? 짧으면 돈 아깝지 않나"" [인터...",http://www.tvdaily.co.kr/read.php3?aid=17834050981793063008,https://m.entertain.naver.com/article/440/0000036486,나홍진 감독은 7일 오후 서울시 종로구 삼청동 한 카페에서 진행된 영화 ‘호프’(감독 나홍진) 인터뷰에서 러닝타임에 대해 언급했다. ‘호프’는 비무장지대에 위치한 호포항 출장소장 범석(황정민)이 동네...,"Tue, 07 Jul 2026 15:20:00 +0900",2026-07-07 15:20:00
"영광군, 유니세프 아동친화도시 첫 인증",https://view.asiae.co.kr/article/2026070715021165341,https://n.news.naver.com/mnews/article/277/0005786702?sid=102,"군은 현재 영광청년육아나눔터와 우리아이 긴급일시돌봄터 운영 등을 통해 돌봄 공백 최소화에 나서고 있으며, 영광형 키즈카페 조성 등 아동 친화 인프라 확충도 추진하고 있다. 지역에서는 이번 인증이 단순한 복지 정책...","Tue, 07 Jul 2026 15:19:00 +0900",2026-07-07 15:19:00
[ESG] 오래된 것을 지키는 방식으로 브랜드를 말하다,https://www.joongangenews.com/news/articleView.html?idxno=531137,https://www.joongangenews.com/news/articleView.html?idxno=531137,"수백 년의 시간이 켜켜이 쌓인 골목 사이로 카페와 갤러리가 들어서고, 한옥 처마 아래 현대의 일상이 흘러가죠. 이처럼 북촌은 우리 전통 문화의 역사적 경관과 실제 거주 중인 주민들이 아름다운 조화를 이루고 있는...","Tue, 07 Jul 2026 15:18:00 +0900",2026-07-07 15:18:00
"제주 대규모 미분양 아파트 투자사기 피해자들 ""가정 파산""",https://www.news1.kr/local/jeju/6220343,https://n.news.naver.com/mnews/article/421/0009045527?sid=102,"제주시 애월읍에 위치한 A 아파트 관련 범죄 피해자 대책위원회는 7일 도민카페에서 기자회견을 열고 이같이 밝혔다. 대책위는 ""아파트 시행사 대표 B 씨는 2021년 12월~2023년 6월 사이 '원금과 30%의 고수익을 보장하겠다...","Tue, 07 Jul 2026 15:16:00 +0900",2026-07-07 15:16:00
"디저트39, IP 협업으로 오프라인 경험 확장",http://www.e2news.com/news/articleView.html?idxno=332061,http://www.e2news.com/news/articleView.html?idxno=332061,디저트 프랜차이즈 카페 디저트39가 게임 IP와의 협업을 통해 팬덤과의 오프라인 접점을 넓혀가고 있다고 7일... 각 IP의 개성과 세계관을 디저트와 굿즈에 담아 팬들이 좋아하는 콘텐츠를 카페라는 오프라인 공간에서...,"Tue, 07 Jul 2026 15:16:00 +0900",2026-07-07 15:16:00
"증평군, 직장인 맞춤형 야간 강좌 '퇴근길 캠퍼스' 수강생 모집",https://www.newstnt.com/news/articleView.html?idxno=709298,https://www.newstnt.com/news/articleView.html?idxno=709298,"인문학 분야는 '영화로 만나는 마음챙김'을 주제로 7월 16일과 23일 오후 7시 증평군립도서관 북카페에서 운영될 예정이다. 교육은 과정당 20명을 선착순으로 모집하며, 직장인뿐만 아니라 평생학습에 관심 있는...","Tue, 07 Jul 2026 15:12:00 +0900",2026-07-07 15:12:00
42억 유사수신·76억 사기…시행사 대표 구속 촉구,https://www.jemin.com/news/articleView.html?idxno=839917,https://www.jemin.com/news/articleView.html?idxno=839917,"도민카페에서 기자회견을 열었다. (=조병관 기자) 제주시 애월읍의 한 아파트 시행사 대표 A씨가 조합원과... 피해자대책위원회(이하 대책위)는 7일 오전 제주도의회 도민카페에서 기자회견을 열고 ""도민들의 내 집 마련...","Tue, 07 Jul 2026 15:12:00 +0900",2026-07-07 15:12:00
'알랭 뒤카스 쇼콜라 파리' 한국 공식 론칭,https://www.newspim.com/news/view/20260707000906,https://www.newspim.com/news/view/20260707000906,"알랭 뒤카스 쇼콜라 파리는 강릉 매장을 통해 대표 초콜릿 컬렉션과 카페 메뉴, 디저트를 선보이며 생산과 리테일, 카페가 연결된 이용을 제공한다. 알랭 뒤카스 셰프는 한국 시장에 대해 감각적이고 미식 문화를 가진...","Tue, 07 Jul 2026 15:10:00 +0900",2026-07-07 15:10:00
"알랭 뒤카스 쇼콜라 파리, 한국 공식 론칭…강릉에 첫 매장 오픈",https://www.forbeskorea.co.kr/news/articleView.html?idxno=402280,https://www.forbeskorea.co.kr/news/articleView.html?idxno=402280,"알랭 뒤카스 쇼콜라 파리는 강릉 매장을 통해 대표 초콜릿 컬렉션과 카페 메뉴, 디저트를 함께 선보이며 생산과 리테일, 카페가 연결된 브랜드 경험을 제공한다. 알랭 뒤카스 셰프는 ""한국은 감각적이고 수준 높은 미식...","Tue, 07 Jul 2026 15:08:00 +0900",2026-07-07 15:08:00
"[인터뷰] 나홍진 감독 ""韓영화 먹구름 몰려올때 시작한 '호프', 내수용으...",https://www.slist.kr/news/articleView.html?idxno=750178,https://www.slist.kr/news/articleView.html?idxno=750178,"7일 오후 서울 종로구 삼청동 한 카페에서 영화 '호프'(감독 나홍진)의 라운드 인터뷰가 진행됐다. 이번 영화는 1970~80년대 한국의 시골을 배경으로 하고 있지만, 웨스턴 무비를 연상시키는 의상과 미술 등으로 '호프'만의...","Tue, 07 Jul 2026 15:08:00 +0900",2026-07-07 15:08:00
"[인터뷰] '호프' 나홍진 감독 ""긴 러닝타임? 영화는 길어질 수밖에 없을...",https://www.slist.kr/news/articleView.html?idxno=750180,https://www.slist.kr/news/articleView.html?idxno=750180,7일 오후 서울 종로구 삼청동 한 카페에서 영화 '호프'(감독 나홍진)의 라운드 인터뷰가 진행됐다. '호프'의 러닝타임은 156분. 추세적으로 러닝타임들이 짧아지고 있는 여타 영화들과는 전혀 다른 행보를 보여준다....,"Tue, 07 Jul 2026 15:08:00 +0900",2026-07-07 15:08:00
"영광군, 유니세프 아동친화도시 인증",https://www.yna.co.kr/view/AKR20260707117800054?input=1195m,https://n.news.naver.com/mnews/article/001/0016180535?sid=102,"군은 청년육아나눔터, 우리아이 긴급 일시돌봄터, 키즈카페 등 안심 돌봄 체계를 구축하고 있다. 장세일 영광군수는 ""7년 연속 출산율 1위 명성에 걸맞게 아동의 안전, 교육, 여가 등 모든 영역에서 아이들 눈높이에 맞춘...","Tue, 07 Jul 2026 15:08:00 +0900",2026-07-07 15:08:00
"에버랜드 쌍둥이 판다 '세 돌', 팬 30여 명 국내 마지막 생일 축하",https://www.kgnews.co.kr/news/article.html?no=902933,https://www.kgnews.co.kr/news/article.html?no=902933,"이날 생일파티에 초청된 팬 30여 명은 판다 세컨하우스 현장과 주토피아 네이버 카페 등에서 사전 진행된 '루이후이 사랑해' 댓글 이벤트를 통해 400대 1의 경쟁률을 뚫고 선정됐으며, 생일 축하 노래를 함께 부르고 쌍둥이...","Tue, 07 Jul 2026 15:06:00 +0900",2026-07-07 15:06:00
"장마·폭염에도 리조트 안에서 끝낸다…소노, '실내 체류형 콘텐츠' 강...",https://www.industrynews.co.kr/news/articleView.html?idxno=83002,https://www.industrynews.co.kr/news/articleView.html?idxno=83002,베이커리 카페 '더 엠브로시아' 등을 연결했다. 고객들은 외부로 이동하지 않고도 다양한 실내 시설을 이용할... 소노캄 경주는 프리미엄 북카페 '서재'에서 400여 권의 도서를 무료로 대여해 객실이나 북카페에서 이용할 수...,"Tue, 07 Jul 2026 15:06:00 +0900",2026-07-07 15:06:00
"[인터뷰③] '호프' 나홍진 감독 ""애니메이션 작업? 힘들어 미치겠다…봉...",https://www.sportschosun.com/entertainment/2026-07-07/202607070100044690002650,https://m.entertain.naver.com/article/076/0004423238,"나홍진 감독은 7일 서울 종로구 삼청동 한 카페에서 스포츠조선과 만나 ""애니메이션 작업은 할 게 너무 많고, 일이 끝나지가 않더라""라며 ""봉준호 감독님도 전체 애니메이션을 작업하셨는데, 보통 일은 아니겠구나 싶었다""고...","Tue, 07 Jul 2026 15:06:00 +0900",2026-07-07 15:06:00
커피 사면 주는 '이 비닐' 서랍에 반드시 넣어두세요…돈이 굳는 살림 ...,https://www.wikitree.co.kr/articles/1145149,https://www.wikitree.co.kr/articles/1145149,"카페에서 음료를 테이크아웃할 때 종이 캐리어 대신 얇은 비닐봉지에 담아주는 경우가 있다. 대개는 한 번 쓰고 버리기 마련이지만, 온라인 커뮤니티와 사회관계망서비스(SNS)를 중심으로 ""이 비닐봉지, 그냥 버리지 말고 몇...","Tue, 07 Jul 2026 15:06:00 +0900",2026-07-07 15:06:00
"롯데월드 아쿠아리움, 신규 전시공간 '물빛정원' 16일 개장",http://www.fnnews.com/news/202607071455532500,https://n.news.naver.com/mnews/article/014/0005544835?sid=103,"해석한 키링, 에코백, 마그넷 등 다양한 기념상품도 구매할 수 있다. 또 지하 2층 '카페 디오션'에선 블루 소다에 금붕어 모양 우유 얼음을 올린 한정 음료 '금붕어 큐브 소다'를 출시해 전시와 함께 즐길 수 있도록 했다.","Tue, 07 Jul 2026 15:04:00 +0900",2026-07-07 15:04:00
"""여름인데도 늘 산뜻하다""...외국인들이 따라 사는 다이소 위생템 3가지",https://www.wikitree.co.kr/articles/1145228,https://www.wikitree.co.kr/articles/1145228,"그럼에도 한국에서는 지하철이나 사무실, 카페 등 공공장소에서 강한 체취를 느끼기 어렵다고 말하는 외국인들이 적지 않다. 물론 개인차는 있지만, 해외 SNS와 여행 브이로그에서는 ""한국 사람들은 여름에도 항상 깔끔해...","Tue, 07 Jul 2026 15:04:00 +0900",2026-07-07 15:04:00
홈플러스 영주점 폐점 가능성...지역경제 '도미노 충격' 우려,https://www.hidomin.com/news/articleView.html?idxno=712248,https://www.hidomin.com/news/articleView.html?idxno=712248,"대형마트 직원과 협력업체 종사자의 소득 감소가 음식점, 카페, 병원, 학원, 주유소 등 지역 자영업 매출 감소로 이어져 '지역경제 선순환 구조'를 약화시킬 수 있고, 소비 기반이 상대적으로 제한적인 영주에서 대형 사업장...","Tue, 07 Jul 2026 15:04:00 +0900",2026-07-07 15:04:00
[뮤:터뷰②]‘호프’ 나홍진 감독 “외계인 CG 힘들어..봉준호 애니 도...,https://www.heraldmuse.com/article/10800983?ref=naver,https://m.entertain.naver.com/article/112/0003800787,"최근 서울 종로구 삼청동의 한 카페에서 진행된 헤럴드뮤즈와의 인터뷰에서 나홍진 감독은 외계인 비주얼 구현 과정의 고충을 토로했다. 이날 나홍진 감독은 “과거에 고민했던 것, 내가 걸어온 길을 반복하고 싶지는...","Tue, 07 Jul 2026 15:03:00 +0900",2026-07-07 15:03:00
청주북부시장·우암시니어클럽 상생 약속,http://www.inews24.com/view/1983196,https://n.news.naver.com/mnews/article/031/0001040363?sid=102,양측은 협약에 따라 △전통디저트카페 및 새활용사업단 운영 협력 △전통시장 활성화와 이용객 편의 증진을 위한 공동 프로그램 운영 △지역 특성과 자원을 활용한 노인일자리 발굴 △지역사회 복지 발전을 위한 협력사업...,"Tue, 07 Jul 2026 15:02:00 +0900",2026-07-07 15:02:00
금정구 청룡동 범리단길 골목형상점가 신규 지정,http://news.lghellovision.net/news/articleView.html?idxno=547687,http://news.lghellovision.net/news/articleView.html?idxno=547687,"이번에 지정된 범리단길 골목형상점가는 범어사역 인근 음식점과 카페 등 소상공인 점포 70여 개가 밀집한 상권입니다. 특히 이번 지정은 지난 4월 조례 개정으로 점포 수 요건이 완화된 이후 첫 적용 사례로, 앞으로...","Tue, 07 Jul 2026 15:02:00 +0900",2026-07-07 15:02:00
"창녕군, 산토끼밥상 외식의 날…청년 창업·지역경제 활력",https://www.newsis.com/view/NISX20260707_0003699246,https://n.news.naver.com/mnews/article/003/0014051374?sid=102,군은 산토끼밥상을 지역 대표 외식 공간으로 발전시키기 위해 올해 신규 식당 6고소가 치유광장(쉼터)을 조성하고 내년까지 둘레길·카페·디저트 가게를 추가해 사계절 머물 수 있는 힐링 관광지로 확장할 계획이다. 이날...,"Tue, 07 Jul 2026 15:01:00 +0900",2026-07-07 15:01:00
"현대엘리베이터, 해외 어린이들에게 ‘블록 필통’ 선물",https://www.mk.co.kr/article/12092342,https://n.news.naver.com/mnews/article/009/0005703911?sid=101,이밖에도 사내 물품 기부 캠페인과 발달장애인 바리스타 카페 ‘엘리스카페’ 운영 지원 등 ESG 경영 실천에도 속도를 내고 있다. 현대엘리베이터 관계자는 “작은 나눔이 어린이들의 배움·성장에 도움이 될 수 있도록...,"Tue, 07 Jul 2026 15:00:00 +0900",2026-07-07 15:00:00
"효성해링턴 대책위 ""위성곤 도정, 아파트 범죄 피해자 지원해 달라""",http://www.samdailbo.com/news/articleView.html?idxno=267164,http://www.samdailbo.com/news/articleView.html?idxno=267164,"효성해링턴플레이스애월 아파트 관련 범죄 피해자 대책위원회(위원장 김창기)는 7일 제주특별자치도의회 도민카페에서 기자회견을 열고 ""위성곤 제주도정이 아파트 관련 범죄 피해를 본 도민들을 지원해 달라""고...","Tue, 07 Jul 2026 15:00:00 +0900",2026-07-07 15:00:00
"크고 단단한 얼음의 품격, SK매직 ‘MEGA ICE 얼음정수기’ 스포츠 예능...",http://www.globalepic.co.kr/view.php?ud=20260707145718120648439a4874_29,http://www.globalepic.co.kr/view.php?ud=20260707145718120648439a4874_29,"실제로 이 제품은 일반 얼음보다 두 배 이상 큰 약 25g의 ‘메가 아이스’를 제공하며 홈카페와 홈술 트렌드에 최적화된 성능을 갖췄다. 최대 일 제빙량 5.7kg의 강력한 성능에 더해, 최근에는 사용자 편의를 극대화하기...","Tue, 07 Jul 2026 15:00:00 +0900",2026-07-07 15:00:00
"한국타이어, 대전공장 어린이집서 바리스타 체험 행사",https://www.news1.kr/local/daejeon-chungnam/6220374,https://n.news.naver.com/mnews/article/421/0009045463?sid=102,"대전공장 내 ‘한국동그라미파트너스 카페’에서 열린 이번 행사에서 아이들은 주문받기부터 음료 제조, 서빙까지 직접 경험하며 직업에 대한 흥미를 높이는 뜻깊은 시간을 가졌다. 서의돈 안전생산기술본부장은...","Tue, 07 Jul 2026 14:59:00 +0900",2026-07-07 14:59:00
"세라젬, 초록우산과 20년 동행…취약계층 건강 지원 확대",https://www.e-science.co.kr/news/articleView.html?idxno=131565,https://www.e-science.co.kr/news/articleView.html?idxno=131565,"2024년부터는 초록우산의 '나눔기업 캠페인'에 참여해 웰카페와 웰라운지 등 체험 매장에서 발생하는 수익 일부를 정기적으로 기부하고 있으며, 해당 기금은 보호대상 아동의 자립 지원 사업에 활용되고 있다. 업계에서는...","Tue, 07 Jul 2026 14:58:00 +0900",2026-07-07 14:58:00
"홍씨마을 서초시니어라운지서...서초구, '내 집 앞 음악캠프' 개최",https://www.cnbizm.com/news/articleView.html?idxno=307812,https://www.cnbizm.com/news/articleView.html?idxno=307812,담소존·힐링존·안마의자·스터디 카페형 좌석·디지털 학습 공간과 무료 강좌를 제공하는 커뮤니티형 복지공간입니다. 서초시니어라운지는 지역 내 어르신뿐 아니라 아이들과 부모 세대까지 누구나 자유롭게 이용할 수...,"Tue, 07 Jul 2026 14:58:00 +0900",2026-07-07 14:58:00
"세라젬, 20년째 취약계층 나눔 활동 이어가...'마스터 V7' 추가 기부",http://www.consumernews.co.kr/news/articleView.html?idxno=758871,http://www.consumernews.co.kr/news/articleView.html?idxno=758871,"이에 따라 웰카페와 웰라운지 등 자체 체험 매장에서 발생하는 수익의 일부를 정기적으로 적립해 후원하고 있으며, 해당 재원은 보호대상아동의 자립 지원금으로 쓰이고 있다. 세라젬 관계자는 ""지난 20년 동안...","Tue, 07 Jul 2026 14:58:00 +0900",2026-07-07 14:58:00
"보령시, 고향사랑기부 이벤트 ··· 머드축제 맞아 생활인구 확대 나선...",https://www.ggilbo.com/news/articleView.html?idxno=1167927,https://www.ggilbo.com/news/articleView.html?idxno=1167927,"보령사랑상품권은 지역 내 가맹점에서 사용할 수 있는 지역화폐로, 축제장 주변 음식점과 카페, 전통시장 등 다양한 지역 상권에서 이용할 수 있다. 시는 이번 이벤트가 축제 방문을 지역 소비로 연결하고, 지역...","Tue, 07 Jul 2026 14:58:00 +0900",2026-07-07 14:58:00
"""모든 시민이 편리하게""···강릉시, 소규모 민간시설 접근성 개선 지원...",http://www.enewstoday.co.kr/news/articleView.html?idxno=2446082,http://www.enewstoday.co.kr/news/articleView.html?idxno=2446082,지원 기준은 강릉 지역에 위치한 소규모 민간 시설로 300㎡ 미만 음식점·카페·제과점 등 제2종 근린생활시설과 500㎡ 미만 학원·교회·운동시설 등이 포함된다. 시는 상가가 밀집한 구역과 대표 관광지를 중심으로 신청을...,"Tue, 07 Jul 2026 14:57:00 +0900",2026-07-07 14:57:00
"""좋은 책 소개 공간, 여전히 필요"" 5년 만에 돌아온 '동네서점'",https://www.ohmynews.com/NWS_Web/View/at_pg.aspx?CNTN_CD=A0003249405&CMPT_CD=P0010&utm_source=naver&utm_medium=newsearch&utm_campaign=naver_news,https://n.news.naver.com/mnews/article/047/0002521785?sid=103,"서점 입구 쪽에는 카페도 함께 운영하기로 했다. 그럼에도 장씨는 ""한 권 한 권을 오래 고민해서 고르고 소개하겠다""고 마음 먹었다. '지금의 우리에게 필요한 질문과 이야기'를 담은 책을 주로 서가에 진열할 계획이다....","Tue, 07 Jul 2026 14:56:00 +0900",2026-07-07 14:56:00
"한국타이어 대전공장, 어린이집 원아 '작은 바리스타' 운영",https://www.newspim.com/news/view/20260707000876,https://www.newspim.com/news/view/20260707000876,아이들은 카페에서 직접 주문을 받고 음료 제조와 서빙 과정을 체험하며 부모가 일하는 공간을 가까이에서... [사진=한국타이어] 2026.07.07 gyun507@newspim.com 이날 프로그램은 대전공장 내 '한국동그라미파트너스 카페'에서...,"Tue, 07 Jul 2026 14:56:00 +0900",2026-07-07 14:56:00
"나홍진 감독 ""'황해'·'곡성' 이어 '호프'도 156분 상영…'변태력'이라고...",https://www.news1.kr/entertain/movie/6220383,https://m.entertain.naver.com/article/421/0009045456,나홍진 감독은 7일 오후 서울 종로구 삼청동 한 카페에서 진행된 신작 영화 '호프' 관련 인터뷰에서 '황해' 때부터 156분이라는 상영 시간을 지키고 있는 것을 두고 일부 팬들이 '변태력'이라거나 '완벽주의'라고 표현하는...,"Tue, 07 Jul 2026 14:56:00 +0900",2026-07-07 14:56:00
푸바오 동생 쌍둥이 판다 '세 돌'…우리나라에서 마지막 생일잔치,https://www.nocutnews.co.kr/news/6544318?utm_source=naver&utm_medium=article&utm_campaign=20260707025258,https://n.news.naver.com/mnews/article/079/0004165739?sid=101,이들은 판다 세컨하우스 현장과 주토피아 네이버 카페 등에서 사전 진행된 '루이후이 사랑해' 댓글 이벤트를 통해 400대 1의 경쟁률을 뚫고 선정됐다. 2023년 7월 7일 엄마 아이바오와 아빠 러바오 사이에서 각각 180g과...,"Tue, 07 Jul 2026 14:53:00 +0900",2026-07-07 14:53:00
"날씨 걱정 없이 즐기는 여름…소노호텔앤리조트, 체류형 콘텐츠 확대",https://www.e-science.co.kr/news/articleView.html?idxno=131564,https://www.e-science.co.kr/news/articleView.html?idxno=131564,베이커리 카페 등을 하나의 동선으로 연결해 쾌적한 체류 환경을 제공한다. 이 밖에도 쏠비치 삼척·양양... 소노캄 경주는 약 400권의 도서를 갖춘 북카페 '서재'를 운영하며 투숙객에게 무료 도서 대여 서비스를 제공한다....,"Tue, 07 Jul 2026 14:52:00 +0900",2026-07-07 14:52:00
체류형 호캉스가 대세…소노 '여름 휴가족' 취향저격,https://www.shinailbo.co.kr/news/articleView.html?idxno=5038351,https://www.shinailbo.co.kr/news/articleView.html?idxno=5038351,"델피노 역시 지하 복합몰 '더몰'을 통해 객실 건물과 워터파크 '오션플레이', 인피니티풀, 키즈클럽, 뷔페 레스토랑, 베이커리 카페 등을 연결했다. 고객은 밖으로 나가지 않고도 식음과 물놀이, 휴식을 즐길 수 있다. 쏠비치...","Tue, 07 Jul 2026 14:52:00 +0900",2026-07-07 14:52:00
"700억 '호프' 나홍진 ""외계인役 마이클 패스벤더 출연료? 거마비 수준"" ...",http://www.osen.co.kr/article/G1112835281,https://m.entertain.naver.com/article/109/0005567090,"7일 오후 서울 종로구 삼청로 한 카페에서는 영화 '호프'의 나홍진 감독 인터뷰가 진행됐다. '호프'(감독각본 나홍진, 제작 포지드필름스, 공동 제작 플러스엠 엔터테인먼트·(주)웨스트월드, 제공배급 플러스엠...","Tue, 07 Jul 2026 14:52:00 +0900",2026-07-07 14:52:00
"이동건, 제주 카페 휴업하더니..‘이혼숙려캠프’ 촬영 인증",http://www.osen.co.kr/article/G1112835259,https://m.entertain.naver.com/article/109/0005567085,"배우 이동건이 운영하던 제주 카페를 재정비한다는 소식이 전해진 가운데, ‘이혼숙려캠프’ 촬영 근황을... 이동건은 지난해 제주도에 카페를 오픈한 바 있으나, 최근 재정비 소식을 전하며 오는 9일부터 카페를...","Tue, 07 Jul 2026 14:51:00 +0900",2026-07-07 14:51:00
"영광군, 유니세프 아동친화도시 인증…'아이 행복도시' 발돋움",https://www.newsis.com/view/NISX20260707_0003699218,https://n.news.naver.com/mnews/article/003/0014051301?sid=102,"현재 영광청년육아나눔터와 긴급 일시돌봄터를 운영하는 등 돌봄체계를 확대하고 있으며, 실내 키즈카페 조성 등 아동 친화 인프라 확충도 추진 중이다. 장세일 군수는 ""아동친화도시 인증을 계기로 안전과 교육, 여가 등...","Tue, 07 Jul 2026 14:51:00 +0900",2026-07-07 14:51:00
'국민 판다' 루이바오·후이바오 세 돌…팬들과 특별한 생일잔치,http://www.fnnews.com/news/202607071410549626,https://n.news.naver.com/mnews/article/014/0005544828?sid=101,판다 세컨하우스 현장과 주토피아 네이버 카페에서 진행된 이벤트는 약 400대 1의 경쟁률을 기록하며 높은 관심을 입증했다. 참가자들은 생일 축하 노래를 함께 부르고 응원 메시지를 전하며 쌍둥이 판다의 건강과 행복을...,"Tue, 07 Jul 2026 14:51:00 +0900",2026-07-07 14:51:00
"‘미쉐린 대가’ 알랭 뒤카스 초콜릿, 서울 아닌 강릉에 첫 둥지 튼 이유",https://www.donga.com/news/Economy/article/all/20260707/134251091/1,https://n.news.naver.com/mnews/article/020/0003732133?sid=101,"고객들은 강릉 매장에서 대표 초콜릿 컬렉션과 카페 메뉴, 디저트를 함께 즐기며 생산과 리테일, 카페가 하나로 연결된 브랜드 경험을 할 수 있다. 알랭 뒤카스 셰프는 “한국은 감각적이고 수준 높은 미식 문화를 가진...","Tue, 07 Jul 2026 14:49:00 +0900",2026-07-07 14:49:00
"나홍진 감독 ""황해·곡성·호프 다 156분…나도 몰랐다"" [MD인터뷰②]",https://www.mydaily.co.kr/page/view/2026070714321564545,https://m.entertain.naver.com/article/117/0004082282,"7일 오후 서울 종로구 삼청동의 한 카페에서 영화 '호프' 나홍진 감독의 인터뷰가 진행됐다. 이 작품은 비무장지대에 위치한 호포항 출장소장 범석(황정민)이 동네 청년들로부터 호랑이가 출현했다는 소식을 전해 듣고, 온...","Tue, 07 Jul 2026 14:49:00 +0900",2026-07-07 14:49:00
[전라는 오늘] 영광군·진도군·완도군,http://www.iminju.net/news/articleView.html?idxno=166304,http://www.iminju.net/news/articleView.html?idxno=166304,"군은 아동참여위원회 운영, 아동권리대변인 위촉, 아동권리 교육 등을 추진해 왔으며, 영광청년육아나눔터와 우리아이 긴급 일시돌봄터 운영, 영광형 키즈카페 조성 등 아동친화 정책을 추진하고 있다. 장세일...","Tue, 07 Jul 2026 14:48:00 +0900",2026-07-07 14:48:00
"경춘철교 위 기차타고 달리는 감성…노원구, 기차모형 전망카페 ‘경춘...",https://www.etoday.co.kr/news/view/2601140,https://www.etoday.co.kr/news/view/2601140,이투데이=박일경 기자 | 4번째 수변거점 카페…15일부터 정식 영업 경춘선숲길‧중랑천 잇는 새 힐링 명소 서울특별시 노원구가 중랑천 경춘철교 상부에 기차를 모티브로 한 수변거점 카페 ‘노원 경춘마루’를 조성하고...,"Tue, 07 Jul 2026 14:48:00 +0900",2026-07-07 14:48:00
"[인터뷰②] 나홍진 감독, 황정민과 '곡성' 이어 '호프'로 재회…""말이 필...",https://www.sportschosun.com/entertainment/2026-07-07/202607070100044300002633,https://m.entertain.naver.com/article/076/0004423227,"나홍진 감독은 7일 서울 종로구 삼청동 한 카페에서 스포츠조선과 만나 ""황정민 선배는 말이 필요없는 배우""라며 ""이미 배우로서의 능력은 충분히 검증됐다고 생각한다""고 말했다. 15일 개봉하는 '호프'는 비무장지대에...","Tue, 07 Jul 2026 14:46:00 +0900",2026-07-07 14:46:00
푸바오 동생 쌍둥이 판다의 마지막 한국 생일잔치…팬 30명 초청,https://news.tf.co.kr/read/national/2340611.htm,https://n.news.naver.com/mnews/article/629/0000513915?sid=102,팬들은 판다 세컨하우스와 주토피아 네이버 카페에서 진행된 '루이후이 사랑해' 이벤트에서 400대 1의 경쟁률을 뚫고 초청장을 받았다. 주키퍼들은 판다가 가장 좋아하는 대나무로 만든 대형 생일 케이크를 준비했다....,"Tue, 07 Jul 2026 14:46:00 +0900",2026-07-07 14:46:00
"요거트월드, 1인 메뉴 확대 도입… 카페형 매장 경험 확대",https://www.ksilbo.co.kr/news/articleView.html?idxno=1061443,https://www.ksilbo.co.kr/news/articleView.html?idxno=1061443,"최근 여름 시즌을 맞아 카페업계가 컵빙수 등 1인 디저트 메뉴를 잇달아 선보이는 가운데, 디저트카페 프랜차이즈 요거트월드가 1인 메뉴를 확대 운영한다고 밝혔다. 최근 디저트 시장에서는 1인 가구 증가와 개인 중심...","Tue, 07 Jul 2026 14:44:00 +0900",2026-07-07 14:44:00
"'호프' 나홍진 ""황정민 원맨쇼 도입부, 황정민이니까 가능했던 도박""[인...",https://www.spotvnews.co.kr/news/articleView.html?idxno=826942,https://m.entertain.naver.com/article/477/0000617027,나홍진 감독은 영화 '호프(HOPE)' 개봉을 앞둔 7일 서울 삼청동의 한 카페에서 스포티비뉴스와 인터뷰를 갖고 이같이 말했다. '호프'는 비무장지대에 위치한 호포항 출장소장 범석(황정민)이 동네 청년들로부터 호랑이가...,"Tue, 07 Jul 2026 14:44:00 +0900",2026-07-07 14:44:00
"영천시, 청년 예술제·창업 지원·취업 프로그램 확대",https://www.shinailbo.co.kr/news/articleView.html?idxno=5038356,https://www.shinailbo.co.kr/news/articleView.html?idxno=5038356,아울러 미취업 청년을 위한 '꿈이음 청춘카페 지원사업'도 상시 운영한다. 지역 카페를 청년 활동 공간으로 활용해 음료 포인트와 취·창업 프로그램을 제공하고 청년 간 네트워크 형성을 지원할 예정이다. 조분태 영천시...,"Tue, 07 Jul 2026 14:44:00 +0900",2026-07-07 14:44:00
"SK매직 'MEGA ICE 얼음정수기' 야구팬들까지 사로잡았다…""쉽게 녹지 않...",https://www.financialpost.co.kr/news/articleView.html?idxno=265423,https://www.financialpost.co.kr/news/articleView.html?idxno=265423,홈카페·홈술 트렌드에 맞는 프리미엄 얼음정수기로 주목받고 있다. 더불어 최대 일 제빙량 5.7kg(메가 모드... 홈카페와 홈술 트렌드 확산 국면 속에서 구체적인 고객 옵션과 전사적인 커뮤니케이션 창구를...,"Tue, 07 Jul 2026 14:44:00 +0900",2026-07-07 14:44:00
[인천시 소식] '세계 자원봉사자의 해' 10대 테마 릴레이 마지막 주자로...,http://www.bizwnews.com/news/articleView.html?idxno=140155,http://www.bizwnews.com/news/articleView.html?idxno=140155,주요 청소년 출입·고용금지업소는 유흥주점·단란주점·비디오방·노래연습장(청소년실 제외)·무도학원·사행행위장·성인용품점·룸카페 등이다. 청소년 고용금지업소는 일반주점(호프집·소주방·주점형 카페)...,"Tue, 07 Jul 2026 14:42:00 +0900",2026-07-07 14:42:00
"정선 사북공공도서관, 강원 공공도서관 운영평가 A그룹 1위",https://www.shinailbo.co.kr/news/articleView.html?idxno=5038360,https://www.shinailbo.co.kr/news/articleView.html?idxno=5038360,주민 의견을 반영해 북카페 환경을 개선하고 대관 서비스를 활성화해 열린 문화공간으로서 기능을 넓혔다. 성인문해교육과 작가 초청 강연 등 생애주기별 독서문화 프로그램도 연중 운영하며 평생학습 기반을 강화했다....,"Tue, 07 Jul 2026 14:42:00 +0900",2026-07-07 14:42:00
"[위클리오늘] 온라인 게임_컴투스, 넥슨, 넷마블(7.7)",http://www.weeklytoday.com/news/articleView.html?idxno=783787,http://www.weeklytoday.com/news/articleView.html?idxno=783787,"또한 협업 기간 동안 추가 업데이트와 이벤트를 순차적으로 선보일 예정이며, 자세한 내용은 '서머너즈 워' 공식 카페에서 확인할 수 있다. ▲ 넥슨-블리자드 엔터테인먼트, '오버워치' 8월 12일 국내 서비스 시작 예고 및...","Tue, 07 Jul 2026 14:42:00 +0900",2026-07-07 14:42:00
수원갈비부터 통닭·순대까지…수원시 '미식관광'으로 관광객 잡는다,https://www.newsworks.co.kr/news/articleView.html?idxno=846377,https://www.newsworks.co.kr/news/articleView.html?idxno=846377,"수원특례시가 '2026~2027 수원 방문의 해'를 맞아 수원갈비와 통닭거리, 전통시장 먹거리, 지역 카페 등을... 기반 카페와 디저트 등을 소개하며 관광객 유치에 나선다. 수원의 대표 음식인 수원갈비는 큰 갈빗대와 소금 간을...","Tue, 07 Jul 2026 14:42:00 +0900",2026-07-07 14:42:00
"쌍둥이 판다 ""세살 먹었어요""…중국 가기 전 마지막 생일잔치",http://www.yonhapnewstv.co.kr/news/AKR20260707143913zzY,https://n.news.naver.com/mnews/article/422/0000882382?sid=102,이날 생일잔치에 초청된 팬 30여 명은 판다 세컨하우스 현장과 주토피아 네이버 카페 등에서 사전 진행된 '루이후이 사랑해' 댓글 이벤트를 통해 선정됐습니다. 2023년 7월 7일 엄마 아이바오와 아빠 러바오 사이에서 각각...,"Tue, 07 Jul 2026 14:40:00 +0900",2026-07-07 14:40:00
"영천시, 신중년 재취업부터 청년 창업까지···세대 맞춤 일자리 지원...",http://www.newsprime.co.kr/news/article.html?no=739401,http://www.newsprime.co.kr/news/article.html?no=739401,"'꿈이음 청춘카페 지원사업'도 상시 운영해 지역 카페를 청년 활동 거점으로 활용하고 취·창업 프로그램과 네트워크 형성을 지원한다. 김병삼 영천시장은 ""풍부한 경험을 갖춘 신중년과 미래를 이끌 청년 모두 지역...","Tue, 07 Jul 2026 14:40:00 +0900",2026-07-07 14:40:00
"군산시, 착한가격업소 3개소 신규 지정... 총 63개소로 확대",http://www.jeonmin.co.kr/news/articleView.html?idxno=442881,http://www.jeonmin.co.kr/news/articleView.html?idxno=442881,"(엘투와이투카페, 커피에빠진 호떡, 심도카페), 목욕업 2개소(장수대중탕, 두꺼비탕), 이·미용업 14개소(어여미, 머리박사, 동신미용실, 디어왁싱, 레인보우, 블루컷, 정이미용실, 본헤어, 라임헤어, 위트헤어, 로즈미용실...","Tue, 07 Jul 2026 14:38:00 +0900",2026-07-07 14:38:00
"광주 동구, 여름방학 초등생 인문학 프로그램 운영",https://www.jnilbo.com/news/articleView.html?idxno=90000048309,https://www.jnilbo.com/news/articleView.html?idxno=90000048309,"프로그램은 △시인 문병란의 집(8월11~14일·4회) △작은도서관 식물그림책(8월11일) △작은도서관 그랜드센트럴북카페(8월20일) 등에서 진행되며, 운영 장소별로 10명씩 모집한다. ""인문학 즐기며 성장하도록 지원"" 동구는...","Tue, 07 Jul 2026 14:38:00 +0900",2026-07-07 14:38:00
[뮤:터뷰①]‘호프’ 나홍진 감독 “기존 韓영화 기대했다면 낯설 수 있...,https://www.heraldmuse.com/article/10800925?ref=naver,https://m.entertain.naver.com/article/112/0003800782,최근 서울 종로구 삼청동의 한 카페에서 진행된 헤럴드뮤즈와의 인터뷰에서 나홍진 감독은 작품을 준비하게 된 배경을 공개했다. 이날 나홍진 감독은 “‘호프’ 시나리오를 쓰던 당시에는 작품만을 위한 발상이 아니라...,"Tue, 07 Jul 2026 14:38:00 +0900",2026-07-07 14:38:00
"SK에코플랜트, 교육·카페 서비스 주거 커뮤니티 운영 나선다",https://www.polinews.co.kr/news/articleView.html?idxno=736290,https://www.polinews.co.kr/news/articleView.html?idxno=736290,"독서실과 스터디 공간, 커뮤니티 카페에 전문 운영 서비스를 적용해 입주민들이 일상에서 다양한 프로그램을... 전문 스터디카페 환경을 통해 공무원 시험과 어학 등 온라인 교육 콘텐츠도 이용할 수 있도록 지원한다....","Tue, 07 Jul 2026 14:37:00 +0900",2026-07-07 14:37:00
"지진희 ""주인공인데 2회 만에 잘려-끼워 팔기 희생양",https://www.mediafine.co.kr/news/articleView.html?idxno=82880,https://www.mediafine.co.kr/news/articleView.html?idxno=82880,"갑작스러운 현실을 받아들이기 어려웠던 두 사람은 인근 카페에서 오랫동안 이야기를 나눴고, 끝내 술잔을 기울이며 아쉬움을 달랬다고 했다. 그렇게 어렵게 얻은 첫 주연작은 단 두 회 촬영만 남긴 채 막을 내렸다. 하지만...","Tue, 07 Jul 2026 14:36:00 +0900",2026-07-07 14:36:00
"동구, 생성형 AI 활용 가족 체험 프로그램 운영",https://www.goodmorningcc.com/news/articleView.html?idxno=448613,https://www.goodmorningcc.com/news/articleView.html?idxno=448613,프로그램은 '부모와 함께 AI를 활용한 나만의 캐릭터 굿즈 만들기'를 주제로 오는 28일부터 8월 20일까지 가양1동 북카페에서 진행된다. 초등학교 2~5학년 자녀를 둔 6가족이 참여할 수 있다. 참가자들은 생성형 AI를 활용해...,"Tue, 07 Jul 2026 14:34:00 +0900",2026-07-07 14:34:00
역사 교육에 야외 활동까지! 아이와 함께 갈만한 강화도 가볼만한곳 BES...,https://www.ftimes.kr/news/articleView.html?idxno=38410,https://www.ftimes.kr/news/articleView.html?idxno=38410,여정의 마무리 단계에서 휴식을 취할 수 있는 화도면 일대의 도레빌리지 정원 카페 구역도 가족 동반 이용객들이 자주 찾는 곳이다. 야외 정원에는 계절별로 수국을 비롯한 꽃들이 가꿔져 있어 산책을 즐기며 사진을...,"Tue, 07 Jul 2026 14:34:00 +0900",2026-07-07 14:34:00
"“루이·후이 사랑해”…쌍둥이 판다, 한국서 마지막 생일",https://www.kyeonggi.com/article/20260707580270,https://n.news.naver.com/mnews/article/666/0000114270?sid=102,이날 생일파티에 초청된 팬 30여명은 판다 세컨하우스 현장과 주토피아 네이버 카페 등에서 사전 진행된 ‘루이후이 사랑해’ 댓글 이벤트를 통해 400 대 1의 경쟁률을 뚫고 선정됐다. 이들은 생일 축하 노래를 함께...,"Tue, 07 Jul 2026 14:33:00 +0900",2026-07-07 14:33:00
광명스피돔 어린이 문화교실 7월 운영,https://www.starnewskorea.com/sports/2026/07/07/2026070714324379741,https://m.sports.naver.com/general/article/108/0003450698,프로그램은 매주 토요일 광명스피돔 2층 어린이 북카페에서 진행된다. '상상라운지'는 전문 강사의 구연동화와 창의 만들기 활동을 결합한 참여형 문화교실이다. 아이들은 동화를 듣고 등장인물과 이야기를 직접...,"Tue, 07 Jul 2026 14:33:00 +0900",2026-07-07 14:33:00
"나홍진 ""황정민, 말이 필요 없는 배우""…굳건한 신뢰 밝혔다 ('호프')[인...",https://www.tenasia.co.kr/article/2026070701374,https://m.entertain.naver.com/article/312/0000766758,7일 서울 삼청동 한 카페에서 영화 '호프'를 연출한 나홍진 감독을 만나 이야기를 나눴다. '호프'는 비무장지대에 있는 호포항의 출장소장 범석이 마을을 쑥대밭으로 만든 이의 정체를 추적하다가 믿기 어려운 현실과...,"Tue, 07 Jul 2026 14:33:00 +0900",2026-07-07 14:33:00
"'호프' 나홍진 ""외계인 CG 죽을만큼 힘들어..봉준호 감독님 마음 이해돼...",http://www.osen.co.kr/article/G1112835265,https://m.entertain.naver.com/article/109/0005567073,"7일 오후 서울 종로구 삼청로 한 카페에서는 영화 '호프'의 나홍진 감독 인터뷰가 진행됐다. '호프'(감독각본 나홍진, 제작 포지드필름스, 공동 제작 플러스엠 엔터테인먼트·(주)웨스트월드, 제공배급 플러스엠...","Tue, 07 Jul 2026 14:32:00 +0900",2026-07-07 14:32:00
"'호프' 나홍진 감독, '곡성' 이어 황정민 선택 ""말이 필요 없는 배우"" [M...",https://www.mydaily.co.kr/page/view/2026070714234834766,https://m.entertain.naver.com/article/117/0004082268,"7일 오후 서울 종로구 삼청동의 한 카페에서 영화 '호프' 나홍진 감독의 인터뷰가 진행됐다. 이 작품은 비무장지대에 위치한 호포항 출장소장 범석(황정민)이 동네 청년들로부터 호랑이가 출현했다는 소식을 전해 듣고, 온...","Tue, 07 Jul 2026 14:31:00 +0900",2026-07-07 14:31:00
"'호프' 나홍진 감독 ""황정민 한 명 믿고 50분…도박적인 결심이었다"" [엑...",https://www.xportsnews.com/article/2169113,https://m.entertain.naver.com/article/311/0002030909,7일 오후 서울 종로구 삼청동의 한 카페에서 영화 '호프'(감독 나홍진)를 연출한 나홍진 감독과 엑스포츠뉴스가 만났다. '호프'는 비무장지대에 위치한 호포항 출장소장 범석(황정민 분)이 동네 청년들로부터 호랑이가...,"Tue, 07 Jul 2026 14:31:00 +0900",2026-07-07 14:31:00
"""40억대 사기 의혹"" 제주 효성해링턴 투자자들, 시행사 대표 구속 촉구",https://www.jejusori.net/news/articleView.html?idxno=504548,https://www.jejusori.net/news/articleView.html?idxno=504548,"'효성해링턴플레이스애월 아파트 관련 범죄 피해자 대책위원회'는 7일 제주도의회 도민카페에서 기자회견을 열고 ""서민의 피땀과 눈물을 짓밟고 하청업체의 고혈을 짜낸 시행사 대표의 연쇄 사기 행각을 강력히 규탄한다...","Tue, 07 Jul 2026 14:30:00 +0900",2026-07-07 14:30:00
“권한도 없는데 우선분양권 약속?”…애월 아파트 20억 투자금 의혹,https://www.jibs.co.kr/news/articles/articlesDetail/63214?feed=na,https://n.news.naver.com/mnews/article/661/0000079420?sid=101,효성해링턴플레이스 애월 아파트 관련 범죄 피해자 대책위원회는 7일 제주도의회 도민카페에서 기자회견을 열고 제주도에 피해 실태 조사와 행정·법률 지원을 요구했습니다. 대책위는 기자회견 뒤 제주도청을 찾아...,"Tue, 07 Jul 2026 14:30:00 +0900",2026-07-07 14:30:00
"수원특례시, '맛의 도시' 매력 알린다…갈비부터 통닭까지 미식 관광 강...",http://www.metroseoul.co.kr/article/20260707500261,http://www.metroseoul.co.kr/article/20260707500261,또한 행궁동과 신동카페거리 등을 중심으로 지역 정체성을 담은 카페 브랜드들도 관광객들의 발길을 끌고 있다. 수원시는 미식 관광 경쟁력 강화를 위해 외부 추천과 현장 조사 등을 거쳐 맛집 100곳을 선정했으며...,"Tue, 07 Jul 2026 14:30:00 +0900",2026-07-07 14:30:00
"이별 앞둔 '푸바오 동생' 쌍둥이 판다, 한국서 마지막 생일파티",https://www.joongang.co.kr/article/25443076,https://n.news.naver.com/mnews/article/025/0003535904?sid=101,"삼성물산에 따르면 초청 고객들은 판다 세컨하우스 현장과 주토피아 네이버 카페 등에서 사전 진행된 댓글 이벤트를 통해 선정됐으며, 경쟁률은 400대 1에 달했다. 이번 행사는 쌍둥이 판다 자매가 국내에서 보내는...","Tue, 07 Jul 2026 14:30:00 +0900",2026-07-07 14:30:00
"보령시, 머드축제 연계 고향사랑기부 이벤트 통해 생활인구·지역소비 ...",http://www.queen.co.kr/news/articleView.html?idxno=459886,http://www.queen.co.kr/news/articleView.html?idxno=459886,"축제장 주변 음식점과 카페, 전통시장 등 다양한 지역 상권에서 이용할 수 있어 축제 방문객의 소비를 지역경제 활성화로 연결하는 역할을 할 것으로 기대된다. 시는 고향사랑기부 참여자가 보령머드축제를 직접...","Tue, 07 Jul 2026 14:30:00 +0900",2026-07-07 14:30:00
"정선 사북공공도서관, 운영평가서 강원 최고점…문체부 표창",https://www.yna.co.kr/view/AKR20260707112100062?input=1195m,https://n.news.naver.com/mnews/article/001/0016180336?sid=103,"사북공공도서관은 이용자 의견을 반영해 북카페 환경을 개선하고, 지역 주민과 단체가 자유롭게 활용할 수 있도록 대관 서비스를 활성화하는 등 열린 문화공간을 조성했다. 또 문화학교와 성인 문해 교육, 작가 초청 강연...","Tue, 07 Jul 2026 14:30:00 +0900",2026-07-07 14:30:00
"“이런 것이 적극행정”…대구 동구청, 우수사례 3건 선정",https://www.kukinews.com/article/view/kuk202607070121,https://www.kukinews.com/article/view/kuk202607070121,지난해 ‘예스키즈존’ 도입은 일반음식점과 카페를 아이 친화 공간으로 바꾸며 ‘아이 키우기 좋은 도시’ 이미지를 강화한 대표 사례로 평가된다. 또 이륜자동차 취득세 과오납을 사전에 차단하는 시스템을 구축해 주민...,"Tue, 07 Jul 2026 14:30:00 +0900",2026-07-07 14:30:00
"'제주 카페 휴업' 이동건, '이숙캠' 촬영 현장 공개",https://www.newsis.com/view/NISX20260707_0003699117,https://m.entertain.naver.com/article/003/0014051167,"이동건은 2년간 MC를 맡은 진태현의 후임으로 남자 출연자 측 가사조사관을 맡아 서장훈, 박하선과 호흡을 맞춘다. 한편, 이동건은 지난해부터 운영한 제주 카페를 재정비 차원에서 휴업한다는 소식을 알렸다.","Tue, 07 Jul 2026 14:29:00 +0900",2026-07-07 14:29:00
에버랜드 쌍둥이 판다 '루이바오·후이바오' 세 돌…국내서 마지막 생일...,https://www.newsis.com/view/NISX20260707_0003699154,https://n.news.naver.com/mnews/article/003/0014051168?sid=101,"이날 생일파티에 초청된 팬 30여 명은 판다 세컨하우스 현장과 주토피아 네이버 카페 등에서 사전 진행된 '루이후이 사랑해' 댓글 이벤트를 통해 400대 1의 경쟁률을 뚫고 선정됐다. 루이바오, 후이바오 자매는 2023년 7월...","Tue, 07 Jul 2026 14:29:00 +0900",2026-07-07 14:29:00
"보령시, 머드축제와 고향사랑기부 '시너지'…최대 16만2천원 혜택 쏜다",http://www.dynews.co.kr/news/articleView.html?idxno=857035,http://www.dynews.co.kr/news/articleView.html?idxno=857035,"특히 보령사랑상품권은 축제장 주변 음식점과 카페, 전통시장 등 지역 가맹점에서 사용할 수 있어 관광객의 소비를 지역 상권으로 연결하는 효과가 기대된다. 시는 이번 이벤트를 통해 축제 방문객의 체류시간을...","Tue, 07 Jul 2026 14:29:00 +0900",2026-07-07 14:29:00
"전시/ K-뮤지엄 지역순회전시·투어 '웰컴 투 은하수 다방-보은, 고양의...",http://www.dynews.co.kr/news/articleView.html?idxno=857109,http://www.dynews.co.kr/news/articleView.html?idxno=857109,"［동양일보 황의택］ ○K-뮤지엄 지역순회전시·투어 '웰컴 투 은하수 다방-보은, 고양의 빛을 품다'=31일(금)까지 보은 일상화카페. 문의: 031-966-5262.","Tue, 07 Jul 2026 14:28:00 +0900",2026-07-07 14:28:00
"중랑구를 대표하는 걷기 명소...중랑구, 용마산 스카이워크 누적 이용객...",https://www.cnbizm.com/news/articleView.html?idxno=307807,https://www.cnbizm.com/news/articleView.html?idxno=307807,"망우역사문화공원에서는 문화예술인 특별전 등 다양한 전시와 카페를 함께 즐길 수 있어, 역사와 문화, 자연을 한 번에 체험할 수 있다. 앞으로 수국이 만개하면 더욱 풍성한 볼거리와 함께 많은 시민들의 발길이 이어질...","Tue, 07 Jul 2026 14:28:00 +0900",2026-07-07 14:28:00
"나홍진 ""'황해'·'곡성'·'호프' 모두 러닝타임 156분…집착 아니다""[인...",https://www.spotvnews.co.kr/news/articleView.html?idxno=826922,https://m.entertain.naver.com/article/477/0000617014,나홍진 감독은 영화 '호프(HOPE)' 개봉을 앞둔 7일 서울 삼청동의 한 카페에서 스포티비뉴스와 인터뷰를 갖고 이같이 말했다. 오는 15일 드디어 개봉하는 나홍진 감독 신작 '호프'는 러닝타임 156분을 자랑하는 SF 액션물....,"Tue, 07 Jul 2026 14:28:00 +0900",2026-07-07 14:28:00
허위정보 대응 본격화…네이버·카카오 신고창구 열었다,https://www.ebn.co.kr/news/articleView.html?idxno=1715393,https://www.ebn.co.kr/news/articleView.html?idxno=1715393,"업계에서는 일단 이번 제도 시행으로 당장 급격한 변화는 제한적일 것으로 보고 있다. 네이버와 카카오는 이미 뉴스, 카페, 블로그, 댓글 등 주요 서비스에서 신고와 임시 조치, 운영정책 위반 게시물 제재 체계를 운영해 왔다.","Tue, 07 Jul 2026 14:28:00 +0900",2026-07-07 14:28:00
직장인 위한 '퇴근길 캠퍼스'참여자 모집…문화예술·경제·인문학 3개 ...,http://www.dynews.co.kr/news/articleView.html?idxno=857063,http://www.dynews.co.kr/news/articleView.html?idxno=857063,인문학 분야는 전 청주대 교양학부 겸임교수가 진행하는 '영화로 만나는 마음챙김'으로 오는 16일과 23일 오후 7시부터 군립도서관 1층 북카페에서 운영된다. 군은 직장인들의 학습 접근성을 높이기 위해 실생활에 도움이...,"Tue, 07 Jul 2026 14:28:00 +0900",2026-07-07 14:28:00
금정구 범리단길 골목형상점가 지정…상권 활성화 기대,https://www.newsis.com/view/NISX20260707_0003699112,https://n.news.naver.com/mnews/article/003/0014051163?sid=102,"이번에 지정된 범리단길 골목형상점가는 청룡동 일원으로, 음식점과 카페 등 소상공인 점포 70여 곳이 밀집한 상권이다. 이곳은 지난 3월 국내 최초 도심형 국립공원으로 지정된 금정산과 범어사로 향하는 관문인 도시철도...","Tue, 07 Jul 2026 14:27:00 +0900",2026-07-07 14:27:00
"'호프' 나홍진 감독 ""패스벤더·비칸데르 부부 출연료? 美 독립 영화 수...",https://www.news1.kr/entertain/movie/6220277,https://m.entertain.naver.com/article/421/0009045228,"나홍진 감독은 7일 오후 서울 종로구 삼청동 한 카페에서 진행된 신작 영화 '호프' 관련 인터뷰에서 '왜 하필 외계인에 할리우드서도 활동하는 유명 배우들을 써야 했느냐'고 묻자 ""알리시아 비칸데르와 처음 작품을 하기로...","Tue, 07 Jul 2026 14:27:00 +0900",2026-07-07 14:27:00
"장마·폭염 피해 리조트 안에서 즐긴다…소노, 실내 콘텐츠 강화",https://www.g-enews.com/view.php?ud=202607071422468939e30fcb1ba8_1,https://www.g-enews.com/view.php?ud=202607071422468939e30fcb1ba8_1,"베이커리 카페 등 주요 시설을 연결했다. 쏠비치 삼척·양양, 소노벨 천안·단양·변산, 소노캄 거제 등도... 소노캄 경주는 투숙객 대상 북카페 ‘서재’를 운영하며 400여 권의 도서를 무료로 대여한다. 소노캄 제주 역시...","Tue, 07 Jul 2026 14:26:00 +0900",2026-07-07 14:26:00
"'호프 나홍진 ""황정민 믿을 수밖에 없는 배우, 초반 50분 도전적인 결심...",http://www.stoo.com/article.php?aid=107606447129,http://www.stoo.com/article.php?aid=107606447129,"나홍진 감독은 7일 서울 종로구 한 카페에서 취재진을 만나 영화 '호프'(감독 나홍진·제작 포지드필름스) 인터뷰를 진행했다. '호프'는 비무장지대에 위치한 호포항 출장소장 범석(황정민), 순경 성애(정호연)이 성기...","Tue, 07 Jul 2026 14:26:00 +0900",2026-07-07 14:26:00
"[인터뷰①] 나홍진 감독 ""'황해'·'곡성' 이어 '호프'도 러닝타임 156분…...",https://www.sportschosun.com/entertainment/2026-07-07/202607070100044000002612,https://m.entertain.naver.com/article/076/0004423208,"나홍진 감독은 7일 서울 종로구 삼청동 한 카페에서 스포츠조선과 만나 ""저도 전작들과 러닝타임이 같은 줄 모르고 있었다""며 ""어떤 분들은 숫자 156에 대한 집착이라고 하시는데, 그건 절대 아니다""라고 했다. 15일...","Tue, 07 Jul 2026 14:26:00 +0900",2026-07-07 14:26:00
도시철도 부산대역에 전국 첫 ‘상생 마트’···침체된 지역상권 활성...,https://www.khan.co.kr/article/202607071425001,https://n.news.naver.com/mnews/article/032/0003456580?sid=102,대합실과 연결되는 곳에 66㎡ 규모의 공공카페형 쉼터를 마련했다. 이 쉼터는 금정구 지역자활센터가 운영한다. 공사에 따르면 이번에 마트가 입점한 공간은 지난 10년 가량 비어있었던 것으로 파악됐다. 이병진...,"Tue, 07 Jul 2026 14:25:00 +0900",2026-07-07 14:25:00
"'호프' 나홍진 감독이 외계인 SF를 만든 이유 ""초자연 다음 우주로""[인터...",https://www.spotvnews.co.kr/news/articleView.html?idxno=826927,https://m.entertain.naver.com/article/477/0000617010,나홍진 감독은 영화 '호프(HOPE)' 개봉을 앞둔 7일 서울 삼청동의 한 카페에서 스포티비뉴스와 인터뷰를 갖고 이같이 말했다. 오는 15일 드디어 개봉하는 '호프'는 비무장지대에 위치한 호포항 출장소장 범석이 동네...,"Tue, 07 Jul 2026 14:25:00 +0900",2026-07-07 14:25:00
"지독한 완벽주의자 나홍진의 SF ""외계인 크리처, 처음부터 스트레스였다...",https://www.starnewskorea.com/movie/2026/07/07/2026070714095728229,https://m.entertain.naver.com/article/108/0003450682,"나홍진 감독은 7일 오후 서울 종로구 삼청동 한 카페에서 영화 '호프' 인터뷰를 가지고 영화에 대한 다양한 이야기를 전했다. 나홍진 감독은 ""개봉을 앞두고 떨린다. 이 영화를 쓸 때는 현실 속 네거티브함이 충만할 때였다....","Tue, 07 Jul 2026 14:23:00 +0900",2026-07-07 14:23:00
"""클릭수·체류시간보다 중요한 것"" 뭐길래…확 달라진 네이버 'AI 검색'...",https://www.hankyung.com/article/202607070220g,https://n.news.naver.com/mnews/article/015/0005307120?sid=105,"글로벌 범용 AI 서비스가 폭넓은 지식을 자연스럽게 답하는 데 강점이 있다면, 네이버는 블로그·카페·쇼핑·예약·로컬 데이터를 엮어 국내 이용자의 생활 맥락에 맞춘 답을 내겠다는 구상이다. 한 이사는 ""글로벌 범용...","Tue, 07 Jul 2026 14:23:00 +0900",2026-07-07 14:23:00
"지진희, '강제 하차' 아픔 고백 ""2회 만에 잘려... 그 드라마는 크게 성...",https://www.insight.co.kr/news/561864,https://www.insight.co.kr/news/561864,두 사람은 인근 카페에서 실랑이를 벌이다 결국 술로 마무리하며 최종 하차를 결정했다. 지진희는 차마 어머니에게 하차 사실을 말하지 못했다. 그는 이후 2~3개월간 촬영장을 드나드는 척하며 거짓말을 이어갔다. 지진희는...,"Tue, 07 Jul 2026 14:22:00 +0900",2026-07-07 14:22:00
에버랜드 쌍둥이 판다 ‘3살 생일’,https://www.naeil.com/news/read/594509?ref=naver,https://www.naeil.com/news/read/594509?ref=naver,이날 생일파티에 초청된 팬 30여명은 판다 세컨하우스 현장과 주토피아 네이버 카페 등에서 사전 진행된 ‘루이후이 사랑해’ 댓글 이벤트를 통해 400대 1의 경쟁률을 뚫고 선정됐다. 생일 축하 노래를 함께 부르고 쌍둥이...,"Tue, 07 Jul 2026 14:22:00 +0900",2026-07-07 14:22:00
"[뮤즈★] 이동건, ‘제주 카페 휴업’ 후 포착된 첫 근황…‘이혼숙려캠...",https://www.heraldmuse.com/article/10800910?ref=naver,https://m.entertain.naver.com/article/112/0003800780,최근 카페 휴업 사실을 알린 배우 이동건이 JTBC 예능 ‘이혼숙려캠프’ 촬영장에서 근황을 전했다.... 한편 이동건은 제주도에 차린 카페를 1년 3개월 만에 재정비하며 휴업한다는 사실을 밝혀 화제를 모았다. 이동건의...,"Tue, 07 Jul 2026 14:21:00 +0900",2026-07-07 14:21:00
"‘호프’ 나홍진 감독, 할리우드 배우 캐스팅 이유…“긴 이야기의 주인...",https://isplus.com/article/view/isp202607070144,https://m.entertain.naver.com/article/241/0003518712,7일 서울 종로구 한 카페에서 영화 ‘호프’의 나홍진 감독 인터뷰가 진행됐다. ‘호프’에는 할리우드 배우 마이클 패스벤더와 알리시아 비칸데르가 외계인 역할로 출연해 개봉 전부터 화제를 모았다. 나 감독은...,"Tue, 07 Jul 2026 14:20:00 +0900",2026-07-07 14:20:00
"농촌진흥청, 국산 팥 ‘생산·가공 연계’로 안정적 공급",https://www.kenews.co.kr/news/article.html?no=89623,https://www.kenews.co.kr/news/article.html?no=89623,충남 공주시는 벼와 양파 수확 후 팥 ‘홍미인’을 심는 이모작 재배로 생산된 원료곡 10톤을 관내 카페와 떡집 등 지역 가공·유통처와 연계해 상품화할 계획이다. 국립식량과학원은 고품질 팥의 안정적인 생산을 돕기...,"Tue, 07 Jul 2026 14:20:00 +0900",2026-07-07 14:20:00
"[혼삶지수] 1인가구 주거앱, 종합 1위는 '네이버부동산', 순호감도 1위는...",http://www.dailypop.kr/news/articleView.html?idxno=100321,http://www.dailypop.kr/news/articleView.html?idxno=100321,"데일리팝이 최근 1년(2025년 7월~2026년 6월) 블로그·카페·유튜브·커뮤니티 게시글 7999건 분석해 만든... 이번 조사는 최근 1년(2025년 7월~2026년 6월)의 온라인 언급을 대상으로, 블로그·카페·유튜브·커뮤니티 4개...","Tue, 07 Jul 2026 14:20:00 +0900",2026-07-07 14:20:00
"영천시, 청년 문화·창업·취업 지원 확대…소통형 청년정책 본격 가동",http://www.breaknews.com/1219813,http://www.breaknews.com/1219813,"이와 함께 ‘꿈이음 청춘카페 지원사업’도 상시 운영 중이다. 지역 카페를 청년 활동 거점으로 활용해 커뮤니티 형성과 네트워크 구축을 지원하며, 참여자에게는...","Tue, 07 Jul 2026 14:16:00 +0900",2026-07-07 14:16:00
"동서대, 서울 예술영화관서 작품 취·창업캠프 개최",http://www.metroseoul.co.kr/article/20260706500540,http://www.metroseoul.co.kr/article/20260706500540,"2개 상영관을 갖추고 있으며 카페와 갤러리, 아카데미를 함께 운영하는 복합문화공간이다. 이곳에서 동서대 영화과 학생 작품 상영회가 열렸는데, 재학생과 졸업생뿐 아니라 일반 시민도 다수 참여해 객석을 채웠다....","Tue, 07 Jul 2026 14:16:00 +0900",2026-07-07 14:16:00
"컴투스 '서머너즈 워'와 '장송의 프리렌' 콜라보, 높은 디테일 완성도로...",https://gamefocus.co.kr/detail.php?number=177266,https://gamefocus.co.kr/detail.php?number=177266,"이벤트와 추가 업데이트를 지속적으로 선보이며, 유저들이 협업 콘텐츠를 더 재미있게 즐길 수 있도록 할 계획이다. 한편, ‘서머너즈 워’의 이번 컬래버레이션에 대한 더욱 자세한 정보는 공식 카페에서 확인할 수 있다.","Tue, 07 Jul 2026 14:16:00 +0900",2026-07-07 14:16:00
"""함께 더 큰 부천""…조용익 부천시장, 'B.I.G 부천' 도시 대도약 선언",https://www.mt.co.kr/policy/2026/07/07/2026070713492760819,https://n.news.naver.com/mnews/article/008/0005382562?sid=102,"부천형 키즈카페와 365일 시간제 보육서비스도 확대한다. 공공심야약국은 현재보다 확대 운영하고, 스마트경로당 사업도 전면 확대를 검토한다. 청년드림주택 100호 공급과 청년참여예산제, 취·창업 지원 기능 통합 등을...","Tue, 07 Jul 2026 14:15:00 +0900",2026-07-07 14:15:00
"생활 위생용품 브랜드 ‘퀴클’, 가정용 점보롤로 위생용품 시장 공략 ...",http://www.wowtv.co.kr/NewsCenter/News/Read?articleId=A202607070274&t=NN,https://n.news.naver.com/mnews/article/215/0001257867?sid=101,"이후 카페24의 'K-제조 이커머스 혁신 프로젝트'에 합류하며 온라인 마케팅을 본격화했고, 운영 초기 쇼핑몰 트래픽 확보와 브랜드 인지도 확대에 집중했다. 이 대표는 ""카페24와 협업 이후 쇼핑몰 운영과 마케팅을 보다...","Tue, 07 Jul 2026 14:15:00 +0900",2026-07-07 14:15:00
"'호프' 나홍진 감독 ""황정민 홀로 50분 열연..배우 믿고 도박"" [인터뷰①...",http://www.osen.co.kr/article/G1112835249,https://m.entertain.naver.com/article/109/0005567058,"7일 오후 서울 종로구 삼청로 한 카페에서는 영화 '호프'의 나홍진 감독 인터뷰가 진행됐다. '호프'(감독각본 나홍진, 제작 포지드필름스, 공동 제작 플러스엠 엔터테인먼트·(주)웨스트월드, 제공배급 플러스엠...","Tue, 07 Jul 2026 14:14:00 +0900",2026-07-07 14:14:00
"[산업 레이더] 현대엘리베이터·KCC·S-OIL, 사회공헌부터 산업안전·디...",http://www.thevaluenews.co.kr/news/view.php?idx=199920,http://www.thevaluenews.co.kr/news/view.php?idx=199920,"현대엘리베이터는 태양광 랜턴 제작, 소아암 환아 지원, 물품 기부 캠페인, 장애인 바리스타 카페 운영 지원 등 임직원 참여형 사회공헌 활동도 지속 확대하고 있다. ◆ KCC, 산업안전 전시회서 통합 안전 솔루션 공개...","Tue, 07 Jul 2026 14:14:00 +0900",2026-07-07 14:14:00
"‘호프’ 나홍진 감독 “황정민, 보이지 않는 적과 50분…믿음 있었기에...",https://isplus.com/article/view/isp202607070137,https://m.entertain.naver.com/article/241/0003518706,7일 서울 종로구 한 카페에서 영화 ‘호프’의 나홍진 감독 인터뷰가 진행됐다. 나 감독은 “황정민은 믿을 수밖에 없는 배우다. 여러 작품을 통해 다양한 연기를 보여주며 스스로를 증명해온 대단한 배우”라며 “전 연출...,"Tue, 07 Jul 2026 14:12:00 +0900",2026-07-07 14:12:00
"몸무게 80kg 넘긴 쌍둥이 판다 루이·후이바오, 국내서 보내는 마지막 생...",https://www.thefairnews.co.kr/news/articleView.html?idxno=81481,https://www.thefairnews.co.kr/news/articleView.html?idxno=81481,행사에 참석한 팬들은 주토피아 네이버 카페 댓글 이벤트를 통해 400 대 1의 경쟁률을 뚫고 선정됐으며 현장에서 생일 축하 노래를 부르고 응원 메시지를 전했다. 두 판다는 2023년 7월 7일 엄마 아이바오와 아빠 러바오...,"Tue, 07 Jul 2026 14:10:00 +0900",2026-07-07 14:10:00
"나홍진 감독, ‘호프’ 호불호 예상했나…“관객들에겐 낯설 수도” [인...",https://isplus.com/article/view/isp202607070136,https://m.entertain.naver.com/article/241/0003518705,7일 서울 종로구 한 카페에서 영화 ‘호프’의 나홍진 감독 인터뷰가 진행됐다. 나 감독은 “개봉을 앞두고 떨린다. ‘호프’는 단순히 시나리오를 쓰고 작품 하나를 만드는 차원에서 출발한 영화가 아니었다”며...,"Tue, 07 Jul 2026 14:08:00 +0900",2026-07-07 14:08:00
"알랭 뒤카스 쇼콜라 파리, 강릉에 공식 론칭",https://www.etoday.co.kr/news/view/2601115,https://www.etoday.co.kr/news/view/2601115,"프랑스 본사의 제조 기준을 한국 생산 환경에 적용해 강릉에서 생산한 초콜릿과 대표 컬렉션, 카페 메뉴... 알랭 뒤카스 쇼콜라 파리는 강릉 매장을 통해 대표 초콜릿 컬렉션과 카페 메뉴, 디저트를 선보이며 생산과 리테일...","Tue, 07 Jul 2026 14:08:00 +0900",2026-07-07 14:08:00
"외식업·베이커리·카페 분야 청년 예비창업자 육성… 창업보다 생존, ...",https://www.lecturernews.com/news/articleView.html?idxno=205742,https://www.lecturernews.com/news/articleView.html?idxno=205742,"프렙 아카데미 수료생 창업매장 [사진출처=서울시청]  서울시가 외식업과 베이커리, 카페 분야의 창업을... 11기 모집 대상은 서울시에 거주하는 만 19세부터 39세까지의 청년 가운데 외식업과 카페 등 식음료 분야 창업을...","Tue, 07 Jul 2026 14:06:00 +0900",2026-07-07 14:06:00
백진희 ‘하이킥’ 이후 공황장애 고백 “마트 지하철역 못 가‥내 삶은...,https://www.newsen.com/news_view.php?uid=202607071346381910,https://m.entertain.naver.com/article/609/0001143267,"이날 혼자 카페도 잘 못 간다는 백진희는 연예계 생활 중 가장 뼈아팠던 순간을 묻자 ""난 늘 뼈아프고 내가 왜 위로의 음악을 듣냐면.. 내 삶은 늘 뼈아프고 늘 힘들었다""며 ""이런 말 하면 좀 오만하다 할 수도 있는데 그때를...","Tue, 07 Jul 2026 14:04:00 +0900",2026-07-07 14:04:00
"낙동강생물자원관, 복합문화시설 '이음센터' 개관",https://daily.hankooki.com/news/articleView.html?idxno=1383573,https://daily.hankooki.com/news/articleView.html?idxno=1383573,"편의시설에는 식당과 카페, 편의점은 물론 영유아 놀이시설과 열린 계단형 쉼터인 '커뮤니티 스텝'을 마련해 영유아를 동반한 가족을 비롯한 방문객이 식사와 휴식, 여가를 편리하게 즐길 수 있도록 했다. '대관시설'에는...","Tue, 07 Jul 2026 14:02:00 +0900",2026-07-07 14:02:00
"세라젬, 초록우산 '후원 20주년'…누적 12억원 기부로 아동 자립 돕는다",https://www.cstimes.com/news/articleView.html?idxno=712508,https://www.cstimes.com/news/articleView.html?idxno=712508,"세라젬은 KBS 공익 프로그램 '동행' 등과 연계해 조손·한부모·중증질환 가정에 100대 이상의 헬스케어 제품을 기부해 왔으며, 2024년부터 초록우산 '나눔기업 캠페인'을 통해 웰카페·웰라운지 등 매장 수익 일부를 정기...","Tue, 07 Jul 2026 14:02:00 +0900",2026-07-07 14:02:00
[단독] 청년 일자리·주거 지원에 국유재산 활용 대폭 확대,https://www.mk.co.kr/article/12092257,https://n.news.naver.com/mnews/article/009/0005703857?sid=101,"카페·지능형농장(스마트팜) 등 청년창업에 적합한 국유재산은 청년 세대에 우선적으로 임대하고, 사용료도 최대 80%까지 감면했다. 정부는 최근 국유재산을 단순히 보유·관리하는 데 그치지 않고 국가 전략산업 육성과...","Tue, 07 Jul 2026 14:02:00 +0900",2026-07-07 14:02:00
현지인이 추천하는 홍콩 디저트 맛집 4곳,https://www.marieclairekorea.com/pinpage/2026/07/hongkong-cafe/?utm_source=naver&utm_medium=partnership,https://www.marieclairekorea.com/pinpage/2026/07/hongkong-cafe/?utm_source=naver&utm_medium=partnership,"100년 이상의 두부 전문점부터 성수st 카페, 홍콩 현지인이 강력 추천하는 빙수집, 놓칠 수 없는 에그타르트까지. 홍콩 여행 고수로 만들어주는 현지 감성을 느낄 수 있는 디저트 카페 4곳을...","Tue, 07 Jul 2026 14:00:00 +0900",2026-07-07 14:00:00
"부산교통공사, 부산대역에 전국 첫 상생형 마트 개점",https://news.skbroadband.com/news/articleView.html?idxno=231361,https://news.skbroadband.com/news/articleView.html?idxno=231361,부산대역의 유휴공간을 활용해 마트를 만들고 시민 누구나 이용 가능한 공공쉼터도 함께 개소했다고 밝혔습니다. 공사는 지역주민을 우선 채용하고 지역자활센터의 카페 운영을 통해 지역 상권 활성화도 기대하고 있습니다.,"Tue, 07 Jul 2026 14:00:00 +0900",2026-07-07 14:00:00
"[혼삶 탐방기] 밤 12시, 커피가 마시고 싶다면?…'로봇이 맞이'하는 24시...",http://www.dailypop.kr/news/articleView.html?idxno=100305,http://www.dailypop.kr/news/articleView.html?idxno=100305,"늦은 밤, 문득 카페에서 내려준 커피 한 잔이 생각날 때가 있다. 집에 있는 캡슐커피나 인스턴트커피 말고, 바리스타가 직접 내려주는 커피를 마시고 싶은 순간이다. 하지만 대부분의 카페는 오전 10시부터 오후 7~8시 사이에...","Tue, 07 Jul 2026 14:00:00 +0900",2026-07-07 14:00:00
"아이브 가을, 독서·라이프스타일 잇는 '가을의 온도' 소통 행보",https://www.topstarnews.net/news/articleView.html?idxno=16126687,https://www.topstarnews.net/news/articleView.html?idxno=16126687,"'어드민 나이트'는 업무나 학업을 마친 뒤 카페나 집, 스터디룸 등에 모여 미뤄두었던 일을 함께 하는 모임을 뜻하며, 가을은 이 콘셉트를 그대로 영상으로 옮겼다. 해당 콘텐츠에는 엔믹스(NMIXX) 릴리, 키키(KiiiKiii) 이솔...","Tue, 07 Jul 2026 13:58:00 +0900",2026-07-07 13:58:00
"세라젬, 초록우산과 20년 동행...취약계층 위한 나눔 실천",https://www.ajunews.com/view/20260707131855253,https://www.ajunews.com/view/20260707131855253,지난 2024년부터 초록우산의 '나눔기업 캠페인'에 참여해 웰카페와 웰라운지 등 체험 매장에서 발생한 수익의 일부를 정기적으로 후원하고 있다. 올해 6월에는 경기도 남양주 사회복지관 동부희망케어센터에 척추관리...,"Tue, 07 Jul 2026 13:58:00 +0900",2026-07-07 13:58:00
"‘제주 카페 휴업’ 이동건, ‘이숙캠’ 녹화 현장 공개",https://isplus.com/article/view/isp202607070129,https://m.entertain.naver.com/article/241/0003518700,제주 카페 휴업 소식을 전한 배우 이동건이 근황을 공개했다. 이동건은 7일 자신의 사회관계망서비스(SNS)에... 한편 이동건은 전날 자신이 운영하던 제주 카페 SNS를 통해 “오는 9일부로 재정비의 시간을 가지게 됐다....,"Tue, 07 Jul 2026 13:56:00 +0900",2026-07-07 13:56:00
피해자 20명 '주식 리딩 카페 사기'...집단 대응 제대로 하려면?,https://lawtalknews.co.kr/article/2PW97FIYRWJB,https://lawtalknews.co.kr/article/2PW97FIYRWJB,"인터넷 카페 형식의 주식 리딩방에서 특정 종목 매수를 추천받고 투자했다가 큰 손실을 봤다. 이들은 리딩방... 피해자들은 현재 카페 게시글 캡처, 종목 추천 일시, 추천 종목 및 매매 내역, 각자의 거래 내역 및 손실액...","Tue, 07 Jul 2026 13:56:00 +0900",2026-07-07 13:56:00
[새로 나온 책]'기독교 신앙의 정수' 외,https://www.nocutnews.co.kr/news/6544222?utm_source=naver&utm_medium=article&utm_campaign=20260707015358,https://n.news.naver.com/mnews/article/079/0004165716?sid=103,"독거노인 돌봄과 공부방 운영, 작은도서관과 카페, 마을 공동체 활동까지. 교회의 사회 참여를 단순한 전도의 수단이 아니라, 교회의 본질적 사명으로 회복해야 한다는 문제의식을 담았습니다. 전국 수십 개 교회를 직접...","Tue, 07 Jul 2026 13:54:00 +0900",2026-07-07 13:54:00
"보령시, 머드축제 연계 고향사랑기부 이벤트 운영",https://www.m-i.kr/news/articleView.html?idxno=1388830,https://www.m-i.kr/news/articleView.html?idxno=1388830,"보령사랑상품권은 지역 내 가맹점에서 사용할 수 있으며, 축제장 인근 음식점과 카페, 전통시장 등에서도 이용 가능하다. 시는 이번 이벤트를 통해 축제 방문을 지역 소비로 연결하고 지역 상권에 활력을 불어넣는...","Tue, 07 Jul 2026 13:54:00 +0900",2026-07-07 13:54:00
"군산시, 착한가격업소 확대…맞춤형 인센티브 지원",http://www.jjn.co.kr/news/articleView.html?idxno=1045747,http://www.jjn.co.kr/news/articleView.html?idxno=1045747,(3) ▲엘투와이투카페 ▲커피에빠진 호떡 ▲심도카페 #목욕업(2) ▲장수대중탕 ▲두꺼비탕 #이·미용업(14) ▲어여미 ▲머리박사 ▲동신미용실 ▲디어왁싱 ▲레인보우 ▲블루컷 ▲정이미용실 ▲본헤어 ▲라임헤어...,"Tue, 07 Jul 2026 13:54:00 +0900",2026-07-07 13:54:00
"SK에코플랜트, 교육·카페 전문서비스 결합한 주민공동시설 도입",https://www.arunews.com/news/articleView.html?idxno=64657,https://www.arunews.com/news/articleView.html?idxno=64657,SK에코플랜트가 교육·카페 등 전문서비스를 결합한 주민공동시설을 도입해 주거서비스 모델 차별화에... 아이엔지스토리는 스터디카페 전문 브랜드 '작심'의 프리미엄 인테리어와 서비스를 커뮤니티 공간에 적용한다....,"Tue, 07 Jul 2026 13:52:00 +0900",2026-07-07 13:52:00
"경기도교육청, 자기주도학습센터 전국 최다 22곳 운영",https://www.kmib.co.kr/article/view.asp?arcid=0030075382&code=61122013&cp=nv,https://n.news.naver.com/mnews/article/005/0001859440?sid=102,"스터디카페로, 학생들이 학습 코디네이터의 도움을 받아 개인별 학습 계획을 수립하고 체계적인 학습 관리를 받을 수 있도록 지원한다. 또한 개별 열람실과 북카페 등 쾌적한 학습 공간에서 EBS 연계 교육 콘텐츠와 대학생...","Tue, 07 Jul 2026 13:49:00 +0900",2026-07-07 13:49:00
"국립낙동강생물자원관, 복합문화시설 '이음센터' 개관",https://www.newsis.com/view/NISX20260707_0003699075,https://n.news.naver.com/mnews/article/003/0014051039?sid=102,"식당과 카페, 편의점, 영유아 놀이공간, 계단형 쉼터(커뮤니티 스텝) 등의 시설을 갖췄다. 130명 이상을 수용할 수 있는 회의장과 다목적 회의실을 마련해, 지역 기업·단체 세미나, 워크숍, 소모임 등 다양한 행사를 위한...","Tue, 07 Jul 2026 13:49:00 +0900",2026-07-07 13:49:00
명화 '수련' 모티브로...서초구 여의천 소원다리서 '빛과 시간으로 피어...,https://www.cnbizm.com/news/articleView.html?idxno=307801,https://www.cnbizm.com/news/articleView.html?idxno=307801,"또, 여의천 녹지대에 커피와 휴식, 소원을 담은 테마 카페 '여의천 소원카페'를 조성하고 여의천 내에 수변스탠드와 데크쉼터, LED 조형물 등을 마련해 여의천의 활력을 높이고 수변감성을 한층 끌어올렸다는 평가를...","Tue, 07 Jul 2026 13:48:00 +0900",2026-07-07 13:48:00
"PIN슐랭 드립니다, 홍콩 로컬 맛집 6",https://www.marieclairekorea.com/pinpage/2026/07/hongkong-2/?utm_source=naver&utm_medium=partnership,https://www.marieclairekorea.com/pinpage/2026/07/hongkong-2/?utm_source=naver&utm_medium=partnership,"카차토라, 카페 크레마- 침사추이 로즈우드 홍콩 호텔에 위치한 이탈리안 레스토랑으로... 브런치 카페, 밤에는 다이닝 바로 변하는 캐주얼 레스토랑. Peng Leng Jeng 1/F, The Staunton, 22 Staunton...","Tue, 07 Jul 2026 13:48:00 +0900",2026-07-07 13:48:00
[기획특집] 경북형 정주학교 (1) 영덕군 영해중학교,https://www.kbsm.net/news/view.php?idx=525844,https://www.kbsm.net/news/view.php?idx=525844,"스터디카페, 스마트 음악실 등을 새롭게 조성했다. 낡고 활용도가 낮았던 공간을 학생들이 머무르고 쉬며 배울 수 있는 복합문화공간으로 바꾼 것이다. 스터디카페는 자기주도 학습공간으로 기능하고 스마트 음악실은...","Tue, 07 Jul 2026 13:46:00 +0900",2026-07-07 13:46:00
"세 살 맞은 쌍둥이 판다 루이바오·후이바오, 국내 마지막 생일잔치",https://www.kado.net/news/articleView.html?idxno=2059890,https://n.news.naver.com/mnews/article/654/0000189268?sid=101,생일잔치에는 판다 세컨하우스 현장과 주토피아 네이버 카페에서 진행한 '루이후이 사랑해' 댓글 이벤트를 통해 선정된 팬 30여 명이 참석했다. 루이바오와 후이바오는 2023년 7월 7일 엄마 아이바오와 아빠 러바오...,"Tue, 07 Jul 2026 13:45:00 +0900",2026-07-07 13:45:00
"노원구, 기차모형 전망카페 경춘마루 15일부터 운영",https://www.newsis.com/view/NISX20260707_0003699054,https://n.news.naver.com/mnews/article/003/0014051006?sid=102,거점 카페 '노원경춘마루'를 조성하고 오는 15일부터 정식 운영한다고 7일 밝혔다. 노원경춘마루는 경춘선숲길과 중랑천 수변을 함께 즐길 수 있는 전망 카페다. 노원경춘마루는 기차를 본떠 디자인한 열차 모형 카페다....,"Tue, 07 Jul 2026 13:43:00 +0900",2026-07-07 13:43:00
"이동건, 제주 카페 휴업하더니…‘이숙캠’ 촬영장서 포착 [SD셀픽]",https://sports.donga.com/ent/article/all/20260707/134250501/1,https://m.entertain.naver.com/article/382/0001282020,배우 이동건이 제주 카페 휴업 소식 이후 JTBC ‘이혼숙려캠프’ 촬영 현장을 처음 공개했다. 이동건은 7일... 전날에는 지난해부터 운영해 온 제주 애월 카페가 재정비를 위해 휴업에 들어간다는 소식을 알렸다. 이에...,"Tue, 07 Jul 2026 13:42:00 +0900",2026-07-07 13:42:00
"이동건, 제주 카페 휴업 결정…개업 1년 3개월 만에 재정비",http://www.queen.co.kr/news/articleView.html?idxno=459893,http://www.queen.co.kr/news/articleView.html?idxno=459893,"배우 이동건 배우 이동건이 운영 중인 제주 카페가 재정비를 위해 잠시 문을 닫는다. 이동건의 제주 카페는 지난 6일 공식 사회관계망서비스(SNS)를 통해 ""오는 9일부터 재정비의 시간을 갖게 됐다""며 휴업 소식을 알렸다....","Tue, 07 Jul 2026 13:40:00 +0900",2026-07-07 13:40:00
"지공스터디카페, 앱 연동 기반 무인 운영 솔루션 픽코파트너스 적용",https://www.dnews.co.kr/uhtml/view.jsp?idxno=202607071326051710248,https://www.dnews.co.kr/uhtml/view.jsp?idxno=202607071326051710248,스터디카페 업계에서는 현장 키오스크와 모바일 앱을 함께 활용하는 운영 방식이 확산되고 있다. 이용자는... 픽코파트너스는 지공스터디카페에 키오스크와 앱 연동 기반의 무인 운영 솔루션을 적용했다. 지공스터디카페...,"Tue, 07 Jul 2026 13:40:00 +0900",2026-07-07 13:40:00
"대전 동구, AI 특화프로그램 '라라랜드' 운영",http://www.cctimes.kr/news/articleView.html?idxno=915388,http://www.cctimes.kr/news/articleView.html?idxno=915388,이번 프로그램은 '부모와 함께 AI를 활용한 나만의 캐릭터 굿즈 만들기'를 주제로 28일부터 다음 달 20일까지 가양1동 북카페에서 초등 2~5학년 자녀를 둔 6가족을 대상으로 운영된다. 참가자들이 생성형 AI를 활용해...,"Tue, 07 Jul 2026 13:38:00 +0900",2026-07-07 13:38:00
증평군 직장인 위한 퇴근길 캠퍼스 참여자 모집,http://www.cctimes.kr/news/articleView.html?idxno=915376,http://www.cctimes.kr/news/articleView.html?idxno=915376,16일과 23일 오후 7시부터 군립도서관 1층 북카페에서 운영된다. 교육은 과정당 20명을 선착순 모집한다. 직장인은 물론 평생학습에 관심 있는 군민 누구나 신청할 수 있다. 신청은 증평군평생학습관 누리집 또는...,"Tue, 07 Jul 2026 13:38:00 +0900",2026-07-07 13:38:00
"""기부 넘어 참여로""... 현대엘리베이터, 임직원 참가 '블록필통 만들기...",http://www.thefirstmedia.net/news/articleView.html?idxno=203138,http://www.thefirstmedia.net/news/articleView.html?idxno=203138,"한편 현대엘리베이터는 태양광 랜턴 제작·기부, 백혈병·소아암 환아 지원, 사내 물품 기부 캠페인 '현대:Re(cycling)', 굿윌스토어 봉사활동, 장애인 바리스타 카페 지원 등 다양한 임직원 참여형 ESG 활동을 이어가고 있다.","Tue, 07 Jul 2026 13:34:00 +0900",2026-07-07 13:34:00
[대전동구소식] 관‧학 협력 AI 특화프로그램 '동구 라라랜드' 운영 외,https://daily.hankooki.com/news/articleView.html?idxno=1383510,https://daily.hankooki.com/news/articleView.html?idxno=1383510,이번 프로그램은 오는 28일부터 8월 20일까지 가양1동 북카페에서 초등학교 2~5학년 자녀를 둔 6가족을 대상으로 운영된다. 참여 신청은 오는 13일부터 동구 평생학습 누리집을 통해 선착순으로 접수하며 참가비는...,"Tue, 07 Jul 2026 13:32:00 +0900",2026-07-07 13:32:00
"[기고] 서산시 ""전통 5일장날 부활로 지역 경제 핏줄 일깨워야""",https://www.shinailbo.co.kr/news/articleView.html?idxno=5038239,https://www.shinailbo.co.kr/news/articleView.html?idxno=5038239,"외지인이 유입되면 5일장날과 더불어, 주변 주유소, 식당, 카페 등 지역 전체의 유동인구가 늘어나는 '낙수효과'를 기대할 수 있다. 또한, 지역 농민들이 직접 재배한 신선한 농특산물을 유통 마진 없이 판매할 수 있는...","Tue, 07 Jul 2026 13:32:00 +0900",2026-07-07 13:32:00
"소노인터내셔널, 장마·폭염 걱정 없는 '실내 올인원 휴가 프로그램' 선...",https://www.cstimes.com/news/articleView.html?idxno=712505,https://www.cstimes.com/news/articleView.html?idxno=712505,"뷰 카페 '더 엠브로시아'를 하나로 이어 날씨 걱정 없이 쾌적한 이동과 휴양을 보장한다. 쏠비치, 소노벨... 소노캄 경주의 웰니스 패키지와 프리미엄 북카페, 소노캄 여수와 소노벨 변산의 맞춤형 원데이 클래스, 쏠비치...","Tue, 07 Jul 2026 13:32:00 +0900",2026-07-07 13:32:00
#샵스타그램 - 청주 사창동 레스토랑 'Soon',https://www.inews365.com/news/article.html?no=926561,https://www.inews365.com/news/article.html?no=926561,"구상을 위해 다닌 주택 개조 카페와 식당들이 셀 수 없이 많다. 비슷한 모양을 가졌던 집들도 추구하는... 순 레스토랑 내부는 마당을 바라보는 바 테이블, 숲에 있는 듯한 투명한 테라스, 깔끔한 카페 같은 공간이...","Tue, 07 Jul 2026 13:26:00 +0900",2026-07-07 13:26:00
"신간『카페 마감, 아무도 안 알려준다』출간, 개인카페 영업 종료 이후...",https://www.stardailynews.co.kr/news/articleView.html?idxno=541830,https://www.stardailynews.co.kr/news/articleView.html?idxno=541830,"대부분의 카페 교육이 음료 제조 기술과 고객 응대 등 전반부 공정에만 치중된 한계를 지적하고, 영업 종료 이후의 2시간을 매장의 수익성을 결정하는 핵심 경영 지표로 규정하여 체계적인 시스템을 제시한 신간 『카페...","Tue, 07 Jul 2026 13:26:00 +0900",2026-07-07 13:26:00
“왜 개 안 묶었냐” 한마디에…개 들이밀며 “야 물어!” 위협까지,https://www.mk.co.kr/article/12092221,https://n.news.naver.com/mnews/article/009/0005703828?sid=102,"경기 파주시 한 카페에서 목줄을 하지 않은 반려견이 픽업을 위해 가게를 찾은 배달기사에게 달려드는 일이 발생했다. 배달기사는 견주인 카페 사장에게 항의했지만, 오히려 욕설을 듣고 위협까 당한 것으로 전해졌다. 7일...","Tue, 07 Jul 2026 13:25:00 +0900",2026-07-07 13:25:00
"카페24, 매치메이킹 상반기 거래액 2배 증가…메가 IP 협업 강화 효과",https://www.newspost.kr/news/articleView.html?idxno=224032,https://www.newspost.kr/news/articleView.html?idxno=224032,카페24 '매치메이킹'을 통한 거래액이 2배 증가한 것으로 나타났다. 메치메이킹은 브랜드와 크리에이터의 협업을 지원하는 콘텐츠 커머스 서비스다. 카페24는 매치메이킹 상반기 협업 건당 평균 거래액이 전년 동기...,"Tue, 07 Jul 2026 13:24:00 +0900",2026-07-07 13:24:00
"‘한양대 시니어모델 2기’ 김리원, 오디너리리 금상 수상",http://www.globalepic.co.kr/view.php?ud=20260707131252645148439a4874_29,http://www.globalepic.co.kr/view.php?ud=20260707131252645148439a4874_29,"시니어 걸그룹 ‘욜로(YOLO)’를 통한 다수의 공연, 라이브 커머스 시장을 뒤흔든 쇼플루언서 및 MC 활동, 그리고 ‘카페002’의 경영인에 이르기까지, 한양대 2기 출신으로서 시니어 산업 전반을 종횡무진하며 압도적인...","Tue, 07 Jul 2026 13:22:00 +0900",2026-07-07 13:22:00
[동정] 안병윤 예천군수,https://www.kbsm.net/news/view.php?idx=525834,https://www.kbsm.net/news/view.php?idx=525834,안병윤 예천군수는 8일 오후 2시 단샘카페에서 열리는 '통(通)하는 예천 - 찾아가는 현장 군수실'에서 주민들의 의견과 애로사항을 청취한다.,"Tue, 07 Jul 2026 13:20:00 +0900",2026-07-07 13:20:00
[민주 유통가] 세라젬·바디프랜드·SK인텔릭스,http://www.iminju.net/news/articleView.html?idxno=166313,http://www.iminju.net/news/articleView.html?idxno=166313,"시청자들은 얼죽아 필수 가전과 홈카페, 홈술에 적합한 제품이라는 반응을 보이며 제품의 차별화된 얼음 성능에 관심을 나타냈다. MEGA ICE 얼음정수기는 약 25g 메가 아이스와 최대 하루 5.7kg 제빙 성능을 갖춘 제품이다....","Tue, 07 Jul 2026 13:18:00 +0900",2026-07-07 13:18:00
"백진희, 이중계약 피해 고백..“‘하이킥’으로 번 돈 위약금으로 날려...",https://www.heraldmuse.com/article/10800805?ref=naver,https://m.entertain.naver.com/article/112/0003800762,공개된 영상 속 백진희는 예쁜 한옥 카페에서 제작진과 함께 대화를 나눴다. 제작진은 백진희에게 “어떻게 보면 연예계 생활을 한 지도 진짜 오래되지 않았냐. 뼈아팠던 순간이 있냐”고 물었다. 백진희는 “제 삶은 늘...,"Tue, 07 Jul 2026 13:15:00 +0900",2026-07-07 13:15:00
중랑구 용마산 스카이워크 100만 명 기록…160m 숲길 전망시설 인기,https://www.newstnt.com/news/articleView.html?idxno=709242,https://www.newstnt.com/news/articleView.html?idxno=709242,망우역사문화공원에서는 전시와 카페 등 문화시설을 함께 이용할 수 있어 스카이워크와 역사공원을 묶은 보행 동선이 형성돼 있다. 구는 이 관광 동선이 사가정역 주변 상권으로 이어지도록 관련 사업을 운영할 계획이다....,"Tue, 07 Jul 2026 13:14:00 +0900",2026-07-07 13:14:00
노원구 경춘철교 전망카페 '경춘마루' 15일 개장…38석 열차형 공간,https://www.newstnt.com/news/articleView.html?idxno=709247,https://www.newstnt.com/news/articleView.html?idxno=709247,노원구가 중랑천 경춘철교 상부에 열차 모형을 적용한 전망카페 '노원경춘마루'를 조성하고 오는 15일부터 정식 운영한다. 경춘선숲길과 중랑천 산책로를 잇는 구의 네 번째 수변거점카페다. 경춘마루는 38석 규모로...,"Tue, 07 Jul 2026 13:14:00 +0900",2026-07-07 13:14:00
"조용익 부천시장, 민선 9기 청사진 발표…산업·교통·복지 혁신 본격화",https://weekly.hankooki.com/news/articleView.html?idxno=7173160,https://weekly.hankooki.com/news/articleView.html?idxno=7173160,"부천형 키즈카페 조성과 365일 시간제 보육 서비스도 함께 추진된다. 공공심야약국 확대와 스마트경로당 확충도 검토하며, 청년층을 위한 드림주택 공급과 청년참여예산제 운영, 취·창업 지원 기능도 강화할 예정이다....","Tue, 07 Jul 2026 13:14:00 +0900",2026-07-07 13:14:00
"신안군 농어촌 기본소득 효과 확인…송미령 장관 ""섬 지역 사용권역 완...",https://www.pressian.com/pages/articles/2026070710504078336?utm_source=naver&utm_medium=search,https://n.news.naver.com/mnews/article/002/0002447498?sid=102,"간담회 이후 송 장관은 기본소득 사용처인 퍼플섬 행복한 카페를 방문해 주민들과 대화를 나눴다. 주민들은 ""기본소득 시행 이후 주민들이 자연스럽게 모이고 소비가 늘면서 마을에 활력이 생겼다""고 입을 모았다. 귀촌...","Tue, 07 Jul 2026 13:13:00 +0900",2026-07-07 13:13:00
"김보라 안성시장, 미래인재 키운다…학생·청년 맞춤형 성장 지원",http://www.fieldnews.kr/news/articleView.html?idxno=29796,http://www.fieldnews.kr/news/articleView.html?idxno=29796,이와 함께 청소년 휴카페 내 '안성맞춤 스터디랩' 운영과 중·고등학생 대상 1대1 학습코칭도 확대해 자기주도학습 기반을 강화한다. 청년들을 위한 글로벌 역량 강화 사업도 본격 추진된다. 시는 공개 모집을 통해 선발한...,"Tue, 07 Jul 2026 13:12:00 +0900",2026-07-07 13:12:00
수원 대표 미식 명소 주목...'맛집 여행'이 관광 이끈다,https://www.thefairnews.co.kr/news/articleView.html?idxno=81470,https://www.thefairnews.co.kr/news/articleView.html?idxno=81470,식사 후에는 행궁동 일대의 카페거리와 지역 특색을 담은 디저트도 여행 코스로 이어진다. 오래된 주택을 리모델링한 감성 카페와 지역을 상징하는 디자인의 제과류 등은 수원 역사와 현대적인 분위기가 어우러진...,"Tue, 07 Jul 2026 13:10:00 +0900",2026-07-07 13:10:00
"부천시, 'B.I.G 부천' 선언…AI·교통·복지로 미래도시 만든다",http://www.newstown.co.kr/news/articleView.html?idxno=708387,http://www.newstown.co.kr/news/articleView.html?idxno=708387,"가족돌봄수당 신설과 부천형 키즈카페 조성, 365일 시간제 보육 지원도 함께 추진한다. 이와 함께 공공심야약국을 7곳으로 확대하고 스마트경로당을 216곳까지 늘리는 방안을 검토한다. 청년드림주택 100호 공급과...","Tue, 07 Jul 2026 13:09:00 +0900",2026-07-07 13:09:00
중랑구 용마산 스카이워크 이용객 100만 돌파,https://www.newsis.com/view/NISX20260707_0003698938,https://n.news.naver.com/mnews/article/003/0014050922?sid=102,"망우역사문화공원에서는 문화 예술인 특별전 등 전시와 카페를 함께 즐길 수 있다. 용마산 스카이워크는 사가정시장, 면목시장, 사가정51길 골목형 상점가, 사가정 면목로 골목형 상점가 등 인근 전통 시장, 골목형...","Tue, 07 Jul 2026 13:09:00 +0900",2026-07-07 13:09:00
"금정구, 범리단길 일원 골목형 상점가로 신규 지정",https://www.gukjenews.com/news/articleView.html?idxno=3628612,https://www.gukjenews.com/news/articleView.html?idxno=3628612,"범리단길 골목형 상점가는 음식점, 카페 등 약 70개의 소상공인 점포가 모여 있는 상권이다. 이곳은 국내 최초 도심형 국립공원으로 지정된 금정산과 범어사로 가는 관문인 범어사역 인근에 자리하고 있다. 이번 지정은...","Tue, 07 Jul 2026 13:06:00 +0900",2026-07-07 13:06:00
"[산업 이모저모] 호텔신라, 놀유니버스, 소노호텔앤리조트 등",http://www.bizwnews.com/news/articleView.html?idxno=140135,http://www.bizwnews.com/news/articleView.html?idxno=140135,"스케이트 강습'이 운영된다고 회사 측은 전했다. 이 밖에도 소노인터내셔널 측은 소노캄 경주의 북카페 '서재', 소노캄 제주의 '작은 도서관'을 통해 '북캉스' 역시 가능하다고 덧붙였다. [비즈월드= / ]","Tue, 07 Jul 2026 13:06:00 +0900",2026-07-07 13:06:00
"소노호텔앤리조트, 여름·장마철 맞아 실내 콘텐츠 '풍성'",https://www.gukjenews.com/news/articleView.html?idxno=3628602,https://www.gukjenews.com/news/articleView.html?idxno=3628602,"델피노의 '더몰' 역시 객실 건물과 워터파크, 키즈클럽, 뷔페 레스토랑, 베이커리 카페 등 주요 시설이 실내 통로로 이어져 있다. 쏠비치 삼척·양양, 소노벨 천안·단양·변산, 소노캄 거제 등도 사계절 실내외 물놀이가...","Tue, 07 Jul 2026 13:04:00 +0900",2026-07-07 13:04:00
"SK매직 'MEGA ICE 얼음정수기', 야구 콘텐츠 타고 인기...실시간 시청자...",http://www.popcornnews.net/news/articleView.html?idxno=125806,http://www.popcornnews.net/news/articleView.html?idxno=125806,SK매직은 최근 홈카페와 홈술 문화 확산에 따라 얼음 품질과 편의성을 갖춘 프리미엄 얼음정수기 시장 공략을 강화하고 있다. 'MEGA ICE 얼음정수기'는 일반 얼음 대비 두 배 이상 큰 약 25g 크기의 '메가 아이스'를...,"Tue, 07 Jul 2026 13:02:00 +0900",2026-07-07 13:02:00
경춘철교에서 중랑천 바라보며 휴식,https://www.naeil.com/news/read/594422?ref=naver,https://www.naeil.com/news/read/594422?ref=naver,서울 노원구가 월계동 중랑천 경춘철교 상부에 기차모형 이색 전망카페를 선보인다. 노원구는 지역에서 네번째로 마련한 수변거점카페 ‘노원경춘마루’를 오는 15일부터 정식 운영한다고 7일 밝혔다. 노원경춘마루는...,"Tue, 07 Jul 2026 13:02:00 +0900",2026-07-07 13:02:00
"중랑구, '용마산 스카이워크' 이용객 100만 명 돌파...걷기 명소",https://www.hg-times.com/news/articleView.html?idxno=303385,https://www.hg-times.com/news/articleView.html?idxno=303385,"망우역사문화공원에서는 문화예술인 특별전 등 다양한 전시와 카페를 즐길 수 있어, 방문객들은 역사와 문화, 자연을 함께 체험할 수 있다. 또한 용마산 스카이워크와 중랑동행길, 망우역사문화공원을 둘러본 뒤...","Tue, 07 Jul 2026 13:00:00 +0900",2026-07-07 13:00:00
"[작품속 경제리뷰] 김종찬 노래 '토요일은 밤이 좋아', 주6일제에서의 ...",http://www.financialreview.co.kr/news/articleView.html?idxno=43359,http://www.financialreview.co.kr/news/articleView.html?idxno=43359,퇴근한 사람들은 거리로 나와 식당과 술집을 찾고 연인들은 극장과 카페를 오갔다. 소비는 개인의 행복을 위한 활동인 동시에 도시 경제를 움직이는 중요한 동력이었다. 노래가 묘사하는 아름다운 밤은 경제가 만들어낸...,"Tue, 07 Jul 2026 12:58:00 +0900",2026-07-07 12:58:00
"실내에서 즐기는 여름휴가…소노인터내셔널, 체류형 콘텐츠 강화",https://www.socialvalue.kr/news/view/1065585119913777,https://www.socialvalue.kr/news/view/1065585119913777,"델피노도 지하 복합몰 '더몰'을 통해 객실과 오션플레이, 인피니티풀, 키즈클럽, 레스토랑, 베이커리 카페... 소노캄 경주는 투숙객 전용 북카페 '서재'에서 400여 권의 도서를 무료로 대여해주고, 소노캄 제주는 작은...","Tue, 07 Jul 2026 12:56:00 +0900",2026-07-07 12:56:00
"[위클리오늘] 안성시-안성교육지원청, 고교학점제 대응 '2026 대입 전략 ...",http://www.weeklytoday.com/news/articleView.html?idxno=783857,http://www.weeklytoday.com/news/articleView.html?idxno=783857,"이어 ""안성시는 지난 5월 준공된 안성고등학교 센터를 시작으로 오는 9월 경기창조고등학교 내에도 자기주도학습센터 구축이 완료될 예정""이라며, ""또한 구포동 청소년 휴카페 내 '안성맞춤 스터디랩 '를 통한 학습공간...","Tue, 07 Jul 2026 12:54:00 +0900",2026-07-07 12:54:00
[신간] 엄혜은 독서 에세이『독서로 새벽을 여는 사서 엄마』출간,https://www.abcn.kr/news/articleView.html?idxno=89185,https://www.abcn.kr/news/articleView.html?idxno=89185,"북카페로 나들이를 떠나는 움직임 등 일상 속 작은 변화가 가족의 정서적 유대감을 강화하는 강력한 동력이... 나아가 독서 정체기를 극복하는 환경 설정의 중요성을 짚어낸 뒤, 최종적으로는 온 가족이 도서전과 북카페를...","Tue, 07 Jul 2026 12:52:00 +0900",2026-07-07 12:52:00
"'전과6범 논란' 임성근 식당, 가오픈 첫날부터 대박…""재료 동났다""",https://news.tvchosun.com/site/data/html_dir/2026/07/07/2026070790146.html,https://n.news.naver.com/mnews/article/448/0000624896?sid=103,"식당은 3층 규모로, 1층은 짜글이 전문점, 2층은 갈비 전문점, 3층은 카페로 꾸며져 다양한 메뉴를 선보인다. 앞서 임성근 셰프는 개업을 앞두고 ""오랫동안 기다려주시고 응원해주신 모든 분들께 감사드린다""며...","Tue, 07 Jul 2026 12:46:00 +0900",2026-07-07 12:46:00
'푸바오 동생' 벌써 세 돌…올 겨울 중국행 전망,http://www.wowtv.co.kr/NewsCenter/News/Read?articleId=A202607070253&t=NN,https://n.news.naver.com/mnews/article/215/0001257855?sid=103,생일잔치에는 판다 세컨하우스 현장과 주토피아 네이버 카페에서 진행된 '루이후이 사랑해' 댓글 이벤트를 통해 선정된 팬 30여 명이 함께했다. 루이바오와 후이바오는 2023년 7월 7일 엄마 아이바오와 아빠 러바오...,"Tue, 07 Jul 2026 12:38:00 +0900",2026-07-07 12:38:00
"청약 상위 10곳 초등학교 평균 7.1분, 도보 학세권 강세",http://www.beyondpost.co.kr/view.php?ud=202607071233399200205868f676_30,http://www.beyondpost.co.kr/view.php?ud=202607071233399200205868f676_30,"키즈카페에는 확장현실 기술을 활용한 실내 놀이 콘텐츠룸을 조성할 계획이다. 디지털 놀이·학습 콘텐츠를 제공하는 스마트플레이존과 교보문고 전자도서관도 적용한다. 주택형별 물량은 전용 59㎡A 130가구, 59㎡B...","Tue, 07 Jul 2026 12:36:00 +0900",2026-07-07 12:36:00
"시원한 바닷바람과 함께, 인천의 여름 가볼 만한 곳",https://www.cbci.co.kr/news/articleView.html?idxno=587080,https://www.cbci.co.kr/news/articleView.html?idxno=587080,"기차왕국박물관카페. 사진=한국관광공사 대한민국 구석구석 인천은 서해와 맞닿아 다양한 해양 문화와 근대... 아이들과 함께 새로운 경험을 할 수 있는 교육적인 장소로, 단순한 키즈카페를 넘어선 특별한 추억을 만들 수...","Tue, 07 Jul 2026 12:34:00 +0900",2026-07-07 12:34:00
"바다와 대숲의 조화, 울산의 매력적인 가볼 만한 곳",https://www.cbci.co.kr/news/articleView.html?idxno=587079,https://www.cbci.co.kr/news/articleView.html?idxno=587079,"전망대에서는 동구 관광 기념품점과 카페가 운영되어 휴식과 함께 지역 특색을 접할 수 있다. 드라마 <이재, 곧 죽습니다>에서 극 중 추격신의 배경으로 울산대교의 풍경을 담아내기도 했다. 울산 남구 옥동의...","Tue, 07 Jul 2026 12:34:00 +0900",2026-07-07 12:34:00
"최민식이 발가벗긴 허문오의 욕망, '맨 끝줄 소년' 너머의 45년 [RE:인터...",https://www.tvreport.co.kr/interview/article/1059463/,https://m.entertain.naver.com/article/213/0001393445,최민식은 지난 2일 서울 종로구의 한 카페에서 기자들과 만나 지난달 26일 공개된 넷플릭스 오리지널 시리즈 '맨 끝줄 소년'에 관한 이야기를 나눴다. 넷플릭스 시리즈 '맨 끝줄 소년'은 실패한 작가이자 국문학과 교수...,"Tue, 07 Jul 2026 12:32:00 +0900",2026-07-07 12:32:00
"'쌍둥이 판다' 루이·후이바오, 에버랜드서 마지막 생일…올겨울 중국행",https://www.slist.kr/news/articleView.html?idxno=750127,https://www.slist.kr/news/articleView.html?idxno=750127,이날 생일잔치에 초청된 팬 30여 명은 판다 세컨하우스 현장과 주토피아 네이버 카페 등에서 사전 진행된 '루이후이 사랑해' 댓글 이벤트를 통해 선정됐다. 2023년 7월 7일 엄마 아이바오와 아빠 러바오 사이에서 각각...,"Tue, 07 Jul 2026 12:26:00 +0900",2026-07-07 12:26:00
성심당마저 한정 판매로 바꿨다고? 망고의 ‘高高한 변심’ [푸드360],https://biz.heraldcorp.com/article/10800411?ref=naver,https://n.news.naver.com/mnews/article/016/0002666890?sid=101,청과 도매업자 A씨는 “납품해야 할 망고 자체가 부족해 거래처를 유지할 수 있을지 걱정”이라며 “카페 업체들이 많이 사용하는 애플망고는 물량 확보가 쉽지 않은 상황”이라고 말했다. 대전 대표 빵집 성심당도...,"Tue, 07 Jul 2026 12:26:00 +0900",2026-07-07 12:26:00
"르하임엔터프라이즈, 무인 학습·업무 문화공간 ‘카공시대’ 8월 출범",http://www.thevaluenews.co.kr/news/view.php?idx=199916,http://www.thevaluenews.co.kr/news/view.php?idx=199916,전국 스터디카페 운영 경험을 기반으로 한 르하임엔터프라이즈가 신규 브랜드 ‘카공시대’를 선보이며 무인 학습·업무 공간 시장 공략에 나선다. 카공시대 무인카페 내부 전경. [사진=르하임엔터프라이즈]...,"Tue, 07 Jul 2026 12:24:00 +0900",2026-07-07 12:24:00
"부산교통공사, 전국 도시철도 최초 ‘지역 상생형 마트’ 7일 개점",https://www.megaeconomy.co.kr/news/newsview.php?ncode=1065582283836534,https://www.megaeconomy.co.kr/news/newsview.php?ncode=1065582283836534,역사 대합실과 바로 연결되는 20평(66㎡) 규모의 공공카페형 쉼터를 조성해 시민 누구나 편하게 쉬어갈 수 있도록 했다. 쉼터는 금정구지역자활센터가 운영해 자활사업 참여 주민을 카페 직원으로 채용한다. 지역경제...,"Tue, 07 Jul 2026 12:24:00 +0900",2026-07-07 12:24:00
"카페인중독, 파우치 형태 '팩빙수' 2종 출시…여름 시즌 신메뉴 선보여",https://www.gosiweek.com/article/1065583204688918,https://www.gosiweek.com/article/1065583204688918,▲카페인 제공 여름철 1인 디저트와 테이크아웃 수요가 증가하면서 휴대성과 간편한 섭취 방식에 초점을... 카페 프랜차이즈 카페인중독은 7월 7일 여름 시즌 한정 신메뉴인 '카중 팩빙수'를 출시했다고 밝혔다. 신제품은...,"Tue, 07 Jul 2026 12:22:00 +0900",2026-07-07 12:22:00
"‘전과 6범 문제 없었다’ 임성근 셰프 식당, 가오픈에도 재료 떨어져 ...",https://www.newsen.com/news_view.php?uid=202607071217492110,https://m.entertain.naver.com/article/609/0001143216,"1층은 짜글이 전문 식당, 2층은 갈비 식당, 3층은 카페로 구성됐다. 한편 임성근은 2015년 '한식대첩3' 우승 후 넷플릭스 '흑백요리사: 요리 계급 전쟁 시즌2'에 출연하며 큰 인기를 얻었다. 다만 이후 채널을 통해 과거...","Tue, 07 Jul 2026 12:19:00 +0900",2026-07-07 12:19:00
"작심스터디카페, 아파트 커뮤니티 시장 공략…SK 드파인 적용",https://www.nextdaily.co.kr/news/articleView.html?idxno=251095,https://www.nextdaily.co.kr/news/articleView.html?idxno=251095,작심스터디카페는 학생 중심의 학습 공간을 넘어 직장인과 성인 자기계발 수요까지 아우를 수 있는 운영... 신규 아파트 단지에서는 기존 독서실 대신 프리미엄 스터디카페 운영 모델을 검토하는 사례도 늘고 있으며...,"Tue, 07 Jul 2026 12:18:00 +0900",2026-07-07 12:18:00
"박찬대 원도심 대전환, 부평·계양 기대감 '쑥'",http://news.lghellovision.net/news/articleView.html?idxno=547656,http://news.lghellovision.net/news/articleView.html?idxno=547656,특히 보존가치가 높은 건축물은 역사문화관과 카페 등으로 보존 활용해 관광 활성화를 이끈다는 방침입니다. 계양의 경우에는 계양테크노밸리를 눈여겨 볼만 합니다. 지역의 새로운 성장 동력으로 기대를 모으고 있는...,"Tue, 07 Jul 2026 12:16:00 +0900",2026-07-07 12:16:00
"정선군사북공공도서관, 강원 공공도서관 운영평가 1위 달성",https://www.jeonmae.co.kr/news/articleView.html?idxno=1272261,https://www.jeonmae.co.kr/news/articleView.html?idxno=1272261,도서관은 이용자 의견을 반영해 북카페 환경을 개선하고 지역 주민과 단체가 자유롭게 활용할 수 있도록 대관 서비스를 활성화하는 등 주민 누구나 이용할 수 있는 열린 문화공간을 조성했다. 또한 문화학교와...,"Tue, 07 Jul 2026 12:14:00 +0900",2026-07-07 12:14:00
"지진희, 드라마 강제 하차 피해 고백… ""2회 만에 잘려""",https://www.hankookilbo.com/news/article/A2026070711450005892?did=NA,https://m.entertain.naver.com/article/469/0000940851,"그때는 그만두겠다고 했는데, 매니저가 끝까지 설득했고 카페에서 실랑이까지 벌였다""고 회상했다. 결국 원치 않게 작품에서 하차하게 된 지진희는 ""대낮부터 소주를 4차까지 마셨다""며 ""집에서는 잘렸다는 말을 차마 하지...","Tue, 07 Jul 2026 12:10:00 +0900",2026-07-07 12:10:00
"'대도시 시립도서관도 제쳤다' 정선 사북공공도서관, 강원 운영평가 A그...",https://www.pressian.com/pages/articles/2026070711293788975?utm_source=naver&utm_medium=search,https://n.news.naver.com/mnews/article/002/0002447485?sid=102,"사북공공도서관은 이용자 의견을 반영해 북카페 환경을 개선하고 대관 서비스를 활성화하는 등 열린 문화공간을 조성했다. 문화학교, 성인문해교육, 작가 초청 강연 등 생애주기별 독서문화 프로그램을 연중 운영하며...","Tue, 07 Jul 2026 12:09:00 +0900",2026-07-07 12:09:00
"이동건, 제주 카페 휴업 후 첫 행보...'이숙캠' 촬영장 깜짝 공개",https://www.sportschosun.com/entertainment/2026-07-07/202607070100043210002553,https://m.entertain.naver.com/article/076/0004423176,배우 이동건이 제주 카페 휴업 소식 이후 첫 공식 활동에 나선 근황을 공개했다. 이동건은 7일 자신의 SNS에... 특히 이번 촬영 현장 공개는 최근 제주도 카페 휴업 소식 이후 전해진 첫 공식 활동이라는 점에서 더욱...,"Tue, 07 Jul 2026 12:08:00 +0900",2026-07-07 12:08:00
"엑스오푸드빌리지, 가맹점 지원 위한 'XOXO 통큰할인 감사제' 진행",https://www.thedrive.co.kr/news/newsview.php?ncode=1065581209841889,https://www.thedrive.co.kr/news/newsview.php?ncode=1065581209841889,"XOXO핫도그앤커피는 PC방, 만화카페, 키즈카페, 영화관 등 엔터테인먼트 시설과 특수 상권을 중심으로 운영되는 샵인샵 창업 전문 식음료 브랜드다. 간편한 조리 시스템과 맞춤형 물류 공급 체계를 기반으로 가맹점...","Tue, 07 Jul 2026 12:06:00 +0900",2026-07-07 12:06:00
"SK에코플랜트, '드파인'에 AI 학습·프리미엄 카페...대교CNS·아이엔지스...",http://www.econonews.co.kr/news/articleView.html?idxno=440818,http://www.econonews.co.kr/news/articleView.html?idxno=440818,"SK에코플랜트가 교육과 카페 운영 서비스를 공동주택 커뮤니티 시설에 도입한다. SK에코플랜트는 대교CNS... 협약에 따라 각 기업이 보유한 교육·학습관리, 스터디카페, 커피 서비스 등을 아파트 커뮤니티 시설에 적용할...","Tue, 07 Jul 2026 12:02:00 +0900",2026-07-07 12:02:00
"네이버와 카카오, 허위정보 규제 강화…온라인 표현의 자유 논란 속 촉...",https://www.gokorea.kr/news/articleView.html?idxno=871405,https://www.gokorea.kr/news/articleView.html?idxno=871405,"그러나 네이버와 카카오는 이미 뉴스, 카페, 블로그 등 다양한 서비스에서 신고와 관련한 조치를 취해오고 있어 법 시행이 가져올 큰 변화는 없을 것으로 보고 있다. 포털 업계 관계자는 이에 대해 ""그동안 네이버와...","Tue, 07 Jul 2026 12:02:00 +0900",2026-07-07 12:02:00
"에버랜드 쌍둥이 판다 '세 돌', 국내에서 보내는 마지막 생일?",https://www.starnewskorea.com/business-life/2026/07/07/2026070711580553360,https://n.news.naver.com/mnews/article/108/0003450642?sid=004,이날 생일파티에 초청된 팬 30여 명은 판다 세컨하우스 현장과 주토피아 네이버 카페 등에서 사전 진행된 '루이후이 사랑해' 댓글 이벤트를 통해 400대 1의 경쟁률을 뚫고 선정됐고 생일 축하 노래를 함께 부르고 쌍둥이...,"Tue, 07 Jul 2026 12:01:00 +0900",2026-07-07 12:01:00
"엑스오푸드빌리지, 가맹점 상생 위한 'XOXO 통큰할인 감사제' 진행",https://www.ppss.kr/news/articleView.html?idxno=301296,https://www.ppss.kr/news/articleView.html?idxno=301296,"XOXO핫도그앤커피는 PC방, 만화카페, 키즈카페, 영화관 등 다양한 엔터테인먼트 시설과 특수 상권에 최적화된 샵인샵 창업 전문 식음료 브랜드다. 간편한 조리 시스템과 맞춤형 물류 공급 체계를 기반으로 가맹점 운영을...","Tue, 07 Jul 2026 12:00:00 +0900",2026-07-07 12:00:00
"엑스오푸드빌리지, 가맹점 대상 'XOXO 통큰할인 감사제' 실시",https://www.itbiznews.com/news/articleView.html?idxno=218430,https://www.itbiznews.com/news/articleView.html?idxno=218430,"XOXO핫도그앤커피는 PC방, 만화카페, 키즈카페, 영화관 등 다양한 엔터테인먼트 시설과 특수상권을 중심으로 운영되는 샵인샵 창업 브랜드다. 맞춤형 물류 공급과 간편 조리 시스템을 기반으로 예비 창업자와...","Tue, 07 Jul 2026 12:00:00 +0900",2026-07-07 12:00:00
"엑스오푸드빌리지, 'XOXO 통큰할인 감사제' 실시",http://www.e2news.com/news/articleView.html?idxno=332045,http://www.e2news.com/news/articleView.html?idxno=332045,"XOXO핫도그앤커피는 PC방, 만화카페, 키즈카페, 영화관 등 다양한 엔터테인먼트 공간과 특수 상권을 중심으로 운영되는 샵인샵 창업 전문 식음료 브랜드다. 맞춤형 물류 공급과 간편 조리 시스템을 기반으로 가맹점...","Tue, 07 Jul 2026 12:00:00 +0900",2026-07-07 12:00:00
"안산의 여름, 푸른 자연과 문화가 어우러진 가볼 만한 곳",https://www.topstarnews.net/news/articleView.html?idxno=16119915,https://www.topstarnews.net/news/articleView.html?idxno=16119915,"해변 옆의 솔숲 길은 고즈넉한 산책로를 제공하며, 방아머리 음식문화 거리에는 다채로운 음식점과 카페가 많아 휴식을 취하기 좋다. 단원구 풍도동에 위치한 풍도는 서해의 작은 섬으로, 봄에는 복수초, 노루귀, 변산...","Tue, 07 Jul 2026 12:00:00 +0900",2026-07-07 12:00:00
"악성리뷰에 '몸살'…BHC, 매장 CCTV 확 늘린다",https://biz.sbs.co.kr/article_hub/20000321091?division=NAVER,https://n.news.naver.com/mnews/article/374/0000520376?sid=101,"소스나 음료가 안 왔다는 이유로 배달앱 리뷰란 뿐 아니라 맘카페에 악덕 매장으로 낙인을 찍기도 하는데, 알고 보니 점주가 아니라 라이더의 실수 등으로 밝혀진 사례도 있습니다. 이런 분쟁 상황에서 CCTV로 진위를...","Tue, 07 Jul 2026 11:59:00 +0900",2026-07-07 11:59:00
"""효성 해링턴 제주 거대 사기극…시행사 대표 구속해야""",https://www.nocutnews.co.kr/news/6544240?utm_source=naver&utm_medium=article&utm_campaign=20260707115857,https://n.news.naver.com/mnews/article/079/0004165659?sid=102,"""시행사 대표 즉각 구속 수사해야"" 촉구효성 해링턴플레이스 애월 아파트 범죄 피해자 대책위원회는 7일 도의회 도민카페에서 기자회견을 열어 ""서민의 피땀과 눈물을 짓밟고 하청업체의 고혈을 짠 시행사 대표의 연쇄...","Tue, 07 Jul 2026 11:59:00 +0900",2026-07-07 11:59:00
"노원구, 7월부터 화랑대 철도공원서 워터파크 운영",https://www.gukjenews.com/news/articleView.html?idxno=3628564,https://www.gukjenews.com/news/articleView.html?idxno=3628564,"노원구립기차마을 스위스관, 이탈리아관, 카페 '기차가 있는 풍경', 레스토랑 '익스프레스 노원 바이 미라쥬' 등 다양한 체험 및 휴식 공간을 갖추고 있다. 사진=노원 꿀잼워터파크 포스터/노원구청 올해 워터파크에서는...","Tue, 07 Jul 2026 11:58:00 +0900",2026-07-07 11:58:00
"[유통소식] 롯데하이마트, LG전자 최대 600만원 혜택",http://www.4th.kr/news/articleView.html?idxno=2114355,http://www.4th.kr/news/articleView.html?idxno=2114355,두 제품은 모두 무카페인 제품이라고 회사는 설명했다. 롯데마트는 대체커피 2종 출시를 기념해 31일까지... 롯데마트에 따르면 해당 상품들은 카페인이 없는 라떼 제품이다. 2026.7.7./사진=코리아세븐 세븐일레븐...,"Tue, 07 Jul 2026 11:58:00 +0900",2026-07-07 11:58:00
"증평군, 직장인 맞춤형 '퇴근길 캠퍼스' 참여자 모집",https://www.ccdailynews.com/news/articleView.html?idxno=2426506,https://www.ccdailynews.com/news/articleView.html?idxno=2426506,오는 16일과 23일 오후 7시 군립도서관 1층 북카페에서 운영된다. 모집 인원은 과정별 20명이며 선착순으로 접수한다. 직장인은 물론 평생학습에 관심 있는 증평군민 누구나 신청할 수 있다. 신청은 증평군평생학습관...,"Tue, 07 Jul 2026 11:54:00 +0900",2026-07-07 11:54:00
"더본코리아 빽다방, 영문 BI로 새단장…글로벌 진출 박차",https://biz.sbs.co.kr/article_hub/20000321099?division=NAVER,https://n.news.naver.com/mnews/article/374/0000520365?sid=103,더본코리아의 카페 브랜드 빽다방이 BI(브랜드 아이덴티티)를 개편하며 글로벌 시장 공략에 나섭니다. BI는 기존 한글 중심 로고에서 영문 브랜드명인 ‘Paik’s DABANG’을 강조하는 식으로 바뀌었습니다. 해외...,"Tue, 07 Jul 2026 11:50:00 +0900",2026-07-07 11:50:00
"이동건, 제주 카페 휴업→'이숙캠' 녹화 현장 최초 공개…7월 시청자 만...",https://www.tvreport.co.kr/entertainment/article/1059443/,https://m.entertain.naver.com/article/213/0001393435,"전날인 6일에는 지난해부터 운영해 온 제주 애월읍 카페를 재정비하기 위해 휴업에 들어간다는 소식을 알렸다. 이를 두고 일각에서는 '이혼숙려캠프' 출연 일정과 맞물린 결정이 아니냐는 해석도 나왔지만, 구체적인...","Tue, 07 Jul 2026 11:49:00 +0900",2026-07-07 11:49:00
"낙동강생물자원관, 복합문화시설 '이음센터' 개관",https://weekly.hankooki.com/news/articleView.html?idxno=7173200,https://weekly.hankooki.com/news/articleView.html?idxno=7173200,"'편의시설'에는 식당과 카페, 편의점은 물론 영유아 놀이시설과 열린 계단형 쉼터인 '커뮤니티 스텝'을 마련해 방문객이 식사와 휴식, 여가를 편리하게 즐길 수 있도록 했다. '대관시설'은 130명 이상을 수용할 수 있는...","Tue, 07 Jul 2026 11:48:00 +0900",2026-07-07 11:48:00
쌍둥이 판다 루이·후이 세돌…한국서 마지막 생일잔치,https://www.donga.com/news/Society/article/all/20260707/134249988/1,https://n.news.naver.com/mnews/article/020/0003732099?sid=102,생일파티에 초청된 팬 30여 명은 판다 세컨하우스 현장과 주토피아 네이버 카페 등에서 사전 진행된 ‘루이후이 사랑해’ 댓글 이벤트를 통해 400대 1의 경쟁률을 뚫고 선정됐다. 이들은 생일 축하 노래를 함께 부르고...,"Tue, 07 Jul 2026 11:48:00 +0900",2026-07-07 11:48:00
"‘전과 6범’ 임성근, 초대형 식당 ‘대박’…오픈 첫날 ‘1시간 만에 마...",https://biz.heraldcorp.com/article/10800541?ref=naver,https://m.entertain.naver.com/article/016/0002666872,"임 셰프가 새로 연 식당은 3층 규모 건물을 모두 사용한 대규모로 조성됐으며, 1층은 짜글이, 2층은 갈비를 판매하는 식당이고, 3층은 카페다. 6~8일 가오픈한 후, 9일 정식으로 문을 연다는 계획이다. 임 셰프는 오픈...","Tue, 07 Jul 2026 11:46:00 +0900",2026-07-07 11:46:00
"보령시, 위기브와 함께 고향사랑기부 이벤트... 머드축제 맞아 생활인구...",https://www.ccdailynews.com/news/articleView.html?idxno=2426441,https://www.ccdailynews.com/news/articleView.html?idxno=2426441,"보령사랑상품권은 지역 내 가맹점에서 사용할 수 있는 지역화폐로, 축제장 주변 음식점과 카페, 전통시장 등 다양한 지역 상권에서 이용할 수 있다. 시는 이번 이벤트가 축제 방문을 지역 소비로 연결하고, 지역 상권에...","Tue, 07 Jul 2026 11:46:00 +0900",2026-07-07 11:46:00
"XOXO핫도그앤커피, 가맹점 대상 'XOXO 통큰할인 감사제' 진행",https://www.enetnews.co.kr/news/articleView.html?idxno=52116,https://www.enetnews.co.kr/news/articleView.html?idxno=52116,"XOXO핫도그앤커피는 PC방, 만화카페, 키즈카페, 영화관 등 다양한 엔터테인먼트 공간 및 특수 상권에 최적화된 국내 대표 샵인샵 창업 전문 식음료 브랜드다. 맞춤형 물류 공급과 간편 조리 시스템을 통해 가맹점과의...","Tue, 07 Jul 2026 11:44:00 +0900",2026-07-07 11:44:00
‘용도별 편의성’ 계절가전 성패 가른다,https://biz.heraldcorp.com/article/10800758?ref=naver,https://n.news.naver.com/mnews/article/016/0002666868?sid=101,"홈카페, 홈술족 니즈를 발견한 것. 4월 말 출시한 ‘메가아이스 얼음정수기’는 일반 얼음보다 두배 큰 얼음(25g)을 만들어준다. 얼음이 쉽게 녹지 않아 음료의 풍미를 오래 유지해준다. 또한 하루 최대 제빙량 5.7kg, 대용량...","Tue, 07 Jul 2026 11:43:00 +0900",2026-07-07 11:43:00
"농림축산식품부 송미령 장관, 신안 안좌도서 ""농어촌 기본소득 현장 목...",http://www.jeollailbo.com/news/articleView.html?idxno=804640,http://www.jeollailbo.com/news/articleView.html?idxno=804640,"행복한 카페'를 방문해 주민들과 직접 소통했다. 이 자리에서 주민들은 ""기본소득이 시행된 이후 카페를 찾는 이들이 늘면서 마을에 동네 사랑방 같은 따뜻한 분위기가 만들어졌다""며 반겼다. 특히, 한 귀촌 주민은...","Tue, 07 Jul 2026 11:40:00 +0900",2026-07-07 11:40:00
혼자 사는데도 '집 앞'이 아니라 '핫플'로…1인가구의 외식 지도,http://www.dailypop.kr/news/articleView.html?idxno=99989,http://www.dailypop.kr/news/articleView.html?idxno=99989,같은 시기 성수동은 낡은 공장지대를 리모델링한 카페·팝업스토어가 몰리며 '플래그십 상권'으로 떠올랐다. 두 상권을 띄운 주역은 각각 외국인 관광객과 MZ세대·크리에이터다. 혼자여도 '경험'에는 지갑을 연다...,"Tue, 07 Jul 2026 11:40:00 +0900",2026-07-07 11:40:00
"푸바오 쌍둥이 동생 판다 자매, 국내 마지막 생일잔치…올 겨울 중국행...",https://www.ikbc.co.kr/article/view/kbc202607070026,https://n.news.naver.com/mnews/article/660/0000112664?sid=102,이날 생일잔치에 초청된 팬 30여 명은 판다 세컨하우스 현장과 주토피아 네이버 카페 등에서 사전 진행된 '루이후이 사랑해' 댓글 이벤트를 통해 선정됐습니다. 지난 2023년 7월 7일 엄마 아이바오와 아빠 러바오 사이에서...,"Tue, 07 Jul 2026 11:38:00 +0900",2026-07-07 11:38:00
"중랑천 카페 ‘노원경춘마루’… 노원구, 15일부터 공식운영",https://www.munhwa.com/article/11600821?ref=naver,https://n.news.naver.com/mnews/article/021/0002802888?sid=102,서울 노원구가 중랑천 경춘철교 상부에 수변거점카페 ‘노원경춘마루’(사진)를 조성하고 오는 15일부터 정식 운영한다고 7일 밝혔다. 노원구에 따르면 노원경춘마루는 기차를 모티브로 디자인한 열차 모형의 카페로...,"Tue, 07 Jul 2026 11:36:00 +0900",2026-07-07 11:36:00
갈비·통닭·순대·커피…수원 가면 뭐 먹지?,https://www.mk.co.kr/article/12092177,https://n.news.naver.com/mnews/article/009/0005703805?sid=102,"수원은 지역 기반의 브랜드명을 내건 카페들이 많다. 행궁동에서 시작해 8곳으로 매장을 확장한 카페 브랜드, 신동카페거리 일대에서 총 8곳의 매장을 운영 중인 카페 브랜드, 20여년 전부터 커피문화를 선도하며 수원화성...","Tue, 07 Jul 2026 11:33:00 +0900",2026-07-07 11:33:00
"지진희, 드라마 하차 통보 경험 고백…""실랑이 끝 술로 마무리하고 최종...",https://www.topstarnews.net/news/articleView.html?idxno=16126563,https://www.topstarnews.net/news/articleView.html?idxno=16126563,"아울러 지진희는 ""인근 카페에서 실랑이를 벌이다 결국 술로 마무리하고 최종 하차 결정했다. 하차 사실을 차마 어머니에게 말하지 못해 결국 이후 2~3개월간 촬영장을 드나드는 척했었다""라고 말했다. 이어 지진희는...","Tue, 07 Jul 2026 11:32:00 +0900",2026-07-07 11:32:00
"대전 동구, AI 특화 프로그램 '동구 라라랜드' 운영",https://www.newstnt.com/news/articleView.html?idxno=709236,https://www.newstnt.com/news/articleView.html?idxno=709236,"오는 28일부터 8월 20일까지 가양1동 북카페에서 초등학교 2~5학년 자녀를 둔 6가족을 대상으로 운영된다. 참가자는 생성형 AI를 활용해 캐릭터를 만들고, 이를 스토리북과 쇼츠 영상, 뮤직비디오, 실물 굿즈로 제작하는...","Tue, 07 Jul 2026 11:32:00 +0900",2026-07-07 11:32:00
'전략 플레이에 감성 한 스푼' '서머너즈 워' X TV애니메이션 '장송의 프...,https://www.thisisgame.com/articles/427543,https://www.thisisgame.com/articles/427543,"이벤트와 추가 업데이트를 지속적으로 선보이며, 유저들이 협업 콘텐츠를 더 재미있게 즐길 수 있도록 할 계획이다. 한편, <서머너즈 워>의 이번 컬래버레이션에 대한 더욱 자세한 정보는 공식 카페에서 확인할 수 있다.","Tue, 07 Jul 2026 11:32:00 +0900",2026-07-07 11:32:00
"정선 사북공공도서관, 강원 도서관 운영평가 'A그룹 1위'",http://www.enewstoday.co.kr/news/articleView.html?idxno=2446157,http://www.enewstoday.co.kr/news/articleView.html?idxno=2446157,"도서관은 북카페 환경 개선과 주민 대관 서비스 확대를 통해 열린 문화공간을 조성하고, 문화학교·성인문해교육 등 생애주기별 독서 프로그램을 운영해 왔다. 또 동원탄좌와 광부 사진 등 지역사 자료를 디지털화해...","Tue, 07 Jul 2026 11:30:00 +0900",2026-07-07 11:30:00
"안동자원봉사센터, 취약계층 어르신들께 '시원한 여름나기' 지원물품 전...",https://www.imaeil.com/page/view/2026070709091520258,https://n.news.naver.com/mnews/article/088/0001017893?sid=102,"전달식에서는 폭염 대비 건강관리와 온열질환 예방을 위한 안전교육도 함께 실시했으며, 이어 참석한 어르신들과 함께 안동 간고등어 일직식당과 이동삼카페에서 점심식사와 차를 나누며 일상의 여유를 즐기는 시간도...","Tue, 07 Jul 2026 11:29:00 +0900",2026-07-07 11:29:00
"결혼정보회사 듀오, 무더위 피할 여름 데이트 코스 소개",https://www.hinews.co.kr/view.php?ud=202607071125525511dacadeb388_48,https://www.hinews.co.kr/view.php?ud=202607071125525511dacadeb388_48,"물놀이 후에는 인근 카페나 펜션, 글램핑장에서 바비큐를 즐기며 하루를 마무리할 수 있어 당일치기와 1박 2일 일정 모두에 활용할 수 있다. 두 번째는 제부도 해변길 드라이브다. 제부도는 바닷길이 열리는 자연현상으로...","Tue, 07 Jul 2026 11:28:00 +0900",2026-07-07 11:28:00
"부천시, 'B.I.G 부천' 비전 제시…산업·인프라·성장 대도약",https://www.m-i.kr/news/articleView.html?idxno=1388887,https://www.m-i.kr/news/articleView.html?idxno=1388887,"가족돌봄수당을 신설하고 부천형 키즈카페 조성, 365일 시간제 보육 지원도 추진한다. 공공심야약국은 7곳으로 확대하고 스마트경로당은 216곳까지 늘리는 방안을 검토한다. 청년드림주택 100호 공급과 청년참여예산제...","Tue, 07 Jul 2026 11:28:00 +0900",2026-07-07 11:28:00
"현대엘리베이터, 해외 아동 '블록필통 만들기' 봉사활동 전개",https://www.bizwork.co.kr/news/articleView.html?idxno=417140,https://www.bizwork.co.kr/news/articleView.html?idxno=417140,"이 밖에도 사내 물품 기부 캠페인 '현대:Re(cycling)', 굿윌스토어 봉사활동, 장애인 바리스타 카페 '엘리스카페' 운영 지원 등 임직원이 직접 참여하는 나눔 활동을 확대하고 있다. 현대엘리베이터는 앞으로도 교육, 의료...","Tue, 07 Jul 2026 11:28:00 +0900",2026-07-07 11:28:00
"이재준, ""갈비에서 커피까지…수원의 맛이 세계인의 추억이 되는 관광도...",http://www.beyondpost.co.kr/view.php?ud=2026070711005680024c878f8fa1_30,http://www.beyondpost.co.kr/view.php?ud=2026070711005680024c878f8fa1_30,행궁동과 신동카페거리 등을 중심으로 자리 잡은 카페들은 수원의 문화와 감성을 담아내는 공간으로 진화하고 있다. 아울러 시는 외부 전문가와 시민 평가를 거쳐 '수원 맛집 100선'도 선정했다. 관광객들은 '터치수원' 앱을...,"Tue, 07 Jul 2026 11:28:00 +0900",2026-07-07 11:28:00
네카오 허위정보 신고창구 열었다…기대·우려 교차,https://www.yna.co.kr/view/AKR20260707082500017?input=1195m,https://n.news.naver.com/mnews/article/001/0016179849?sid=105,"네이버와 카카오의 경우 이미 뉴스, 카페, 블로그, 댓글 등 주요 서비스에서 신고와 임시 조치, 운영정책 위반... 다만 허위조작정보 유통 문제가 유튜브나 일부 대형 온라인 커뮤니티, 부동산·정치 관련 카페 등에서 더...","Tue, 07 Jul 2026 11:26:00 +0900",2026-07-07 11:26:00
"샥즈 X 노룰즈러닝, 오픈닷2 출시 기념 '커피런' 성료",https://www.fashionbiz.co.kr/article/227705,https://www.fashionbiz.co.kr/article/227705,"특히 가벼운 무게와 세련된 디자인을 바탕으로 운동은 물론 출근길과 카페, 일상에서도 자연스럽게 활용할 수 있다는 점 역시 긍정적인 반응을 이끌어 냈다. 참가자들은 “단순히 달리는 데서 그치지 않고 커피와...","Tue, 07 Jul 2026 11:26:00 +0900",2026-07-07 11:26:00
"이동건, 제주 카페 1년 3개월 만에 휴업…""재정비 시간 가질 것""",https://www.news1.kr/entertain/celebrity-topic/6220064,https://m.entertain.naver.com/article/421/0009044792,"배우 이동건이 운영하던 제주 카페가 개업 1년 3개월 만에 휴업을 결정했다. 지난 6일 이동건이 제주에서 운영하던 카페는 공식 사회관계망서비스(SNS)를 통해 ""7월 9 일부로 재정비의 시간을 가지게 됐다""라며 ""그동안...","Tue, 07 Jul 2026 11:25:00 +0900",2026-07-07 11:25:00
집값·전월세 상승 속 분양가 확정 '힐스테이트 더샵 상생공원',https://www.etoday.co.kr/news/view/2601056,https://www.etoday.co.kr/news/view/2601056,"커뮤니티 시설로는 피트니스센터, 실내골프연습장, 스크린골프, GX룸, 필라테스룸, 당구장, 탁구장 등의 운동시설과 오픈스터디룸, 맘스카페, 컨시어지, 다함께돌봄센터, 경로당 등이 조성될 예정이다. 또한, 조·중식...","Tue, 07 Jul 2026 11:24:00 +0900",2026-07-07 11:24:00
‘효성해링턴플레이스 애월’ 투자사기 의혹… ‘미분양 우선분양권’...,https://www.seoul.co.kr/news/society/accident/2026/07/07/20260707500077?wlog_tag3=naver,https://n.news.naver.com/mnews/article/081/0003658987?sid=102,효성해링턴플레이스 애월 관련 범죄 피해자 대책위원회는 7일 제주도의회 도민카페에서 기자회견을 열고 “사업 추진 과정에서 발생한 사기 피해에 대해 제주도가 행정적 책임을 갖고 피해 회복 방안을 마련해야 한다”...,"Tue, 07 Jul 2026 11:23:00 +0900",2026-07-07 11:23:00
생활밀착 보훈 시대…공공기관도 한 걸음,https://www.sisaon.co.kr/news/articleView.html?idxno=202467,https://www.sisaon.co.kr/news/articleView.html?idxno=202467,마사회는 렛츠런파크 서울 포니랜드에 목장 콘셉트 카페 '슬로우포니'를 운영하고 있으며 올해 상반기에는 씨수말 '닉스고' 도입과 렛츠런파크 영천 순회경마 등을 추진했다. 문세영 기수의 조교사 전향 등 경마계 변화도...,"Tue, 07 Jul 2026 11:22:00 +0900",2026-07-07 11:22:00
도서관은 왜 가장 조용한 권력이 되는가,https://www.readersnews.com/news/articleView.html?idxno=200395,https://www.readersnews.com/news/articleView.html?idxno=200395,카페가 소비를 동반한 체류 공간이라면 도서관은 소비 없이도 머물 수 있는 드문 장소다. 이 차이는 작지 않다. 도시 안에서 돈을 쓰지 않고도 일정한 품위를 유지하며 시간을 보낼 수 있는 공간이 있다는 사실은 공공성의...,"Tue, 07 Jul 2026 11:22:00 +0900",2026-07-07 11:22:00
"""'우진맘' 박지연, 실제론 천사""·""'문신' 테이프로 떼어내""..'참교육' 신...",https://www.starnewskorea.com/star/2026/07/07/2026070711111214945,https://m.entertain.naver.com/article/108/0003450621,"작품 공개 이후의 반응에 대해서는 ""이전에 아르바이트하던 카페에서 손님들이 제 앞에서 '참교육' 이야기를 하고 계셔서 괜히 어깨가 펴졌다""라고 기뻐했다. 2화 구운하이텍고 조인범 역의 옥진욱은 극 중 악역 이미지에...","Tue, 07 Jul 2026 11:21:00 +0900",2026-07-07 11:21:00
"카페24 ""매치메이킹 상반기 협업 평균 거래액, 전년비 100%↑""",https://zdnet.co.kr/view/?no=20260707094547,https://n.news.naver.com/mnews/article/092/0002429536?sid=105,카페24는 브랜드와 크리에이터를 연결하는 콘텐츠 커머스 서비스 매치메이킹의 올해 상반기 협업 건당 평균 거래액이 전년 동기 대비 100% 증가했다고 7일 밝혔다. 카페24 매치메이킹은 브랜드와 크리에이터의 협업을...,"Tue, 07 Jul 2026 11:20:00 +0900",2026-07-07 11:20:00
"보령시, 머드축제 앞두고 고향기부 이벤트... '지역소비 선순환' 시동",http://www.newsworker.co.kr/news/articleView.html?idxno=434998,http://www.newsworker.co.kr/news/articleView.html?idxno=434998,"보령사랑상품권은 지역 내 가맹점에서 사용할 수 있는 지역화폐로, 축제장 인근 음식점과 카페, 전통시장 등 다양한 상권에서 활용할 수 있어 축제 방문객의 소비를 지역 안으로 끌어들이는 역할을 할 것으로 기대된다....","Tue, 07 Jul 2026 11:20:00 +0900",2026-07-07 11:20:00
"김장환→이영훈 목사 축하...새로운교회, 최초로 복합 쇼핑몰 '입당'",https://www.nc.press/news/articleView.html?idxno=620039,https://www.nc.press/news/articleView.html?idxno=620039,"교회 측은 자체 식당이나 카페를 두지 않고 쇼핑몰 내 시설 이용을 적극 권장할 예정이다. 김장환 극동방송 이사장은 ""새로운교회 입당을 진심으로 축하드린다. 대한민국을 이끌어 나가는 귀한 교회가 되기를 주님의...","Tue, 07 Jul 2026 11:20:00 +0900",2026-07-07 11:20:00
"과천 렛츠런파크 서울, 경마장에서 시민 공원으로…연간 수십만 찾는 명...",https://www.joongboo.com/news/articleView.html?idxno=363730748,https://www.joongboo.com/news/articleView.html?idxno=363730748,"최근에는 포니랜드 안에 목장 콘셉트의 카페 '슬로우포니(Slow Pony)'가 문을 열었다. 약 130평 규모로, 통창 너머 잔디밭을 거니는 포니를 바라보며 '말멍'을 즐길 수 있는 공간이다. '일상의 속도를 늦춘다'는 이름처럼, 도심...","Tue, 07 Jul 2026 11:18:00 +0900",2026-07-07 11:18:00
"정선 사북공공도서관, 강원 공공도서관 운영평가 A그룹 1위…문체부 기...",https://news.bbsi.co.kr/news/articleView.html?idxno=4093576,https://news.bbsi.co.kr/news/articleView.html?idxno=4093576,"도서관은 이용자 의견을 반영해 북카페 환경을 개선하고 지역 주민과 단체를 위한 대관 서비스를 확대하는 등 열린 문화공간 조성에 힘써왔습니다. 또 문화학교와 성인문해교육, 작가 초청 강연, 지역활성화 교류사업 등...","Tue, 07 Jul 2026 11:16:00 +0900",2026-07-07 11:16:00
‘안 봐도 보이는’ 스마트 글래스 부작용,https://www.ilyosisa.co.kr/news/article.html?no=256739,https://www.ilyosisa.co.kr/news/article.html?no=256739,"식당이나 카페에서 안경을 쓴 타인이 내 쪽을 바라볼 때, 그것이 단순한 시선인지 나를 촬영하는 것인지 확인하기는 어렵다. 스마트 글래스 사용자는 약관에 동의하고 앱 권한을 설정하지만, 카메라가 비칠 수 있는 불특정...","Tue, 07 Jul 2026 11:16:00 +0900",2026-07-07 11:16:00
"정선 사북공공도서관, 도서관 운영평가 A그룹 1위…기관표창 '수상'",https://www.gukjenews.com/news/articleView.html?idxno=3628436,https://www.gukjenews.com/news/articleView.html?idxno=3628436,"도서관은 북카페 환경 개선, 대관 서비스 활성화 등 주민 누구나 이용할 수 있는 열린 문화공간을 조성했다. 또 문화학교, 성인문해교육, 작가 초청 강연, 지역활성화 교류사업 등 다양한 독서문화 프로그램을 연중...","Tue, 07 Jul 2026 11:16:00 +0900",2026-07-07 11:16:00
"서초구, 여의천에 모네 '수련' 미디어아트 운영",https://www.gukjenews.com/news/articleView.html?idxno=3628465,https://www.gukjenews.com/news/articleView.html?idxno=3628465,"인근 녹지대에는 테마카페 '여의천 소원카페'를 조성했고, 수변스탠드와 데크쉼터, LED 조형물도 설치했다. 사진/서초구청 전성수 서초구청장은 산책로였던 여의천이 빛과 예술이 어우러진 야간 문화공간으로 거듭나길...","Tue, 07 Jul 2026 11:14:00 +0900",2026-07-07 11:14:00
"""소규모 음식점도 경사로 설치""... 강릉시, 2027년 소규모 민간 시설 접...",https://www.mbceg.co.kr/post/138015,https://www.mbceg.co.kr/post/138015,"대상은 300㎡(제곱미터) 미만 음식점과 카페, 500㎡ 미만 학원과 종교시설 등이며, 선정되면 1곳당 최대 4백만 원까지 경사로와 점자블록 설치 등을 지원받습니다. 신청은 방문과 우편 접수로 할 수 있고 강릉시는 현장...","Tue, 07 Jul 2026 11:14:00 +0900",2026-07-07 11:14:00
"세라젬, 초록우산 후원 20주년 기념 '감사패' 전달식 참석",http://www.sisacast.kr/news/articleView.html?idxno=97529,http://www.sisacast.kr/news/articleView.html?idxno=97529,"2024년부터 초록우산의 '나눔기업 캠페인'에 참여해 웰카페와 웰라운지 등 체험 매장에서 발생한 수익의 일부를 정기적으로 후원하고 있다. 세라젬 관계자는 ""지난 20년 동안 초록우산과 함께 취약계층 아동과 가정의...","Tue, 07 Jul 2026 11:12:00 +0900",2026-07-07 11:12:00
"세계 최대 미쉐린 보유자, 강릉까지 날아온 이유는",https://www.hankyung.com/article/202607079878i,https://n.news.naver.com/mnews/article/015/0005307060?sid=103,"한국 파트너사인 ㈜학산의 김의열 대표는 “이번 강릉 매뉴팩처 론칭은 알랭 뒤카스 쇼콜라의 세계적 제조 기준과 장인정신을 한국에 가장 순수한 형태로 소개하는 첫걸음”이라며 “생산시설과 리테일, 카페가...","Tue, 07 Jul 2026 11:11:00 +0900",2026-07-07 11:11:00
"롯데월드 아쿠아리움, 찍으면 무조건 인생샷 나오는 새 명소",https://sports.donga.com/life/article/all/20260707/134249931/1,https://n.news.naver.com/mnews/article/382/0001282004?sid=103,지하 2층 카페 디오션에서는 금붕어 모양의 우유 얼음을 넣은 ‘금붕어 큐브 소다’를 대표 음료로 출시한다. 수족관이라는 공간에 한국의 전통 미학을 접목한 시도가 문화 소비 성향이 강한 젊은 층에게 새로운 명소로...,"Tue, 07 Jul 2026 11:11:00 +0900",2026-07-07 11:11:00
"롯데월드 아쿠아리움, '아쿠아 갤러리: 물빛정원' 개관…체험형 전시 선...",http://www.dailysmart.co.kr/news/articleView.html?idxno=126568,http://www.dailysmart.co.kr/news/articleView.html?idxno=126568,"물고기 키링과 무드등 만들기 키트를 비롯해 전통미를 담은 키링, 에코백, 마그넷 등 다양한 상품을 판매한다. 지하 2층 카페 디오션에서는 오픈을 기념해 금붕어 모양 우유 얼음을 올린 '금붕어 큐브 소다'도 출시한다.","Tue, 07 Jul 2026 11:10:00 +0900",2026-07-07 11:10:00
“여성 감독은 멜로 아니면...” 영화계 편견 깨고 장르영화 개척한 여...,https://www.khan.co.kr/article/202607071110001,https://n.news.naver.com/mnews/article/032/0003456539?sid=102,"그는 “에피소드를 구하려 ‘이별 후 복수 카페’를 들어가는 등 나름대로 취재하고 노력했는데, 영화적 성취로 평가받지 못하고 개인적인 서사를 영화로 만들었을 거라는 추측을 받곤 했다”고 말했다. 여성 감독의...","Tue, 07 Jul 2026 11:10:00 +0900",2026-07-07 11:10:00
"“여름휴가, 공연 페스티벌 가볼까”…이달 25·26일 대학로서 ‘프리뷰...",https://www.mydaily.co.kr/page/view/2026070711082453573,https://n.news.naver.com/mnews/article/117/0004082165?sid=103,"공연 전후 대학로의 맛집과 카페, 산책까지 함께 즐길 수 있다. <서울국제컴퓨터음악제>(9.17.~9.20., 연세대 음악대학 챔버홀)가 기다린다. 전자음악과 미디어 기술, 컴퓨터 기반 사운드가 결합한 새로운 청각적 경험을...","Tue, 07 Jul 2026 11:09:00 +0900",2026-07-07 11:09:00
증평군 직장인 위한 '퇴근길 캠퍼스' 운영,https://www.inews365.com/news/article.html?no=926496,https://www.inews365.com/news/article.html?no=926496,7월 16일과 23일 오후 7시부터 군립도서관 1층 북카페에서 인문학강좌를 만나볼 수 있다. 군은 직장인들의 실생활에 도움이 되는 주제와 전문가들로 강사진을 구성해 평생학습 프로그램을 운영할 계획이다. 이를 위해...,"Tue, 07 Jul 2026 11:08:00 +0900",2026-07-07 11:08:00
"부천시, AI 콤팩트시티 추진…산업·인프라·성장 3대 비전 발표",https://www.gukjenews.com/news/articleView.html?idxno=3628439,https://www.gukjenews.com/news/articleView.html?idxno=3628439,"출산지원금 확대, 가족돌봄수당 신설, 부천형 키즈카페 조성, 365일 시간제 보육 지원, 공공심야약국 7곳 확대, 스마트경로당 216곳 확대 방안 등이 포함됐다. 청년 정책으로는 청년드림주택 100호 공급, 청년참여예산제...","Tue, 07 Jul 2026 11:08:00 +0900",2026-07-07 11:08:00
"[기획특집] 수원에 가면 뭐 먹지? 갈비, 통닭, 순대, 족발 ... 즐거움이 ...",http://www.suwonilbo.kr/news/articleView.html?idxno=316642,http://www.suwonilbo.kr/news/articleView.html?idxno=316642,수원은 지역을 기반으로 자신의 이름을 브랜드명으로 내건 카페들이 성업하고 있다. 행궁동에서 시작해 수원에 대한 애정을 8곳으로 확장한 카페 브랜드가 대표적이다. 신동카페거리 일대에서 총 8곳의 매장을 운영하고...,"Tue, 07 Jul 2026 11:08:00 +0900",2026-07-07 11:08:00
"카페24 ‘매치메이킹’, 메가 IP 협업 확대…건당 거래액 2배",https://www.ddaily.co.kr/page/view/2026070710522602070,https://n.news.naver.com/mnews/article/138/0002233373?sid=101,카페24는 브랜드와 크리에이터를 연결하는 콘텐츠 커머스 서비스 ‘매치메이킹’의 올해 상반기 협업 건당... 카페24는 판매 데이터와 콘텐츠 특성 등을 분석해 협업 대상을 매칭하고 콘텐츠 기획과 운영을 지원한다....,"Tue, 07 Jul 2026 11:08:00 +0900",2026-07-07 11:08:00
"신안군, 농어촌 기본소득 현장 간담회 개최",https://www.jeonmae.co.kr/news/articleView.html?idxno=1272155,https://www.jeonmae.co.kr/news/articleView.html?idxno=1272155,"간담회 후 방문한 기본소득 사용처 현장(퍼플섬 행복한 카페)에서는 카페를 방문한 주민들이 ""기본소득이 시행되며 동네 사랑방과 같은 분위기가 만들어졌다""며 기뻐했다. 특히 귀촌한 주민에게는 기본소득이 삶의...","Tue, 07 Jul 2026 11:08:00 +0900",2026-07-07 11:08:00
"장롱 속에서 발견한 헝겊 한 장, 액자에 거는 이유",https://www.ohmynews.com/NWS_Web/View/at_pg.aspx?CNTN_CD=A0003249316&CMPT_CD=P0010&utm_source=naver&utm_medium=newsearch&utm_campaign=naver_news,https://n.news.naver.com/mnews/article/047/0002521742?sid=103,"처음 발을 디딘 그곳은 예전의 방직공장 모습 그대로 가동되지는 않고 있었지만, 세월의 흐름 속에 공장 자리에는 거대한 미술관이자 카페로 멋지게 재탄생해 있었다. 때가 탄 붉은 벽돌과 오래된 기계들이 예술품으로...","Tue, 07 Jul 2026 11:06:00 +0900",2026-07-07 11:06:00
광양시 '섬진강 별빛 스카이' 시동…관광 활력 기대,https://www.jeonmae.co.kr/news/articleView.html?idxno=1272134,https://www.jeonmae.co.kr/news/articleView.html?idxno=1272134,"특히 인근 ▲배알도별빛야영장 ▲섬진강요트체험장 ▲배알도 섬 정원 ▲지역 음식점·카페 등 주변 관광자원과 연계한 체험 프로그램을 확대하고, 홍보·마케팅을 강화해 섬진강권 관광 활성화를 추진할 방침이다. 이현주...","Tue, 07 Jul 2026 11:06:00 +0900",2026-07-07 11:06:00
지진희 “‘배우 끼워팔기’ 당했다”…2회까지 촬영했는데 배우 교체,https://www.seoul.co.kr/news/entertainment/starinterN/2026/07/07/20260707500068?wlog_tag3=naver,https://m.entertain.naver.com/article/081/0003658979,그는 “매니저와 카페에 가서 서로 실랑이를 하다가 ‘그래 접자’라고 하더라. 둘이서 대낮에 소주 20병을 마셨다”고 말했다. 지진희는 “집에 들어갔는데 잘렸다는 말을 차마 하지 못했다. 할 일도 없는데 매일 촬영을...,"Tue, 07 Jul 2026 11:06:00 +0900",2026-07-07 11:06:00
"""집값 보증수표"" GTX 호재 분양 단지 찜해 볼까",https://view.asiae.co.kr/article/2026070711055189597,https://n.news.naver.com/mnews/article/277/0005786564?sid=101,"단지 내에는 피트니스·GX룸·필라테스·골프연습장·탁구장 등 운동시설은 물론, 게스트룸·사우나·도서관·독서실·스터디룸·카페 등 편의시설을 갖춘 커뮤니티센터가 갖춰진다. 롯데건설은 다음 달 부천시...","Tue, 07 Jul 2026 11:05:00 +0900",2026-07-07 11:05:00
캐시닥 용돈퀴즈 정답 7월 7일 [단독],https://www.bntnews.co.kr/article/view/bnt202607070041,https://www.bntnews.co.kr/article/view/bnt202607070041,"소휘 전제품 애사비구미 용돈퀴즈 정답은 '살찌는, 모닝커피, 무카페인, 정제효소'이다. 소비자24 24시간 열린... 사용하여 카페/베이커리, 외식, 편의점, 뷰티, 상품권, 문화생활 등에서 사용 가능한 쿠폰으로 교환할 수...","Tue, 07 Jul 2026 11:04:00 +0900",2026-07-07 11:04:00
올여름 휴가는 공연축제로 ……2026 아르코 썸 페스타로 떠나는 '공연예...,http://www.ikoreanspirit.com/news/articleView.html?idxno=86224,http://www.ikoreanspirit.com/news/articleView.html?idxno=86224,"공연 전후 대학로의 맛집과 카페, 산책까지 함께 즐길 수 있어 도심형 문화 바캉스로도 어울린다. 여행지에서 공연예술을 만나고 싶다면 <제주국제관악제>(8월 7일 ~ 8월 15일, 제주도 내 일원)가 좋은 선택이다. 제주의...","Tue, 07 Jul 2026 11:02:00 +0900",2026-07-07 11:02:00
"보령시, 머드축제 연계 고향사랑기부 이벤트…상품권 등 추가 혜택",https://www.shinailbo.co.kr/news/articleView.html?idxno=5038202,https://www.shinailbo.co.kr/news/articleView.html?idxno=5038202,"시는 보령사랑상품권이 축제장 인근 음식점과 카페, 전통시장 등에서 사용 가능한 만큼 지역 상권에도 도움이 될 것으로 기대하고 있다. 엄승용 보령시장은 ""고향사랑기부제는 지방재정을 확충하는 데 그치지 않고...","Tue, 07 Jul 2026 11:02:00 +0900",2026-07-07 11:02:00
"제주 미분양 아파트 둘러싼 사기 의혹…""도정 차원 피해 실태조사 나서...",https://www.jejudomin.co.kr/news/articleView.html?idxno=320468,https://www.jejudomin.co.kr/news/articleView.html?idxno=320468,"제주 A 아파트 관련 범죄 피해자 대책위원회는 7일 제주도의회 도민카페에서 기자회견을 열었다. 이 자리에서 대책위 측은 ""지난 2019년 5월부터 제주시 일대에서 추진된 아파트 개발사업 지역주택조합 추진위원회로부터...","Tue, 07 Jul 2026 11:02:00 +0900",2026-07-07 11:02:00
"""내 집 마련 꿈이 빚으로""…하귀 대규모 아파트 피해자들 도정 대응 촉...",https://www.newsjeju.net/news/articleView.html?idxno=422995,https://www.newsjeju.net/news/articleView.html?idxno=422995,"효성해링턴플레이스애월 아파트 관련 범죄 피해자 대책위원회는 7일 제주도의회 도민카페에서 기자회견을 열고 ""서민들의 내 집 마련 꿈과 중소업체의 생존권을 빼앗은 사안에 대해 철저한 수사와 행정적 대책이...","Tue, 07 Jul 2026 11:02:00 +0900",2026-07-07 11:02:00
"소노호텔앤리조트, 폭우 쏟아져도 호캉스 ‘성공’ 거두는 치트키",https://sports.donga.com/life/article/all/20260707/134249837/1,https://n.news.naver.com/mnews/article/382/0001282001?sid=103,울산바위 경관을 볼 수 있는 베이커리 카페 ‘더 엠브로시아’와 뷔페 레스토랑 ‘셰프스키친’도 실내... 사색을 원하는 투숙객을 위해 400여 권의 도서를 갖춘 프리미엄 북카페 ‘서재’도 상시 운영하며 책을 객실로...,"Tue, 07 Jul 2026 11:01:00 +0900",2026-07-07 11:01:00
쌍둥이 판다 루이·후이바오 세 돌…한국서 마지막 생일,https://www.sedaily.com/article/20064649?ref=naver,https://n.news.naver.com/mnews/article/011/0004638936?sid=103,초청 고객들은 판다 세컨하우스와 주토피아 네이버 카페에서 진행한 댓글 이벤트를 통해 선정됐다. 루이바오와 후이바오는 2023년 7월 7일 엄마 아이바오와 아빠 러바오 사이에서 각각 180g과 140g으로 태어났다. 국내에서...,"Tue, 07 Jul 2026 11:01:00 +0900",2026-07-07 11:01:00
국산 팥 생산단지 8곳으로 확대…가공업체 연계 강화,https://www.dailian.co.kr/news/view/1664106/?sc=Naver,https://n.news.naver.com/mnews/article/119/0003108697?sid=101,"이를 통해 생산한 원료곡 10톤을 관내 카페와 떡집 등 지역 가공·유통처와 연계해 상품화할 예정이다. 국립식량과학원은 고품질 팥의 안정적인 생산을 위해 생력화 기계와 수확물 처리장비, 원료곡 가공기기를 현장에...","Tue, 07 Jul 2026 11:01:00 +0900",2026-07-07 11:01:00
"베네수엘라 펑펑 울린 그 남자 만났습니다 [여기,잇슈]",https://www.ytn.co.kr/_ln/0103_202607071101274811,https://n.news.naver.com/mnews/article/052/0002375766?sid=102,"(요즘 너무 바빠서 월드컵을 전혀 못 봤어) 제주에서 카페를 운영하는 염지홍 씨. 문을 열기 전 라이브 방송을 켜고 음식을 준비하며 전 세계 누리꾼들과 소소한 대화를 주고받는다. 염지홍 / 제주 카페 사장 ""(6월 24일)...","Tue, 07 Jul 2026 11:01:00 +0900",2026-07-07 11:01:00
에버랜드 쌍둥이 판다 ‘세 돌’… 국내에서 마지막 생일,https://www.kmib.co.kr/article/view.asp?arcid=0030073914&code=61172311&cp=nv,https://n.news.naver.com/mnews/article/005/0001859409?sid=103,이날 생일파티에 초청된 팬 30여 명은 판다 세컨하우스 현장과 주토피아 네이버 카페 등에서 사전 진행된 ‘루이후이 사랑해’ 댓글 이벤트를 통해 400대 1의 경쟁률을 뚫고 선정됐다. 이들은 생일 축하 노래를 함께...,"Tue, 07 Jul 2026 11:01:00 +0900",2026-07-07 11:01:00
"서초구, 여의천에 '모네의 수련' 펼친다…야간 미디어아트로 수변 명소...",https://www.job-post.co.kr/news/articleView.html?idxno=220267,https://www.job-post.co.kr/news/articleView.html?idxno=220267,"이와 함께 커피와 휴식을 즐길 수 있는 '여의천 소원카페'를 조성하고, 수변 스탠드와 데크 쉼터, LED 경관 조형물 등을 설치해 낮과 밤 모두 머물고 싶은 공간으로 꾸며가고 있다. 전성수 서초구청장은 ""단순한 산책...","Tue, 07 Jul 2026 11:00:00 +0900",2026-07-07 11:00:00
쌍둥이 판다 자매 국내 마지막 생일잔치…올 겨울 중국행 전망,https://www.yna.co.kr/view/AKR20260707052400061?input=1195m,https://n.news.naver.com/mnews/article/001/0016179695?sid=102,이날 생일잔치에 초청된 팬 30여 명은 판다 세컨하우스 현장과 주토피아 네이버 카페 등에서 사전 진행된 '루이후이 사랑해' 댓글 이벤트를 통해 선정됐다. 2023년 7월 7일 엄마 아이바오와 아빠 러바오 사이에서 각각...,"Tue, 07 Jul 2026 11:00:00 +0900",2026-07-07 11:00:00
[뉴스워커_SK매직] '야구에 산다' 협업…'MEGA ICE 얼음정수기' 브랜드 알...,http://www.newsworker.co.kr/news/articleView.html?idxno=434962,http://www.newsworker.co.kr/news/articleView.html?idxno=434962,"배 이상 큰 약 25g의 '메가 아이스'를 구현하는 것이 특징이다. 하루 최대 5.7kg(메가 모드 기준)의 제빙 성능과 얼음 토출 버튼, 출수 유도 라이팅 등을 갖춰 홈카페·홈술 수요를 겨냥한 프리미엄 제품으로 주목받고 있다.","Tue, 07 Jul 2026 11:00:00 +0900",2026-07-07 11:00:00
국산 팥 원료곡 생산단지 8개소 조성…품질 고급화 추진,https://www.newsis.com/view/NISX20260707_0003698495,https://n.news.naver.com/mnews/article/003/0014050425?sid=101,충남 공주시는 벼와 양파를 수확한 후 팥 '홍미인'을 심는 이모작 재배로 생산된 원료곡 10t을 관내 카페와 떡집 등 지역 가공·유통처와 연계해 상품화할 계획이다. 국립식량과학원은 고품질 팥의 안정적 생산을 돕기...,"Tue, 07 Jul 2026 11:00:00 +0900",2026-07-07 11:00:00
"물류 플랫폼 아르고, '토스쇼핑' 도착보장 물류파트너로 선정",https://www.klnews.co.kr/news/articleView.html?idxno=321796,https://www.klnews.co.kr/news/articleView.html?idxno=321796,"한편 테크타카는 지난 4월 G마켓 '스타배송' 공식 풀필먼트 협력사로 선정된 바 있으며, 네이버 'N배송', 카페24 '매일배송' 등 주요 커머스 플랫폼을 아우르는 멀티 도착보장 미들 마일 물류 체계를 운영 중이다.","Tue, 07 Jul 2026 11:00:00 +0900",2026-07-07 11:00:00
에버랜드 쌍둥이 판다 '세 돌'…국내서 마지막 생일 보낸다,https://view.asiae.co.kr/article/2026070709152463291,https://n.news.naver.com/mnews/article/277/0005786554?sid=101,"이날 생일파티에 초청된 팬 30여 명은 판다 세컨하우스 현장과 주토피아 네이버 카페 등에서 사전 진행된 '루이후이 사랑해' 댓글 이벤트를 통해 400대 1의 경쟁률을 뚫고 선정됐으며, 생일 축하 노래를 함께 부르고 쌍둥이...","Tue, 07 Jul 2026 11:00:00 +0900",2026-07-07 11:00:00
수원의 맛으로 떠나는 미식여행…'2026~27 수원 방문의 해' 대표 먹거리...,https://www.g-enews.com/view.php?ud=2026070710260275718fbfc802b3_1,https://www.g-enews.com/view.php?ud=2026070710260275718fbfc802b3_1,"지역 기반 로컬 카페 브랜드도 꾸준히 성장하고 있다. 행궁동과 신동카페거리 등을 중심으로 수원에서 시작한 카페 브랜드들이 다수 운영되고 있으며, 수원화성 사대문을 모티브로 한 드립백 제품 등 지역색을 살린...","Tue, 07 Jul 2026 11:00:00 +0900",2026-07-07 11:00:00
"안병윤 예천군수, 군민 목소리 직접 듣는다…'찾아가는 현장 군수실' 운...",https://daily.hankooki.com/news/articleView.html?idxno=1383486,https://daily.hankooki.com/news/articleView.html?idxno=1383486,"첫 일정은 오는 8일 예천읍 단샘카페(단샘어울림센터 1층)에서 진행되며, 두 번째는 22일 호명읍 클라우든카페(복합커뮤니티센터 2층)에서 열린다. '통(通)하는 예천'을 슬로건으로 내건 현장 군수실은 군민들이 일상에서...","Tue, 07 Jul 2026 11:00:00 +0900",2026-07-07 11:00:00
"'참교육 우진맘' 박지연, 반전의 두 얼굴...""컷 하자마자 미소 천사""",https://www.sportschosun.com/entertainment/2026-07-07/202607070100042190002475,https://m.entertain.naver.com/article/076/0004423111,"작품 공개 이후의 반응에 대해서는 ""이전에 아르바이트하던 카페에서 손님들이 제 앞에서 '참교육' 이야기를 하고 계셔서 괜히 어깨가 펴졌다""고 말했다. 2화 구운하이텍고 조인범 역의 옥진욱은 극 중 악역 이미지에 대해...","Tue, 07 Jul 2026 10:58:00 +0900",2026-07-07 10:58:00
"조용익 부천시장, 민선 9기 도시 비전 제시… “산업·교통·민생으로 ‘...",https://biz.heraldcorp.com/article/10800591?ref=naver,https://n.news.naver.com/mnews/article/016/0002666757?sid=100,부천형 키즈카페와 365일 시간제 보육서비스도 확대한다. 의료와 노인복지 서비스도 강화한다. 공공심야약국을 늘리고 스마트경로당 확대를 추진하며 청년을 위한 드림주택 공급과 취·창업 지원체계도 강화할 계획이다....,"Tue, 07 Jul 2026 10:58:00 +0900",2026-07-07 10:58:00
"결혼정보회사 듀오, 여름휴가 시즌 데이트 코스 소개",https://biz.chosun.com/industry/business_info/2026/07/07/JASQ3LGIBRHT7MHAP2MRFEN4RY/?utm_source=naver&utm_medium=original&utm_campaign=biz,https://n.news.naver.com/mnews/article/366/0001177241?sid=101,"스릴 넘치는 초대형 워터슬라이드를 비롯해 바나나보트, 블롭점프 등 온몸으로 즐기는 수상 레저를 만끽할 수 있으며, 주변의 감성 글램핑장과 이색 리버뷰 카페를 연계하면 완벽한 당일치기 힐링 여행 코스를 완성할 수...","Tue, 07 Jul 2026 10:57:00 +0900",2026-07-07 10:57:00
"'전과6범 논란' 임성근 셰프, 파주식당 오픈 첫날부터 완판…""재료 동났...",https://www.sportschosun.com/entertainment/2026-07-07/202607070100042170002474,https://m.entertain.naver.com/article/076/0004423110,"1층은 짜글이 전문점, 2층은 갈비 전문점, 3층은 카페로 꾸며져 다양한 메뉴를 선보인다. 앞서 임성근 셰프는 개업을 앞두고 ""오랫동안 기다려주시고 응원해주신 모든 분들께 감사드린다""며 ""기다려주신 시간만큼 더 좋은...","Tue, 07 Jul 2026 10:56:00 +0900",2026-07-07 10:56:00
보령시 고향사랑기부 이벤트... 답례품에 머드축제 입장권까지,http://www.ccnnews.co.kr/news/articleView.html?idxno=411715,http://www.ccnnews.co.kr/news/articleView.html?idxno=411715,"특히 보령사랑상품권은 지역 내 가맹 음식점과 카페, 전통시장 등에서 사용할 수 있어 축제 기간 관광객의 소비를 자연스럽게 지역 상권으로 연결하는 역할을 할 것으로 기대된다. 시는 이번 이벤트가 축제의 경제적...","Tue, 07 Jul 2026 10:52:00 +0900",2026-07-07 10:52:00
"대전 동구, '동구 라라랜드' 운영... AI로 굿즈 만든다",http://www.newsworker.co.kr/news/articleView.html?idxno=434952,http://www.newsworker.co.kr/news/articleView.html?idxno=434952,"이번 프로그램은 '부모와 함께 AI를 활용한 나만의 캐릭터 굿즈 만들기'를 주제로 마련됐으며, 오는 28일부터 8월 20일까지 가양1동 북카페에서 초등학교 2~5학년 자녀를 둔 6가족을 대상으로 운영된다. 참가자들은 생성형...","Tue, 07 Jul 2026 10:50:00 +0900",2026-07-07 10:50:00
"증평군, 직장인 위한 '퇴근길 캠퍼스' 참여자 모집",https://www.ggilbo.com/news/articleView.html?idxno=1167851,https://www.ggilbo.com/news/articleView.html?idxno=1167851,인문학 분야는 전 청주대학교 교양학부 겸임교수가 진행하는 '영화로 만나는 마음챙김'으로 7월 16일과 23일 오후 7시부터 군립도서관 1층 북카페에서 운영된다. 군은 직장인들의 학습 접근성을 높이기 위해 실생활에...,"Tue, 07 Jul 2026 10:50:00 +0900",2026-07-07 10:50:00
"SK매직 'MEGA ICE 얼음정수기', 야구 콘텐츠 타고 인기…라이브 방송서 ...",https://www.job-post.co.kr/news/articleView.html?idxno=220261,https://www.job-post.co.kr/news/articleView.html?idxno=220261,"최대 하루 5.7kg(메가 모드 기준)의 제빙 성능을 지원하며, 얼음 토출 푸시(PUSH) 버튼과 출수 유도 라이팅 등 편의 기능을 갖춰 홈카페와 홈술 트렌드를 겨냥한 프리미엄 얼음정수기로 주목받고 있다.","Tue, 07 Jul 2026 10:50:00 +0900",2026-07-07 10:50:00
"비 와도, 더워도 걱정 없다…전국 소노 호텔·리조트, '실내 호캉스' 강...",https://www.news1.kr/industry/hotel-tourism/6219959,https://n.news.naver.com/mnews/article/421/0009044557?sid=103,"베이커리 카페 '더 엠브로시아' 등 단지 내 식음 공간을 모두 연결했다. 쏠비치 삼척·양양, 소노벨 천안·단양... 북카페 '서재'를 운영 중이다. 소노캄 제주 역시 '작은 도서관'을 통해 무료 도서 대여 서비스를 제공해...","Tue, 07 Jul 2026 10:49:00 +0900",2026-07-07 10:49:00
"카페24 ""매치메이킹, 상반기 건당 평균 거래액 100% 증가""",https://daily.hankooki.com/news/articleView.html?idxno=1383480,https://daily.hankooki.com/news/articleView.html?idxno=1383480,사진=카페24 제공  카페24는 브랜드와 크리에이터를 연결하는 콘텐츠 커머스 서비스 '매치메이킹'의 2026년 상반기 협업 건당 평균 거래액이 지난해 같은 기간보다 100% 증가했다고 7일 밝혔다. 카페24 매치메이킹은 판매...,"Tue, 07 Jul 2026 10:48:00 +0900",2026-07-07 10:48:00
서울도서관 분관 '서서울문화플라자' 건립 본격화,https://view.asiae.co.kr/article/2026070709011019170,https://n.news.naver.com/mnews/article/277/0005786532?sid=102,당초 시립도서관을 건설하려던 사업 계획을 변경해 생활체육시설과 서울형 키즈카페를 결합한... 제공하는 '서울형키즈카페' 등을 계획했다. 시는 시설 간 동선을 연결하고 지역사회 어디서나 접근할 수 있는 완전 개방형...,"Tue, 07 Jul 2026 10:48:00 +0900",2026-07-07 10:48:00
[한성일이 만난 사람]박기선 전 충남대 인재개발원 교수,https://www.joongdo.co.kr/web/view.php?key=20260705010005818,https://www.joongdo.co.kr/web/view.php?key=20260705010005818,"중도일보 실버라이프 노인신문 명예기자로도 활동 중인 박기선 전 교수를 대청댐 인근 카페에서 만나 70여... 3~6개월 동안 하고 싶은 일 3가지는 색소폰 제대로 연주하기(2곡 연주), 카페 주 2회 글 올리기(사진 공유)...","Tue, 07 Jul 2026 10:48:00 +0900",2026-07-07 10:48:00
임성근 3층 식당 대박났다…가오픈 첫날 1시간만에 마감 [엑's 이슈],https://www.xportsnews.com/article/2169004,https://m.entertain.naver.com/article/311/0002030776,"새 식당은 짜글이 전문점, 박포갈비 전문점, 카페로 구성된 3층 규모다. 한편 임성근은 2015년 '한식대첩3' 우승 후 넷플릭스 '흑백요리사: 요리 계급 전쟁 시즌2'에 출연하며 큰 인기를 얻었다. 그러나 이후 과거...","Tue, 07 Jul 2026 10:47:00 +0900",2026-07-07 10:47:00
[포커스 인 수원] 한 입에 담긴 역사…맛으로 떠나는 수원 여행,https://www.kgnews.co.kr/news/article.html?no=902889,https://www.kgnews.co.kr/news/article.html?no=902889,"수원은 지역을 기반으로 자신의 이름을 브랜드명으로 내건 카페들이 성업하고 있다. 행궁동에서 시작해 수원에 대한 애정을 8곳으로 확장한 카페 브랜드, 신동카페거리 일대에서 총 8곳의 매장을 운영하고 있는 카페...","Tue, 07 Jul 2026 10:44:00 +0900",2026-07-07 10:44:00
[오늘의 식탁] 농심ㆍ풀무원ㆍ대상ㆍ오뚜기ㆍ남양유업ㆍhyㆍ빽다방,https://www.dnews.co.kr/uhtml/view.jsp?idxno=202607070822318450166,https://www.dnews.co.kr/uhtml/view.jsp?idxno=202607070822318450166,"▲대상, '리치 크림카페' 출시 대상 청정원의 카레 브랜드 '카레여왕'이 '리치 크림카레' 2종을 출시했다.△리치토마토&크림△리치포테이토&크림 등 2종이다. 신제품은△정통 프랑스식 퐁드보 육수△16종의 향신료를...","Tue, 07 Jul 2026 10:42:00 +0900",2026-07-07 10:42:00
"동방서예 캘리그라피 연구소,‘2026 동방묵연展’10일 개막",https://www.kukinews.com/article/view/kuk202607070053,https://www.kukinews.com/article/view/kuk202607070053,"필 문자 디자인 연구소가 주최하고, 동방서예 캘리그라피 연구소가 주관하는 이번 전시회는 (사)한국캘리그라피디자인협회, (사)한국미술협회 전북특별자치도지회 다음카페 서예세상, 대한불교조계종 수현사 후원으로...","Tue, 07 Jul 2026 10:42:00 +0900",2026-07-07 10:42:00
"송미령 농식품부 장관, 신안 찾아 농어촌 기본소득 점검",https://www.kukinews.com/article/view/kuk202607070054,https://www.kukinews.com/article/view/kuk202607070054,"간담회 이후 송 장관은 기본소득 사용처인 안좌도 퍼플섬의 한 카페를 찾아 주민들과 만나 사업 효과를 확인했다. 주민들은 기본소득 시행 이후 지역 상권이 활기를 되찾고 공동체 분위기도 한층 살아났으며, 귀촌...","Tue, 07 Jul 2026 10:42:00 +0900",2026-07-07 10:42:00
"중랑구 용마산 스카이워크, 누적 이용객 100만 명 돌파…서울 대표 걷기...",https://www.job-post.co.kr/news/articleView.html?idxno=220253,https://www.job-post.co.kr/news/articleView.html?idxno=220253,"망우역사문화공원에서는 문화예술인 특별전과 다양한 전시, 카페 등을 함께 즐길 수 있어 자연과 역사, 문화가 어우러진 복합 관광코스로도 주목받고 있다. 구는 수국이 만개하는 계절에는 더욱 많은 시민들의 방문이...","Tue, 07 Jul 2026 10:40:00 +0900",2026-07-07 10:40:00
"샥즈, '오픈닷2' 출시 기념 '성수동 커피런' 이벤트 성료",https://zdnet.co.kr/view/?no=20260707101706,https://n.news.naver.com/mnews/article/092/0002429517?sid=105,"아울러 가벼운 무게와 디자인을 바탕으로 운동뿐만 아니라 출근길, 카페 등 일상에서도 자연스럽게 활용할 수 있다는 점에서 참가자들의 긍정적인 평이 잇따랐다. 행사에 참여한 러너들은 “단순히 달리는 데서 그치지...","Tue, 07 Jul 2026 10:39:00 +0900",2026-07-07 10:39:00
"증평군, 직장인 평생학습 프로그램 '퇴근길 캠퍼스' 운영",https://www.ccreview.co.kr/news/articleView.html?idxno=352125,https://www.ccreview.co.kr/news/articleView.html?idxno=352125,오는 16일과 23일 오후 7시부터 군립도서관 1층 북카페에서 진행한다. 교육은 과정당 20명을 선착순 모집한다. 직장인은 물론 평생학습에 관심 있는 군민 누구나 신청할 수 있다. 신청은 증평군평생학습관 누리집 또는...,"Tue, 07 Jul 2026 10:38:00 +0900",2026-07-07 10:38:00
“K-베이킹 쉽게 따라 해보세요”,https://www.koreadaily.com/article/20260706183725816,https://www.koreadaily.com/article/20260706183725816,"이후 베이커리 카페를 운영했으며, 보스턴 지역 홀푸즈마켓에서 케이크 데코레이터로 근무하기도 했다.... 김씨의 장래 꿈은 음악이 흐르는 카페를 여는 것이다. 카페 중앙에 그랜드피아노가 있는 작은 무대를 마련해...","Tue, 07 Jul 2026 10:38:00 +0900",2026-07-07 10:38:00
"그라비티, ‘라그나로크M: Classic’ 7월 16일 정식 출시.. 간담회 개최...",https://game.donga.com/123267/,https://game.donga.com/123267/,"간담회는 7월 12일 오후 2시부터 6시까지 서울 강남에 위치한 알베르 카페에서 진행되며, 그라비티 측은 개발진과 이용자들이 직접 소통하며 의견을 나누는 것은 물론, 이용자 간 커뮤니티 활성화에도 크게 도움이 될...","Tue, 07 Jul 2026 10:38:00 +0900",2026-07-07 10:38:00
"'전과 6범' 임성근 셰프, 논란 무색한 파주 식당 '오픈런 열기'",http://www.tvdaily.co.kr/read.php3?aid=17833881521792933002,https://m.entertain.naver.com/article/440/0000036357,"식당은 지상 3층 규모로 1층 짜글이 전문점과 2층 갈비 식당 그리고 3층 카페로 운영된다. 개업을 하루 앞둔 지난 5일 그는 ""오랫동안 저희의 개업을 기다려주시고 응원해 주신 모든 분께 진심으로 감사드린다 기다려주신...","Tue, 07 Jul 2026 10:38:00 +0900",2026-07-07 10:38:00
"“‘참교육 우진엄마’ 박지연 선배, 실제론 천사”",https://sports.khan.co.kr/article/202607071035003?pt=nv,https://m.entertain.naver.com/article/144/0001124767,작품 공개 이후의 반응에 대해서는 “이전에 아르바이트하던 카페에서 손님들이 제 앞에서 ‘참교육’ 이야기를 하고 계셔서 괜히 어깨가 으쓱했다”고 웃어 보였다. 2화 구운하이텍고 조인범 역의 옥진욱은 극 중 악역...,"Tue, 07 Jul 2026 10:36:00 +0900",2026-07-07 10:36:00
"SK인텔릭스, 야구 팬덤 업고 '메가아이스' 영토 확장… 스포츠 마케팅 ...",https://www.nbntv.kr/news/articleView.html?idxno=340432,https://www.nbntv.kr/news/articleView.html?idxno=340432,"가전 보급률 포화와 고금리로 인한 내구재 소비 부진 리스크가 상존하는 거시 환경 속에서, 홈카페·홈술 문화를 지향하는 20~30대 젊은 소비층의 거점 플랫폼에 침투해 정수기 교체 수요를 자극하는 동선은 마케팅 비용...","Tue, 07 Jul 2026 10:32:00 +0900",2026-07-07 10:32:00
"카페24 매치메이킹, 메가 IP 협업 강화…콘텐츠 커머스 허브 도약",https://www.news2day.co.kr/article/20260707500087,https://www.news2day.co.kr/article/20260707500087,기자] 카페24가 메가 콘텐츠 IP와의 협업을 확대하며 콘텐츠 커머스 사업 성장에 속도를 내고 있다. 대형... 글로벌 전자상거래 플랫폼 카페24는 브랜드와 크리에이터를 연결하는 콘텐츠 커머스 서비스 '매치메이킹'의...,"Tue, 07 Jul 2026 10:32:00 +0900",2026-07-07 10:32:00
"""폭염·장마 걱정 NO!"" 소노호텔앤리조트, 레저·미식·웰니스 '실내 중...",http://www.srtimes.kr/news/articleView.html?idxno=206925,http://www.srtimes.kr/news/articleView.html?idxno=206925,"베이커리 카페 '더 엠브로시아' 등 단지 내 식음 공간까지 모두 연결돼 있다. ​쏠비치 삼척·양양, 소노벨... 북카페 '서재'를, ▲소노캄 여수에서는 원데이 클래스 '아뜰리에 캄'과 '캄앤플로우 나이트 요가'를, ▲소노벨...","Tue, 07 Jul 2026 10:32:00 +0900",2026-07-07 10:32:00
"SK네트웍스, AI 전환이 ‘현장 매출’로 내려왔다",https://sateconomy.co.kr/news/view/1065572897700601,https://sateconomy.co.kr/news/view/1065572897700601,"홈카페와 홈술 문화 확산, 때 이른 무더위, ‘MEGA ICE 얼음정수기’와 미니 제품의 시장 반응이 겹친... 회사는 야구 팬층을 상대로 제품의 얼음 성능과 홈카페·홈술 수요를 자연스럽게 노출했다. 기존 가전 광고를...","Tue, 07 Jul 2026 10:30:00 +0900",2026-07-07 10:30:00
"동원F&B, 플레인 탄산수 시장 공략",https://www.kfenews.co.kr/news/articleView.html?idxno=659889,https://www.kfenews.co.kr/news/articleView.html?idxno=659889,"음료업계 관계자는 ""최근 소비자들은 탄산수에서도 탄산 강도, 목 넘김, 혼합 음료 활용도 등을 구체적으로 비교하는 경향이 있다""며 ""플레인 탄산수는 당류 부담을 줄인 음료를 찾는 소비자뿐 아니라 홈카페용 베이스를...","Tue, 07 Jul 2026 10:30:00 +0900",2026-07-07 10:30:00
"담양지역자활센터, ‘2026년 자활주민 어울림 한마당’ 개최",https://www.viva100.com/article/20260707500317,https://www.viva100.com/article/20260707500317,"카페 2곳을 비롯해 청소·소독, 영농, 용역, 중고사무용 가구판매 등 7개 사업단을 운영하며 경제활동을 지원하고, 자격증 취득과 취업 연계 등 자립 기반 마련에도 힘쓰고 있다. 담양= jnews2009@viva100","Tue, 07 Jul 2026 10:28:00 +0900",2026-07-07 10:28:00
컴투스 ‘서머너즈 워’ X TV애니메이션 ‘장송의 프리렌’ 콜라보 디테...,https://www.gamechosun.co.kr/webzine/article/view.php?no=223224,https://www.gamechosun.co.kr/webzine/article/view.php?no=223224,"지속적으로 선보이며, 유저들이 협업 콘텐츠를 더 재미있게 즐길 수 있도록 할 계획이다. 한편, ‘서머너즈 워’의 이번 컬래버레이션에 대한 더욱 자세한 정보는 공식 카페에서 확인할 수 있다. [ ] [gamechosun.co.kr]","Tue, 07 Jul 2026 10:28:00 +0900",2026-07-07 10:28:00
"[NC인터뷰] '데뷔 45년' 최민식 ""대배우? 과대 평가...이혼 안 한 것과 같...",https://www.nc.press/news/articleView.html?idxno=620020,https://www.nc.press/news/articleView.html?idxno=620020,"힘든건 힘든 거고, 나나 그들이나 신이 나서 하고 있는 일입니다."" 최근 서울 종로구 삼청동 한 카페에서 최민식을 만났다. 넷플릭스 화제작 '맨 끝줄 소년'과 관련한 에피소드를 비롯해 다양한 이야기를 나눴다. '맨 끝줄...","Tue, 07 Jul 2026 10:27:00 +0900",2026-07-07 10:27:00
부산대역에 전국 첫 '마트+공공쉼터' 지역상생형 마트 개점,https://www.news1.kr/local/busan-gyeongnam/6219929,https://n.news.naver.com/mnews/article/421/0009044453?sid=102,역사 대합실과 바로 연결되는 66㎡(약 20평) 규모의 공간에는 시민 누구나 이용할 수 있는 개방형 공공카페 쉼터가 조성됐다. 쉼터 운영은 금정구지역자활센터가 맡아 자활사업 참여 주민을 카페 직원으로 채용한다. 또...,"Tue, 07 Jul 2026 10:26:00 +0900",2026-07-07 10:26:00
최대 10년 안심 거주 가능한 공공지원 민간임대 아파트 '오산 세교 우미...,http://www.fnnews.com/news/202607070943036769,https://n.news.naver.com/mnews/article/014/0005544654?sid=101,"피트니스클럽, 실내스크린골프연습장, 실내체육관, 입주민 카페, 남녀 독서실, 게스트하우스 등 공동시설도 조성된다. 산업 및 지역 개발 측면에서는 수원과 화성, 평택, 용인으로 이어지는 반도체 메가 클러스터 조성이...","Tue, 07 Jul 2026 10:26:00 +0900",2026-07-07 10:26:00
"현대엘리베이터, 亞 교육 소외계층 아동에 '블록필통' 나눔 실천",https://www.financialpost.co.kr/news/articleView.html?idxno=265374,https://www.financialpost.co.kr/news/articleView.html?idxno=265374,아울러 사내 자원 순환 캠페인인 '현대:Re(cycling)'과 장애인 바리스타가 일하는 카페 엘리스카페 운영을 돕는 등 ▲교육 ▲의료 ▲복지 ▲지역 사회 상생 분야에서 선한 영향력을 지속해서 넓혀갈 계획이다.,"Tue, 07 Jul 2026 10:26:00 +0900",2026-07-07 10:26:00
"제주 카페 뛰어든 이동건 ‘휴업’..이상순은 폐업, 박한별만 남았다 [...",http://www.osen.co.kr/article/G1112835102,https://m.entertain.naver.com/article/109/0005566955,"제주도에 카페를 오픈했던 이들의 결말은 모두 달랐다. 지난 6일 이동건의 카페 SNS에는 “찾아주신 고객님들께 감사드리며, 7월 9일 부로 재정비의 시간을 갖게 됐다”는 안내문이 게재됐다. 해당 안내문에 따르면...","Tue, 07 Jul 2026 10:25:00 +0900",2026-07-07 10:25:00
"구포시장 떡카페 온기담, 한옥 감성과 떡 디저트로 따뜻한 휴식 제안",https://www.fntoday.co.kr/news/articleView.html?idxno=387682,https://www.fntoday.co.kr/news/articleView.html?idxno=387682,"떡카페 온기담은 전통 떡과 음료를 현대적인 카페 감성으로 풀어내며, 구포시장 일대 방문객들에게 편안한 휴식 공간과 차별화된 디저트 경험을 제공하고 있다. (사진제공 : 온기담) 떡카페 온기담이 전통 떡의 친숙한 맛에...","Tue, 07 Jul 2026 10:24:00 +0900",2026-07-07 10:24:00
"정선 사북공공도서관, 문체부 장관 기관 표창..강원도 1위",https://biz.heraldcorp.com/article/10800469?ref=naver,https://n.news.naver.com/mnews/article/016/0002666715?sid=102,도서관은 이용자 의견을 반영해 북카페 환경을 개선하고 지역 주민과 단체가 자유롭게 활용할 수 있도록 대관 서비스를 활성화하는 등 주민 누구나 이용할 수 있는 열린 문화공간을 조성했다. 또한 문화학교와...,"Tue, 07 Jul 2026 10:23:00 +0900",2026-07-07 10:23:00
"부산시·부산도시공사, 부산시 최초 특화주택 공모사업 선정",https://www.dnews.co.kr/uhtml/view.jsp?idxno=202607061604235400131,https://www.dnews.co.kr/uhtml/view.jsp?idxno=202607061604235400131,"특히 이번 공모에서 공사는 단지 내 육아친화시설(장난감도서관, 키즈카페)을 강화해 국비 추가 지원도 확보했다. 직장과 가까운 곳에서 안정적으로 거주할 수 있도록 ‘직주근접형 정주 기반’을 만드는 것이...","Tue, 07 Jul 2026 10:22:00 +0900",2026-07-07 10:22:00
"보령시, 위기브와 함께 고향사랑기부 이벤트... 머드축제 맞아 생활인구...",http://www.chungnamilbo.co.kr/news/articleView.html?idxno=897469,http://www.chungnamilbo.co.kr/news/articleView.html?idxno=897469,"보령사랑상품권은 지역 내 가맹점에서 사용할 수 있는 지역화폐로, 축제장 주변 음식점과 카페, 전통시장 등 다양한 지역 상권에서 이용할 수 있다. 시는 이번 이벤트가 축제 방문을 지역 소비로 연결하고, 지역 상권에...","Tue, 07 Jul 2026 10:22:00 +0900",2026-07-07 10:22:00
"대전 동구, 관·학 협력 AI 특화 '동구 라라랜드' 운영",http://www.chungnamilbo.co.kr/news/articleView.html?idxno=897470,http://www.chungnamilbo.co.kr/news/articleView.html?idxno=897470,"이번 프로그램은 '부모와 함께 AI를 활용한 나만의 캐릭터 굿즈 만들기'를 주제로, 오는 28일부터 8월 20일까지 가양1동 북카페에서 초등학교 2~5학년 자녀를 둔 여섯 가족을 대상으로 운영된다. 특히 참가자들이 생성형...","Tue, 07 Jul 2026 10:22:00 +0900",2026-07-07 10:22:00
"현대엘리베이터, ESG 경영 실천 확대···임직원 참여형 사회공헌 강화",https://www.smartbizn.com/news/articleView.html?idxno=147927,https://www.smartbizn.com/news/articleView.html?idxno=147927,"전력 인프라가 부족한 국가에 태양광 랜턴을 제작해 전달하는 사업을 비롯해 백혈병·소아암 환아 지원, 사내 물품 기부 캠페인, 굿윌스토어 봉사활동, 장애인 바리스타 카페 운영 지원 등 임직원이 직접 참여하는 다양한...","Tue, 07 Jul 2026 10:20:00 +0900",2026-07-07 10:20:00
[기업 이모저모] 강남에 뜬 바리스타 폴 바셋,https://news.einfomax.co.kr/news/articleView.html?idxno=4423689,https://news.einfomax.co.kr/news/articleView.html?idxno=4423689,한 손님은 혼자 에스프레소와 카페라떼를 나란히 주문해 맛을 봤다. 폴 바셋 강남점 안은 커피 향으로... 식당으로 치면 '열린 주방'이 카페에 적용됐다. 폴 바셋은 손님들과 연신 사진을 찍고 웃으며 인사를 해줬다....,"Tue, 07 Jul 2026 10:18:00 +0900",2026-07-07 10:18:00
"'제주카페 휴업' 이동건, '이숙캠' 촬영 현장 공개…진태현 후임 존재감...",https://www.xportsnews.com/article/2168992,https://m.entertain.naver.com/article/311/0002030765,전날(6일)에는 지난해부터 운영해 온 제주 애월읍 카페의 재정비 소식을 전했다. 이에 일각에서는 '이혼숙려캠프' 합류에 따른 결정이 아니냐는 추측이 이어졌다. 한편 이동건은 7월 중 '이혼숙려캠프' 새 MC로 시청자들과...,"Tue, 07 Jul 2026 10:18:00 +0900",2026-07-07 10:18:00
30·40세대 '학세권' 선호에 청약 경쟁률도 갈렸다,https://www.greened.kr/news/articleView.html?idxno=344388,https://www.greened.kr/news/articleView.html?idxno=344388,"어린이집과 작은도서관, XR 기술을 활용한 키즈카페 놀이 콘텐츠룸, 스마트플레이존, 교보문고 전자도서관 등이 들어선다. 타입은 59㎡A 130가구, 59㎡B 108가구, 84㎡A 178가구, 84㎡B 103가구, 84㎡C 65가구, 84㎡D...","Tue, 07 Jul 2026 10:17:00 +0900",2026-07-07 10:17:00
수원 가면 뭐 먹지? 갈비에 통닭·순대·족발·커피까지 먹거리 풍성,https://www.tournews21.com/news/articleView.html?idxno=138101,https://www.tournews21.com/news/articleView.html?idxno=138101,"커피를 좋아하는 여행자라면 수원 로컬 카페도 눈여겨볼 만하다. 행궁동에서 시작해 수원에 대한 애정을 담아 8곳으로 확장한 카페 브랜드, 신동카페거리 일대에서 총 8개 매장을 운영하는 브랜드, 20여 년 전부터 수원...","Tue, 07 Jul 2026 10:16:00 +0900",2026-07-07 10:16:00
"전남광주통합특별시 동구, '여름방학 인문학' 참가자 모집",http://www.newsworker.co.kr/news/articleView.html?idxno=434966,http://www.newsworker.co.kr/news/articleView.html?idxno=434966,"그래서 좋아'를 주제로 운영되며, 시인 문병란의 집에서는 8월 11일부터 14일까지 4회 프로그램을 진행하고 작은도서관 식물그림책은 8월 11일, 작은도서관 그랜드센트럴북카페는 8월 20일 각각 운영하며 장소별로 10명씩...","Tue, 07 Jul 2026 10:16:00 +0900",2026-07-07 10:16:00
"임성근, '전과 6범' 논란에도 無타격…3층 규모 대형 식당 가오픈→첫날...",https://www.tvreport.co.kr/entertainment/article/1059417/,https://m.entertain.naver.com/article/213/0001393422,"식당은 지상 3층 규모로 1층 짜글이 전문점, 2층 갈비 식당, 3층 카페로 운영된다. 개업을 하루 앞둔 지난 5일 그는 ""오랫동안 저희의 개업을 기다려주시고 응원해 주신 모든 분께 진심으로 감사드린다. 기다려주신...","Tue, 07 Jul 2026 10:14:00 +0900",2026-07-07 10:14:00
"영등포구, 청년 '비파괴검사' 자격증 취득반 참여자 모집",https://www.m-i.kr/news/articleView.html?idxno=1388867,https://www.m-i.kr/news/articleView.html?idxno=1388867,"모집 안내문의 정보무늬(QR코드)를 통해 간편하게 신청할 수 있으며, 자세한 내용은 구 누리집 '우리구소식' 또는 '영등포 청년 네이버 카페'에서 확인할 수 있다. 조유진 영등포구청장은 ""이번 교육을 통해 청년들이...","Tue, 07 Jul 2026 10:14:00 +0900",2026-07-07 10:14:00
중랑천 기차 카페 '경춘마루' 문열어…노원구 4번째 수변카페,https://www.yna.co.kr/view/AKR20260707061600004?input=1195m,https://n.news.naver.com/mnews/article/001/0016179462?sid=102,서울 노원구(구청장 서준오)는 중랑천 경춘철교 상부에 기차를 모티브로 한 수변거점카페 '노원경춘마루'를 오는 15일부터 정식 운영한다고 7일 밝혔다. 이곳은 경춘선숲길과 중랑천 수변을 함께 즐길 수 있는 전망카페...,"Tue, 07 Jul 2026 10:14:00 +0900",2026-07-07 10:14:00
"시정비전 'B.I.G 부천'…""산업·인프라·성장"" 도시 대전환",https://www.newsis.com/view/NISX20260707_0003698597,https://n.news.naver.com/mnews/article/003/0014050197?sid=102,"성장 분야는 출산지원금 확대와 가족돌봄수당 신설, 부천형 키즈카페 조성, 공공심야약국 확대 등 생활밀착형 정책을 추진한다. 청년드림주택 공급과 청년 취·창업 지원을 강화하고, '천원 세탁소'와 '천원 클래식' 등...","Tue, 07 Jul 2026 10:14:00 +0900",2026-07-07 10:14:00
"도시철도 역에 마트 개점…부산대역, 전국 첫 ‘지역 상생형 마트’",http://www.kookje.co.kr/news2011/asp/newsbody.asp?code=0200&key=20260707.99099001826,https://n.news.naver.com/mnews/article/658/0000148824?sid=101,"역사 대합실과 바로 연결되는 66㎡ 규모의 공공카페형 쉼터가 조성돼 시민 누구나 편하게 쉬어갈 수 있다. 쉼터는 금정구 지역자활센터가 운영하고, 자활사업 참여 주민이 카페 직원으로 근무한다. 마트 개점과 관련해...","Tue, 07 Jul 2026 10:09:00 +0900",2026-07-07 10:09:00
"듀오 추천 여름 데이트 코스 공개...""무더위는 피하고 낭만은 더하고""",http://www.sisunnews.co.kr/news/articleView.html?idxno=241968,http://www.sisunnews.co.kr/news/articleView.html?idxno=241968,"워터슬라이드와 바나나보트, 블롭점프 등 다양한 놀이기구를 이용할 수 있으며, 인근 카페와 펜션, 글램핑장을 함께 이용하면 하루 또는 1박 2일 일정으로도 즐길 수 있다. 제부도 해변길은 드라이브를 즐기기 좋은 코스로...","Tue, 07 Jul 2026 10:08:00 +0900",2026-07-07 10:08:00
"홈리스 사진가 7인, 스마트폰으로 담은 세상...삼성동 치폴라로쏘서 한...",https://www.newspim.com/news/view/20260707000354,https://www.newspim.com/news/view/20260707000354,삼성동 카페 '치폴라로쏘'에서 전시된다. 이번 전시는 서울시 소속 노숙인 자활시설 생활인 7명이 10주 동안... 7월 7일부터 약 한 달간 서울 삼성동 카페 '치폴라로쏘'에서 노숙인 출신 사진가 7인의 사진전이 열린다. 이번...,"Tue, 07 Jul 2026 10:07:00 +0900",2026-07-07 10:07:00
"세라젬, 초록우산 후원 20주년…누적 12억원 이상 지원",https://www.pinpointnews.co.kr/news/articleView.html?idxno=466155,https://www.pinpointnews.co.kr/news/articleView.html?idxno=466155,"웰카페와 웰라운지 등 체험 매장에서 발생한 수익의 일부를 정기적으로 후원하며, 후원금은 보호대상아동의 안정적인 자립 지원에 활용된다. 세라젬은 국내뿐 아니라 해외에서도 사회공헌 활동을 전개하고 있다. 중국...","Tue, 07 Jul 2026 10:06:00 +0900",2026-07-07 10:06:00
"결혼정보회사 듀오, 여름에 어울리는 데이트 코스 5곳 공개",https://www.gosiweek.com/article/1065602034660390,https://www.gosiweek.com/article/1065602034660390,"인근 카페와 펜션, 글램핑 시설도 함께 이용할 수 있어 당일 일정은 물론 1박 2일 여행 코스로도 활용할 수 있다. 두 번째 추천 코스는 제부도 드라이브다. 제부도는 바닷길이 열리는 자연현상으로 알려진 관광지로...","Tue, 07 Jul 2026 10:06:00 +0900",2026-07-07 10:06:00
"전시장 밖으로 나온 공예, 전국 골목·강변·수목원 물들이다",https://www.edaily.co.kr/news/newspath.asp?newsid=03342326645512224,https://n.news.naver.com/mnews/article/018/0006324429?sid=103,(사진=한국공예·디자인문화진흥원) 구미 - 체험 및 마켓 부스 (구미핸즈브라운카페) : 경북 작가들의 작품을 판매하며 체험도 가능했음 (사진=한국공예·디자인문화진흥원),"Tue, 07 Jul 2026 10:05:00 +0900",2026-07-07 10:05:00
"듀오, 여름철 연인 위한 데이트 코스 제안",https://www.rcast.co.kr/news/articleView.html?idxno=31206,https://www.rcast.co.kr/news/articleView.html?idxno=31206,"워터슬라이드와 바나나보트, 블롭점프 등 액티비티를 체험할 수 있으며, 인근 글램핑장과 카페를 함께 이용하면 하루 코스로도 알차게 즐길 수 있다. 드라이브를 선호하는 연인에게는 제부도가 추천됐다. 바닷길과...","Tue, 07 Jul 2026 10:04:00 +0900",2026-07-07 10:04:00
"현대엘리베이터, ‘블록필통 만들기’ 봉사활동 진행…“사회공헌활동...",https://biz.heraldcorp.com/article/10800388?ref=naver,https://n.news.naver.com/mnews/article/016/0002666682?sid=101,"이 외에도 사내 물품 기부 캠페인 현대:Re(cycling), 굿윌스토어 봉사활동, 장애인 바리스타 카페 ‘엘리스카페’ 운영 지원 등 임직원 참여형 나눔 활동을 확대하고 있다. 한편, 현대엘리베이터는 최근 지속가능경영...","Tue, 07 Jul 2026 10:04:00 +0900",2026-07-07 10:04:00
"결혼정보회사 듀오, 여름 시즌 맞춤 데이트 코스 계곡·동굴·축제 등 5...",https://www.thepowernews.co.kr/view.php?ud=2026070617364497809aeda69934_7,https://www.thepowernews.co.kr/view.php?ud=2026070617364497809aeda69934_7,주변 카페와 숙박시설을 함께 이용하면 하루 일정 또는 1박 2일 일정으로도 활용할 수 있다. 두 번째는 제부도다. 드라이브 코스로 알려진 제부도는 바다가 갈라지는 자연현상과 함께 서해랑 해상케이블카를 이용할 수...,"Tue, 07 Jul 2026 10:02:00 +0900",2026-07-07 10:02:00
KB Pay 리브메이트 오늘의 퀴즈 정답 7월 7일,https://www.bntnews.co.kr/article/view/bnt202607070039,https://www.bntnews.co.kr/article/view/bnt202607070039,"KBPay퀴즈 앱에서 KB Pay 오늘의 퀴즈 정답을 입력해 포인트를 받아 편의점, 카페 등 다양한 곳에서 사용이 가능하다. 자세한 사용처는 KB pay퀴즈 앱을 통해 확인이 가능하다. 한편, 매일 오전 10시에 새로운 퀴즈가...","Tue, 07 Jul 2026 10:02:00 +0900",2026-07-07 10:02:00
"더블트리 바이 힐튼 서울 판교, ‘마이 키즈 썸머 바캉스’ 패키지 선봬...",http://www.beyondpost.co.kr/view.php?ud=202607070939454143d3244b4fed_30,http://www.beyondpost.co.kr/view.php?ud=202607070939454143d3244b4fed_30,"더불어 비치 바, 카페, 루프탑 레스토랑&바, 데메테르, 인룸 다이닝 등 호텔 내 식음 업장 및 서비스를 자유롭게 이용할 수 있는 다이닝 크레딧 5만 원이 함께 제공되어 가족 고객의 취향에 맞춘 풍성한 다이닝 경험을...","Tue, 07 Jul 2026 10:02:00 +0900",2026-07-07 10:02:00
"SK매직, 야구에 산다서 MEGA ICE 얼음정수기 선봬",https://www.pinpointnews.co.kr/news/articleView.html?idxno=466152,https://www.pinpointnews.co.kr/news/articleView.html?idxno=466152,"홈카페와 홈술 트렌드에 맞춘 프리미엄 얼음정수기로, 뛰어난 제빙 성능을 앞세운 것이 특징이다. 제품은 메가 모드 기준 최대 일 제빙량 5.7kg을 갖췄다. 얼음 토출 푸쉬 버튼과 출수 유도 라이팅 등 사용 편의 기능도...","Tue, 07 Jul 2026 10:02:00 +0900",2026-07-07 10:02:00
"이지샵, 부가가치세 신고 기간 맞이 아이패드·상품권 증정 등 혜택 프...",https://www.etnews.com/20260706000256,https://n.news.naver.com/mnews/article/030/0003445117?sid=101,이 외에도 네이버 카페 후기 및 SNS를 활용한 이벤트가 다양하게 추가 진행된다. 이지샵은 PC와 스마트폰 앱을 통해 언제 어디서나 이용할 수 있는 편리함을 자랑한다. 비슷한 업종이나 매출을 가진 사업장과의 부가가치세...,"Tue, 07 Jul 2026 10:01:00 +0900",2026-07-07 10:01:00
"이지샵, 부가세 신고 회원 대상 아이패드·상품권 증정 이벤트 개최",https://www.seoul.co.kr/news/economy/2026/07/06/20260706500064?wlog_tag3=naver,https://n.news.naver.com/mnews/article/081/0003658949?sid=101,이와 함께 네이버 카페 후기 작성 이벤트와 SNS 인증 이벤트 등 다채로운 참여형 프로모션도 동시에 진행해 회원들과의 접점을 넓혀갈 계획이다. 이지샵은 사업자의 매출·매입 내역과 입출금 정보를 기반으로 자동 장부...,"Tue, 07 Jul 2026 10:01:00 +0900",2026-07-07 10:01:00
"관악구, 경력보유여성 일자리·취약가구 주거환경 개선 '두 마리 토끼' ...",https://www.job-post.co.kr/news/articleView.html?idxno=220225,https://www.job-post.co.kr/news/articleView.html?idxno=220225,"이와 함께 지역특화 상품 판매와 청사 내 '강감찬카페' 운영, 샤로수길 로컬브랜드 육성사업, 행정재산 청소용역 등 다양한 사업을 추진하며 지역경제 활성화와 고용 확대에도 힘을 보태고 있다. 관악구는 앞으로도...","Tue, 07 Jul 2026 10:00:00 +0900",2026-07-07 10:00:00
"조용익 부천시장, 민선9기 '다시 함께, 더+ 큰 부천' 비전 제시",https://news.tf.co.kr/read/national/2340430.htm,https://n.news.naver.com/mnews/article/629/0000513761?sid=102,"부천형 키즈카페 조성, 365일 시간제 보육 지원, 공공심야약국 확대, 스마트경로당 확충도 추진한다. 청년 정책으로는 청년드림주택 100호 공급과 청년참여예산제 운영, 청년드림센터 중심의 취·창업 지원 기능을...","Tue, 07 Jul 2026 10:00:00 +0900",2026-07-07 10:00:00
"하이스코어, 하이브리드 장르 팬심 공략",https://www.tgdaily.co.kr/news/articleView.html?idxno=405481,https://www.tgdaily.co.kr/news/articleView.html?idxno=405481,메이드 카페' 등 서로 다른 장르의 재미 요소들을 결합한 하이브리드 캐주얼 게임들을 통해 폭넓은 유저층 공략에 나섰다. 7일 관련업계에 따르면 하이스코어게임즈(대표 김재현)는 최근 '머지 캠프' '머지 메이드 카페' 등...,"Tue, 07 Jul 2026 10:00:00 +0900",2026-07-07 10:00:00
[홍석환의 3분 경영] 뜻밖의 만남,https://www.joongdo.co.kr/web/view.php?key=20260707010001593,https://www.joongdo.co.kr/web/view.php?key=20260707010001593,"무슨 택시냐 하며 한 잔 더 하거나 카페 가자 손을 잡고 당깁니다. 계산을 마치고 옆의 카페에서 모카카페 한 잔 마시는데 선배가 잠시 나가 10분 후, 빨리 나오라고 합니다. 선배는 멀리 가는 제가 불안했는지 택시를 대기...","Tue, 07 Jul 2026 10:00:00 +0900",2026-07-07 10:00:00
"부산교통공사, 부산대역에 '지역 상생 마트' 개점…도시철도 최초",https://www.newsis.com/view/NISX20260707_0003698564,https://n.news.naver.com/mnews/article/003/0014050128?sid=102,공공 카페형 쉼터도 함께 들어선다. 공사는 지난 4월 공개경쟁입찰을 통해 세남기업을 운영사업자로... 자활사업 참여 주민을 카페 직원으로 채용해 일자리 창출에도 나설 예정이다. 마트 역시 지역주민을 우선 채용할...,"Tue, 07 Jul 2026 09:57:00 +0900",2026-07-07 09:57:00
"현대엘리베이터, 동아시아 빈곤 지역 아동 위한 나눔 활동",https://www.cnbizm.com/news/articleView.html?idxno=307769,https://www.cnbizm.com/news/articleView.html?idxno=307769,"이 밖에 사내 물품 기부 캠페인 현대:Re(cycling), 굿윌스토어 봉사활동, 장애인 바리스타 카페 '엘리스카페' 운영 지원 등 임직원 참여형 나눔 활동을 확대하고 있다. 현대엘리베이터 관계자는 ""앞으로도 교육, 의료, 복지...","Tue, 07 Jul 2026 09:54:00 +0900",2026-07-07 09:54:00
"카페 일 돕는 남편, 툭하면 손님·직원 스킨십 …""세상 바뀐 줄 모른 듯...",https://www.news1.kr/society/general-society/6219819,https://n.news.naver.com/mnews/article/421/0009044330?sid=102,"카페를 운영하는 50대 여성이 손님과 직원을 가리지 않고 스킨십을 하는 남편 때문에 고민이라며 사연을 공개했다. 6일 JTBC '사건반장'에는 카페를 운영한 지 두 달 된 여성 A 씨의 사연이 소개됐다. A 씨는 ""커피 맛이...","Tue, 07 Jul 2026 09:53:00 +0900",2026-07-07 09:53:00
"[기행] 정병욱 헌신이 살린 윤동주 시인, 인천 박경리·고유섭·김구 깨...",https://www.incheontoday.com/news/articleView.html?idxno=320909,https://www.incheontoday.com/news/articleView.html?idxno=320909,당시 동구와 인천시가 박경리 북카페를 조성하거나 배다리 역사문화지구 선정 등 지역 사회로부터 배다리 책방 골목에 대한 관심이 쏠리기도 했지만 현재는 무산됐다. '고유섭 평전'을 집필한 이원규 소설가는...,"Tue, 07 Jul 2026 09:52:00 +0900",2026-07-07 09:52:00
"듀오, 한여름 무더위 피하는 데이트 코스 제안…액티비티부터 동굴·축...",https://idsn.co.kr/news/view/1065572298893275,https://idsn.co.kr/news/view/1065572298893275,"워터슬라이드와 바나나보트, 블롭점프 등 다양한 수상 스포츠를 체험할 수 있으며, 인근에 위치한 카페와 글램핑장, 숙박시설을 함께 이용하면 당일 나들이는 물론 1박 2일 여행 코스로도 활용할 수 있다. 바다 풍경을 즐길...","Tue, 07 Jul 2026 09:52:00 +0900",2026-07-07 09:52:00
송도 워터프론트 인접 '그란알레' 1블록 성공 분양 이어 이달 '11블록' 출...,http://www.ikld.kr/news/articleView.html?idxno=337175,http://www.ikld.kr/news/articleView.html?idxno=337175,"이에 따라 고급 레스토랑, 프리미엄 카페, 교육시설, 헬스케어, 메디컬, 뷰티·라이프스타일 업종 등 객단가 높은 업종의 진입에도 적합한 환경을 갖췄다. 여기에 판매시설이 자리하는 3공구와 6공구 일대 약 3만 세대...","Tue, 07 Jul 2026 09:52:00 +0900",2026-07-07 09:52:00
"아파트 커뮤니티, 주거 경쟁력 가르는 핵심 요소로 급부상",https://sports.khan.co.kr/article/202607070950003?pt=nv,https://n.news.naver.com/mnews/article/144/0001124752?sid=103,"공유오피스와 독서실, 작은도서관을 비롯해 키즈카페와 어린이집, 다함께돌봄센터 등이 들어설 예정이다. 민간공원 특례사업으로 조성되는 약 64만㎡ 규모의 상방공원과 함께 들어선다는 점도 특징이다. 상방공원은...","Tue, 07 Jul 2026 09:51:00 +0900",2026-07-07 09:51:00
"현대엘리베이터, 임직원 참여 '블록필통 만들기' 봉사활동…동아시아 아...",https://www.public25.com/news/articleView.html?idxno=50082,https://www.public25.com/news/articleView.html?idxno=50082,"이 밖에도 사내 물품 기부 캠페인 현대:Re(cycling), 굿윌스토어 봉사활동, 장애인 바리스타 카페 '엘리스카페' 운영 지원 등 임직원 참여형 나눔 활동을 확대하고 있다. 현대엘리베이터는 앞으로도 교육, 의료, 복지...","Tue, 07 Jul 2026 09:50:00 +0900",2026-07-07 09:50:00
"광양시, 섬진강별빛스카이 변경 계약 체결…안정적 운영 기반 마련",https://www.shinailbo.co.kr/news/articleView.html?idxno=5038147,https://www.shinailbo.co.kr/news/articleView.html?idxno=5038147,아울러 △배알도별빛야영장 △섬진강요트체험장 △배알도 섬 정원 △지역 음식점·카페 등 인근 관광자원과 연계한 체험 프로그램을 확대하고 홍보·마케팅을 강화해 섬진강권 관광 활성화를 추진할 방침이다. 이현주...,"Tue, 07 Jul 2026 09:48:00 +0900",2026-07-07 09:48:00
거래액 2배 뛴 카페24···메가 IP가 콘텐츠 커머스 판 바꿨다,https://www.smartbizn.com/news/articleView.html?idxno=147916,https://www.smartbizn.com/news/articleView.html?idxno=147916,"카페24는 브랜드와 크리에이터를 연결하는 콘텐츠 커머스 서비스 '매치메이킹'의 올해 상반기 협업 건당... 2024년 4월 서비스를 시작한 카페24 매치메이킹은 현재까지 누적 거래액 191억3000만원, 누적 매칭 1133건을...","Tue, 07 Jul 2026 09:48:00 +0900",2026-07-07 09:48:00
"보령시, 머드축제 앞두고 고향사랑기부 이벤트",https://www.goodmorningcc.com/news/articleView.html?idxno=448589,https://www.goodmorningcc.com/news/articleView.html?idxno=448589,"상품권은 축제장 주변 음식점과 카페, 전통시장 등 지역 가맹점에서 사용할 수 있어 축제 방문이 지역 소비로 이어질 것으로 시는 기대하고 있다. 엄승용 시장은 ""기부제는 지방재정 확충은 물론 지역을 직접 찾고...","Tue, 07 Jul 2026 09:46:00 +0900",2026-07-07 09:46:00
“안 물어 이 ××야!”…달려든 개 항의하자 ‘적반하장’ 성 낸 견주,https://www.seoul.co.kr/news/society/accident/2026/07/07/20260707500033?wlog_tag3=naver,https://n.news.naver.com/mnews/article/081/0003658942?sid=102,지난 6일 JTBC ‘사건반장’에 따르면 40대 배달원 A씨는 지난 4일 파주 한 카페에서 음식을 배달하던 중 이... 카페 사장은 “평소 손님들이 강아지를 너무 좋아하고 강아지도 사람을 잘 따라 카페에 풀어놓은 것”이라며...,"Tue, 07 Jul 2026 09:45:00 +0900",2026-07-07 09:45:00
"[어린이뉴스] 동대문구, 드림스타트 아동 가정에 여름철 맞춤형 집중 방...",https://www.ibabynews.com/news/articleView.html?idxno=152671,https://www.ibabynews.com/news/articleView.html?idxno=152671,"공모전 관련 자세한 내용은 지역아동센터경기남부지원단 카페와 안내문을 통해 확인할 수 있다. ◇ 진주시아동보호전문기관, 진주C3빛나라어린이집 아동권리 존중 인형극 진행 진주C3빛나라어린이집....","Tue, 07 Jul 2026 09:44:00 +0900",2026-07-07 09:44:00
"전국 15개 공연축제, 여름 여행지가 되다…2026 아르코 썸 페스타",http://www.sctoday.co.kr/news/articleView.html?idxno=48115,http://www.sctoday.co.kr/news/articleView.html?idxno=48115,"공연 관람 전후 대학로의 맛집과 카페, 산책까지 함께 즐길 수 있어 도심형 문화 바캉스로도 어울린다. 제주에서는 '제주국제관악제'가 8월 7일부터 15일까지 제주도 일원에서 열린다. 제주의 바람과 자연을 배경으로...","Tue, 07 Jul 2026 09:44:00 +0900",2026-07-07 09:44:00
부산도시철도 부산대역에 전국 첫 '지역 상생형 마트' 개점,https://www.yna.co.kr/view/AKR20260707051800051?input=1195m,https://n.news.naver.com/mnews/article/001/0016179363?sid=101,"역사 대합실과 바로 연결되는 66㎡ 규모의 공공카페형 쉼터가 조성돼 시민 누구나 편하게 쉬어갈 수 있다. 쉼터는 금정구 지역자활센터가 운영하고, 자활사업 참여 주민이 카페 직원으로 근무한다. 이병진 부산교통공사...","Tue, 07 Jul 2026 09:43:00 +0900",2026-07-07 09:43:00
임성근 식당 가오픈 '대박'…11시 시작인데 12시 15분 마감,https://www.hankyung.com/article/202607079484H,https://n.news.naver.com/mnews/article/015/0005307011?sid=103,"해당 식당은 3층 규모의 건물에 1층은 짜글이, 2층은 갈비, 3층은 카페로 꾸며졌다. 특히 짜글이 찌개는 임성근 셰프가 운영하는 유튜브 채널에서 인기 영상에 오른 레시피였고, 박포갈비는 '흑백요리사2'에서...","Tue, 07 Jul 2026 09:43:00 +0900",2026-07-07 09:43:00
[K-TRAVEL①]서울 홍제폭포...도심속 폭포에서 여름을 잊자,https://www.starnewskorea.com/business-life/2026/07/07/2026063017155355687,https://n.news.naver.com/mnews/article/108/0003450589?sid=004,"덥다면 카페나 도서관에 들어가 에어컨바람을 쐬며 폭포수를 전망할 수 있다. 폭포 앞에는 대형 거울을 설치해 거울을 보며 폭포수를 감상해보는 맛도 색다르다. 주변의 카페 쉼터와 도서관, 복합문화센터 등도 자리해...","Tue, 07 Jul 2026 09:43:00 +0900",2026-07-07 09:43:00
'등교라이딩프리' 아파트 청약시장 강세···도보 10분 이내 단지 '주목...,http://www.enewstoday.co.kr/news/articleView.html?idxno=2446108,http://www.enewstoday.co.kr/news/articleView.html?idxno=2446108,"어린이집과 작은도서관이 들어서며, 키즈카페에는 XR 기술을 활용한 실내 놀이 콘텐츠룸이 조성될 예정이다. 동부건설은 경상남도 거제시 고현초등학교 인근에 '센트레빌 아스테리움 거제'(1307가구)를 7월 분양...","Tue, 07 Jul 2026 09:42:00 +0900",2026-07-07 09:42:00
"[자막뉴스] 사회 곳곳에 퍼진 조롱과 혐오...""어른들부터 반성해야"" 자성...",https://www.ytn.co.kr/_ln/0134_202607070942037810,https://n.news.naver.com/mnews/article/052/0002375701?sid=102,"대한야구(소프트볼)협회나 KBO에서 그런 부분을 잘 살펴서 선의의 피해자는 생기지 않는 방안도…] 회원 4만5천 명이 가입한 국내 최대 야구선수 학부모 온라인 카페에서도 어른들부터 반성하고, 지금부터라도 더그아웃...","Tue, 07 Jul 2026 09:42:00 +0900",2026-07-07 09:42:00
"산업·인프라·성장으로 도시 대전환…조용익 부천시장, 민선 9기 청사진...",https://www.asiatoday.co.kr/kn/view.php?key=20260707010002221,https://www.asiatoday.co.kr/kn/view.php?key=20260707010002221,"첫째 자녀부터 출산지원금을 확대하고 가족돌봄수당을 신설하고 부천형 키즈카페와 365일 시간제 보육, 청년드림주택 공급, 청년 취·창업 지원을 강화한다. 천원 세탁소와 천원 클래식, 천원 실내파크골프장 등 이른바...","Tue, 07 Jul 2026 09:42:00 +0900",2026-07-07 09:42:00
"샥즈, 오픈닷 2 출시 기념 성수 커피런 진행",https://www.ddaily.co.kr/page/view/2026070709313474614,https://n.news.naver.com/mnews/article/138/0002233349?sid=105,"가벼운 무게와 세련된 디자인을 바탕으로 운동은 물론 출근길과 카페, 일상에서도 자연스럽게 활용할 수 있다는 점 역시 긍정적인 반응을 이끌어 냈다. 샥즈 관계자는 ""최근 러닝이 기록 경쟁을 넘어 사람과 문화를 잇는...","Tue, 07 Jul 2026 09:41:00 +0900",2026-07-07 09:41:00
"중랑구, 용마산 스카이워크 100만명 돌파…힐링 명소",https://view.asiae.co.kr/article/2026070709411166462,https://n.news.naver.com/mnews/article/277/0005786427?sid=102,"망우역사문화공원에서는 전시와 카페 등 문화 콘텐츠도 함께 즐길 수 있다. 이 일대는 사가정시장, 면목시장 등 전통시장과 골목상권으로 이어지는 관광 동선도 형성돼 지역경제 활성화에도 기여하고 있다. 구는 시장...","Tue, 07 Jul 2026 09:41:00 +0900",2026-07-07 09:41:00
부산대역에 전국 첫 '지역 상생형 마트' 개점…유휴공간 새 활용,https://www.mhns.co.kr/news/articleView.html?idxno=752566,https://www.mhns.co.kr/news/articleView.html?idxno=752566,"마트와 함께 66㎡ 규모의 카페형 공공쉼터도 마련됐다. 쉼터 운영은 금정구지역자활센터가 맡으며, 자활사업 참여 주민들이 근무한다. 마트는 지역주민을 우선 채용해 운영한다. 부산대 인근 상권에서도 식자재 등을...","Tue, 07 Jul 2026 09:38:00 +0900",2026-07-07 09:38:00
당진청소년카페 수다벅스 2호점 전자 미싱 프로그램 수작(手作)메이커 ...,http://www.chungnamilbo.co.kr/news/articleView.html?idxno=897452,http://www.chungnamilbo.co.kr/news/articleView.html?idxno=897452,"아이 미싱 유 프로그램 (사진제공=당진시)  (재)당진시청소년재단 당진청소년카페 수다벅스 2호점에서는... 한편, 당진청소년카페 수다벅스 2호점 에서는 메이커스페이스실을 활용한 수작 메이커 프로그램 외에도...","Tue, 07 Jul 2026 09:36:00 +0900",2026-07-07 09:36:00
'냉방비에 활짝 열던 출입문 닫았다'... '개문냉방' 줄어든 여름 상권,http://www.chungnamilbo.co.kr/news/articleView.html?idxno=897118,http://www.chungnamilbo.co.kr/news/articleView.html?idxno=897118,"세종에서 카페를 운영하는 한 소상공인은 ""요금이 동결됐다고 해도 에어컨을 오래 틀면 고지서는 확... 음식점과 카페는 고객 체류시간, 의류·화장품 매장은 쇼핑 쾌적성, 미용업은 작업 환경과 직결된다. 문을 닫고...","Tue, 07 Jul 2026 09:36:00 +0900",2026-07-07 09:36:00
"‘어촌 뉴딜’ 5,700억 들였지만…건물마다 ‘텅텅’",https://news.kbs.co.kr/news/pc/view/view.do?ncd=8603929&ref=A,https://n.news.naver.com/mnews/article/056/0012213034?sid=101,"보다 못한 주민들이 카페로 활용하려 했지만, 이마저도 무산됐습니다. [마을 주민/음성변조 : ""원래는 (카페를) 할 수 있게 한다고 했는데 나중에 알고 봤더니 그게 아니었어요. 판매 행위는 안 되게끔 돼 있었다고...","Tue, 07 Jul 2026 09:35:00 +0900",2026-07-07 09:35:00
"광양시, ‘섬진강 별빛 스카이’ 운영 정상화… 관광 활력 기대",https://hbnpress.com/news/view/1065567955731651,https://hbnpress.com/news/view/1065567955731651,"인근 ▲배알도별빛야영장 ▲섬진강요트체험장 ▲배알도 섬 정원 ▲지역 음식점·카페 등 주변 관광자원과 연계한 체험 프로그램을 확대하고, 마케팅을 강화해 섬진강권 관광 활성화를 추진할 방침이라고 광양시는...","Tue, 07 Jul 2026 09:34:00 +0900",2026-07-07 09:34:00
"누가 최민식을 농락할 수 있을까, '맨 끝줄 소년' 최현욱 [RE:인터뷰③]",https://www.tvreport.co.kr/interview/article/1059399/,https://m.entertain.naver.com/article/213/0001393413,최현욱은 지난 2일 서울 종로구의 한 카페에서 기자들과 만나 지난달 26일 공개된 넷플릭스 시리즈 '맨 끝줄 소년'에 관한 이야기를 나눴다. '맨 끝줄 소년'은 실패한 작가이자 국문학과 교수 허문오(최민식)가 강의실 맨...,"Tue, 07 Jul 2026 09:33:00 +0900",2026-07-07 09:33:00
"해외로 나가는 'K저가커피'… 빽다방, 새 로고 앞세워 일본 진출",https://www.hankyung.com/article/202607079397g,https://n.news.naver.com/mnews/article/015/0005307003?sid=101,"일본은 출근길이나 점심시간에 편의점 및 중저가 카페를 이용하는 일상적인 커피 문화가 견고하며, 미국은 한국 음식과 문화 확산으로 한국 브랜드에 대한 호감도가 높아 초기 교민 및 한국 문화 소비층을 중심으로...","Tue, 07 Jul 2026 09:31:00 +0900",2026-07-07 09:31:00
"세라젬, 초록우산 후원 20주년 감사패 수상",https://www.newstopkorea.com/news/articleView.html?idxno=46066,https://www.newstopkorea.com/news/articleView.html?idxno=46066,웰카페와 웰라운지 등 체험 매장에서 발생한 수익 일부를 정기적으로 후원하고 있다. 해당 후원금은 보호대상아동의 안정적인 자립을 지원하는 데 활용되고 있다. 세라젬은 고객 체험 공간과 사회공헌 활동을 연계한...,"Tue, 07 Jul 2026 09:30:00 +0900",2026-07-07 09:30:00
"현대엘리베이터, 동아시아 아동 돕는 '블록 필통 만들기' 임직원 봉사 진...",https://www.businessplus.kr/news/articleView.html?idxno=113804,https://www.businessplus.kr/news/articleView.html?idxno=113804,"아울러 사내 물품 기증 캠페인인 '현대:Re(cycling)', 굿윌스토어 봉사, 장애인 바리스타가 일하는 '엘리스카페' 운영 지원 등 임직원 참여 중심의 나눔 활동 폭을 넓히고 있다. 회사는 향후 교육과 의료, 복지, 지역사회 상생...","Tue, 07 Jul 2026 09:30:00 +0900",2026-07-07 09:30:00
'걸그룹 멤버 사상 검증’ 지적받는 김현지 PD가 비판 쏟아지자 보인 반...,https://www.wikitree.co.kr/articles/1145105,https://www.wikitree.co.kr/articles/1145105,"""귀엽노""라고 적은 2004년 블로그 글, ""쫌 무섭노""라고 쓴 2007년 카페 글 등이다. 모두 김 PD 주장에 대한 반박성 게시물이다. 김 PD가 연출한 프로그램에서도 시골 사투리를 '-노' 자막으로 그대로 처리한 사례가 발견되면서...","Tue, 07 Jul 2026 09:30:00 +0900",2026-07-07 09:30:00
"이 대통령, 나토서 방산외교 시동…'제2의 한국' 몽골 국빈방문도",https://www.ntoday.co.kr/news/articleView.html?idxno=128035,https://www.ntoday.co.kr/news/articleView.html?idxno=128035,"CU·GS25 등 한국 편의점이 수백 개 수준으로 늘어나고 대형마트와 카페, 베이커리, 패스트푸드, 키즈카페 등 K-프랜차이즈가 연이어 들어서면서 ""여기가 한국이냐 몽골이냐""는 말이 나올 정도로 거리 풍경이 한국과...","Tue, 07 Jul 2026 09:30:00 +0900",2026-07-07 09:30:00
"‘김부장’ 작가도, ‘거제소녀’도 당했다… 좌파의 놀이 된 일베몰이...",https://www.munhwa.com/article/11600771?ref=naver,https://n.news.naver.com/mnews/article/021/0002802839?sid=100,최근 한 지상파 방송의 인기 드라마 ‘김부장’의 웹툰 원작자가 ‘일베 논란’에 휩싸였다. 과거의 작품들에서 노무현과 문재인 등 진보좌파 출신 대통령들을 조롱하고 혐오하는 표현이 발견됐다는 주장이...,"Tue, 07 Jul 2026 09:29:00 +0900",2026-07-07 09:29:00
"[동포의 창] ""K-베이커리 전문가 키운다""…고려인 직업훈련 입교식",https://www.yna.co.kr/view/AKR20260707045500371?input=1195m,https://n.news.naver.com/mnews/article/001/0016179326?sid=100,"강의는 국제기능올림픽 한국 국가대표 출신이자 아시아외식산업회 대표인 동서울대 카페베이커리 전공 교수가 맡는다. 재단은 제주와 김해, 영천 등 지방에서 참가한 교육생들이 교육에 전념할 수 있도록 교육비와...","Tue, 07 Jul 2026 09:29:00 +0900",2026-07-07 09:29:00
"카페24 매치메이킹, 메가 IP 협업에 거래액 확대",https://www.edaily.co.kr/news/newspath.asp?newsid=03155366645512224,https://n.news.naver.com/mnews/article/018/0006324374?sid=105,카페24(042000)의 콘텐츠 커머스 서비스 ‘매치메이킹’이 메가 콘텐츠 지식재산권(IP) 협업 확대에 힘입어 거래 성과를 키우고 있다. 글로벌 전자상거래 플랫폼 카페24는 브랜드와 크리에이터를 연결하는 콘텐츠 커머스...,"Tue, 07 Jul 2026 09:27:00 +0900",2026-07-07 09:27:00
'쉽게 녹지 않는' 변우석 이어 야구팬 탄 'SK매직 메가아이스',https://www.news1.kr/industry/sb-founded/6219767,https://n.news.naver.com/mnews/article/421/0009044249?sid=101,SK매직이 인기 야구 유튜브 콘텐츠와 얼죽아·홈카페 트렌드를 결합해 'MEGA ICE 얼음정수기' 브랜드 경험을... 홈카페와 하이볼·위스키를 즐기는 홈술 문화 확산에 얼음이 교체 수요를 자극하는 핵심 기능으로 자리를...,"Tue, 07 Jul 2026 09:27:00 +0900",2026-07-07 09:27:00
"노원구, 경춘철교 위 카페 '경춘마루' 15일 정식 개장",https://view.asiae.co.kr/article/2026070709262209211,https://n.news.naver.com/mnews/article/277/0005786403?sid=102,수변거점카페 '노원경춘마루'를 조성해 이달 15일부터 정식 운영한다고 7일 밝혔다. 노원경춘마루는 경춘선숲길과 중랑천 수변을 함께 즐길 수 있는 전망카페다. 경춘선숲길 연장 구간과 연계돼 숲길과 물길을 잇는 휴식...,"Tue, 07 Jul 2026 09:26:00 +0900",2026-07-07 09:26:00
[패트롤] 구리시-남양주시-시흥시-양평군-하남시,https://www.ekn.kr/web/view.php?key=20260707027519921,https://www.ekn.kr/web/view.php?key=20260707027519921,키즈카페 '맘대로A+놀이터' 문이 열리자마자 아이들의 자지러지는 웃음소리와 활기찬 함성이 공간 전체로 번졌다. 하남시는 이날 아이들이 원하는 놀이를 주도적으로 선택해 자유롭게 즐길 수 있는 공공형 키즈카페인...,"Tue, 07 Jul 2026 09:24:00 +0900",2026-07-07 09:24:00
"송미령 농림장관, 신안 안좌 스마트팜쏠라시티 방문",http://www.hansbiz.co.kr/news/articleView.html?idxno=848672,http://www.hansbiz.co.kr/news/articleView.html?idxno=848672,간담회 이후 송 장관은 기본소득 사용처인 퍼플섬 행복한 카페를 방문했다. 주민들은 기본소득이 동네 사랑방 역할을 하고 있으며 귀촌 주민의 정착에도 도움을 준다고 밝혔다. 김태성 신안군수는 지역경제 활성화...,"Tue, 07 Jul 2026 09:24:00 +0900",2026-07-07 09:24:00
종묘·일월오봉도·책가도… 한국의 美 품은 ‘아쿠아 갤러리: 물빛정원...,https://www.kmib.co.kr/article/view.asp?arcid=0030073966&code=61172311&cp=nv,https://n.news.naver.com/mnews/article/005/0001859387?sid=103,입과 눈이 모두 즐거운 이색 디저트도 준비했다. 지하 2층 메인수조 앞 ‘카페 디오션’에서는 이번 오픈을 기념해 블루 소다에 귀여운 금붕어 모양 우유 얼음을 띄운 시그니처 음료 ‘금붕어 큐브 소다’를 선보인다.,"Tue, 07 Jul 2026 09:24:00 +0900",2026-07-07 09:24:00
"현대엘리베이터, 태양광 랜턴에 이어 블록필통 기부…임직원 참여형 ES...",http://www.newsdream.kr/news/articleView.html?idxno=114102,http://www.newsdream.kr/news/articleView.html?idxno=114102,"전력 부족 국가 대상 태양광 랜턴 제작·전달을 비롯해 백혈병·소아암 환아를 위한 후원금 및 헌혈증서 기증, 사내 물품 기부 캠페인인 '현대:Re(cycling)', 굿윌스토어 봉사활동, 장애인 바리스타 카페 '엘리스카페' 운영...","Tue, 07 Jul 2026 09:22:00 +0900",2026-07-07 09:22:00
부산대역 유휴공간에 ‘세남마트’…전국 도시철도 첫 상생형 마트,https://www.sedaily.com/article/20064571?ref=naver,https://n.news.naver.com/mnews/article/011/0004638859?sid=102,단순 상업시설을 넘어 공공쉼터와 자활카페를 함께 갖춘 생활밀착형 공간으로 조성돼 지역경제 활성화와... 마트와 함께 역사 대합실과 연결된 66㎡ 규모의 공공 카페형 쉼터를 마련해 시민 누구나 자유롭게 이용할 수...,"Tue, 07 Jul 2026 09:22:00 +0900",2026-07-07 09:22:00
"보령시, 21일까지 머드축제 연계 고향사랑기부제 이벤트",https://www.news1.kr/local/daejeon-chungnam/6219749,https://n.news.naver.com/mnews/article/421/0009044206?sid=102,"보령사랑상품권은 지역 내 가맹점에서 사용할 수 있는 지역화폐로 축제장 주변 음식점과 카페, 전통시장 등 다양한 지역 상권에서 이용할 수 있다. 엄승용 시장은 ""보령머드축제를 찾는 많은 관광객이...","Tue, 07 Jul 2026 09:19:00 +0900",2026-07-07 09:19:00
미국달러 1500원 대>호주달러 1000원 대…여행의 답은 나왔다?,https://sports.khan.co.kr/article/202607070914003?pt=nv,https://n.news.naver.com/mnews/article/144/0001124740?sid=103,"세련된 항구 도시의 감성 카페와 맛집, 인생 사진을 남길 명소가 도시마다 흩어져 있고, 도시를 조금만... 카페와 와인 문화가 깊은 도시이고, 무엇보다 호주를 대표하는 해안 절경 드라이브 코스인 그레이트 오션로드가...","Tue, 07 Jul 2026 09:16:00 +0900",2026-07-07 09:16:00
내달 도쿄 문 여는 '빽다방' BI 개편…해외 확장 채비,https://www.shinailbo.co.kr/news/articleView.html?idxno=5038115,https://www.shinailbo.co.kr/news/articleView.html?idxno=5038115,더본코리아는 카페 브랜드 빽다방의 신규 BI(브랜드 아이덴티티)를 7일 공개했다. 이번 BI 개편은 기존 한글 중심 로고에서 영문 브랜드명 'Paik's DABANG'을 강조한 것이 골자다. 해외 소비자가 브랜드를 보다 쉽게 인식하고...,"Tue, 07 Jul 2026 09:16:00 +0900",2026-07-07 09:16:00
"'진태현 후임' 이동건, '이숙캠' 드디어 합류..촬영 현장 포착[스타이슈...",https://www.starnewskorea.com/star/2026/07/07/2026070709091091917,https://m.entertain.naver.com/article/108/0003450573,이후 이동건은 2025년 '제주 카페 사장'으로 거듭난 근황을 전해 화제를 모았다. 직접 커피를 내리고 손님을 맞이하며 제2의 인생을 활짝 열었다. 이러한 일상은 SBS '미운 우리 새끼'에서 전하며 시청자들의 이목을...,"Tue, 07 Jul 2026 09:15:00 +0900",2026-07-07 09:15:00
"경춘철교 위 기차타고 달리는 감성,노원 경춘마루 본격 운영",https://www.gukjenews.com/news/articleView.html?idxno=3628127,https://www.gukjenews.com/news/articleView.html?idxno=3628127,"수변거점카페 '노원경춘마루'를 조성하고 15일부터 정식 운영에 들어간다. 노원경춘마루는 경춘선숲길과 중랑천 수변을 동시에 즐길 수 있는 전망카페로, 경춘선숲길 연장 구간과 연계되어 새로운 휴식 공간으로...","Tue, 07 Jul 2026 09:14:00 +0900",2026-07-07 09:14:00
"폰 만들려면 주소, 주소 만들려면 폰…일본 진출의 벽",https://www.taxwatch.co.kr/article/tax/2026/07/02/0001/naver,https://www.taxwatch.co.kr/article/tax/2026/07/02/0001/naver,"택스워치 이희정 기자 hjlee@taxwatch.co.kr '극과 극' 한국·일본의 세무 현장(택스 스터디카페) 휴대폰을 만들러... 스터디카페'에 출연해 ""한국에서 사업하는 것보다 시간이 3배 정도는 더 걸린다고 생각해야 한다""며 ""일본은...","Tue, 07 Jul 2026 09:14:00 +0900",2026-07-07 09:14:00
"보령시, 머드축제 연계 고향사랑기부 이벤트 진행",https://www.gukjenews.com/news/articleView.html?idxno=3628147,https://www.gukjenews.com/news/articleView.html?idxno=3628147,"보령사랑상품권은 지역 내 가맹 음식점과 카페, 전통시장 등에서 사용할 수 있어 축제 방문객의 지역 소비를 촉진하는 효과도 기대된다. 엄승용 보령시장은 ""고향사랑기부제는 지방재정 확충을 넘어 지역을 직접 찾고...","Tue, 07 Jul 2026 09:14:00 +0900",2026-07-07 09:14:00
"전국 도시철도 첫 상생마트… 부산교통공사, 역사 혁신 나서",https://view.asiae.co.kr/article/2026070708541940871,https://n.news.naver.com/mnews/article/277/0005786380?sid=102,역사 대합실과 바로 연결되는 약 66㎡ 규모의 공공카페형 쉼터는 시민 누구나 자유롭게 이용할 수 있도록 개방된다. 쉼터 운영은 금정구 지역자활센터가 맡아 자활사업 참여 주민들을 카페 직원으로 채용할 예정이다. 공간...,"Tue, 07 Jul 2026 09:13:00 +0900",2026-07-07 09:13:00
개통 전이든 후든 올랐다…GTX 역세권 ‘불패’,https://www.mediapen.com/news/view/1108585,https://www.mediapen.com/news/view/1108585,"게스트룸과 작은도서관, 독서실, 스터디룸, 주민카페 등 입주민 편의시설도 마련될 예정이다. GTX-B 연계권에서도 분양이 이어진다. 롯데건설은 이달 경기 부천시 원미구에서 총 1859가구 규모의 ‘상동역...","Tue, 07 Jul 2026 09:12:00 +0900",2026-07-07 09:12:00
"현대엘리베이터, 임직원 참여 '블록필통 만들기' 봉사…2,600여 학용품 동...",https://www.gukjenews.com/news/articleView.html?idxno=3628230,https://www.gukjenews.com/news/articleView.html?idxno=3628230,"굿윌스토어 봉사활동, 장애인 바리스타 카페 '엘리스카페' 운영 지원 등 다양한 임직원 참여형 나눔 활동을 이어가고 있다. 회사는 앞으로도 교육, 의료, 복지, 지역사회 상생 분야에서 사회공헌 활동을 지속할 방침이다.","Tue, 07 Jul 2026 09:12:00 +0900",2026-07-07 09:12:00
"용마산 스카이워크, 누적 이용객 100만 명 돌파",https://www.gukjenews.com/news/articleView.html?idxno=3628112,https://www.gukjenews.com/news/articleView.html?idxno=3628112,"망우역사문화공원에서는 문화예술인 특별전 등 전시와 카페도 즐길 수 있다. 또 사가정시장, 면목시장, 사가정51길 골목형상점가 등 인근 전통시장과 자연스럽게 연결돼 지역 상권에도 활력을 더하고 있다. 류경기...","Tue, 07 Jul 2026 09:12:00 +0900",2026-07-07 09:12:00
"소노인터내셔널, 장마·폭염에도 걱정 없는 '실내 바캉스'…전국 리조트...",https://www.megaeconomy.co.kr/news/newsview.php?ncode=1065571556707282,https://www.megaeconomy.co.kr/news/newsview.php?ncode=1065571556707282,베이커리 카페 더 엠브로시아 등을 연결해 실내에서 편리하게 휴식을 즐길 수 있도록 했다. 이 밖에도... 소노캄 경주는 400여 권의 도서를 갖춘 프리미엄 북카페 '서재'를 운영하며 무료 도서 대여 서비스를 제공한다....,"Tue, 07 Jul 2026 09:08:00 +0900",2026-07-07 09:08:00
"보령시, 머드축제 앞두고 최대 16만 원대 혜택 고향사랑기부 이벤트…",http://www.breaknews.com/1219682,http://www.breaknews.com/1219682,"보령사랑상품권은 지역 내 음식점, 카페, 전통시장 등 다양한 가맹점에서 사용 가능한 지역화폐다. 시는 해당 상품권이 축제 방문객의 지역 내 소비를 촉진하고...","Tue, 07 Jul 2026 09:08:00 +0900",2026-07-07 09:08:00
"본태박물관, '본태아카데미' 제11기 가을학기 회원 모집",https://www.jejudomin.co.kr/news/articleView.html?idxno=320447,https://www.jejudomin.co.kr/news/articleView.html?idxno=320447,"회원에게는 본태박물관 무료 관람(동반 4인 50% 할인), 각종 VIP 행사 초청, 지인 초청 무료 강연(2회), 카페 본태 20% 할인 등 다양한 특전이 제공된다. 본태아카데미는 매 학기 소아암 어린이 돕기 자선바자회 및...","Tue, 07 Jul 2026 09:06:00 +0900",2026-07-07 09:06:00
"윈세이글로벌, 2026년형 에너지효율 1등급 가정용·업소용 제습기 출시",https://www.itbiznews.com/news/articleView.html?idxno=218363,https://www.itbiznews.com/news/articleView.html?idxno=218363,"회사 측은 ""가정은 물론 사무실과 카페, 창고, 업소 등 다양한 공간에서 활용할 수 있는 제품을 통해 사계절 쾌적한 실내환경 조성에 도움을 줄 수 있도록 제품군을 확대하고 있다""며 ""앞으로도 고객 지원 서비스를...","Tue, 07 Jul 2026 09:06:00 +0900",2026-07-07 09:06:00
부모와 만드는 AI 캐릭터 놀이터,https://www.ccdailynews.com/news/articleView.html?idxno=2426421,https://www.ccdailynews.com/news/articleView.html?idxno=2426421,북카페에서 열린다. 부모와 자녀가 함께 생성형 AI를 다루며 상상력을 결과물로 옮기는 가족형... 오는 6월 28일~8월 20일까지 가양1동 북카페에서 초등학교 2~5학년 자녀를 둔 가족 6팀이 참여한다. 참가자들은 생성형 AI로...,"Tue, 07 Jul 2026 09:06:00 +0900",2026-07-07 09:06:00
"카페24 '매치메이킹', 메가 IP 협업으로 평균 거래액 2배↑",https://www.etnews.com/20260707000045,https://n.news.naver.com/mnews/article/030/0003445060?sid=101,카페24는 브랜드와 크리에이터를 잇는 콘텐츠 커머스 서비스 '매치메이킹'의 올 상반기 협업 건당 평균 거래액이 지난해 동기보다 2배 증가했다고 7일 밝혔다. 카페24는 성장 배경으로 메가 콘텐츠 지적재산권(IP)과...,"Tue, 07 Jul 2026 09:06:00 +0900",2026-07-07 09:06:00
"""운영사 재정 부담 컸다""…광양 망덕포구 체험시설, 위탁료 조정으로 정...",https://www.gukjenews.com/news/articleView.html?idxno=3628089,https://www.gukjenews.com/news/articleView.html?idxno=3628089,"또한 배알도별빛야영장, 섬진강요트체험장, 배알도 섬 정원, 지역 음식점·카페 등 주변 관광자원과 연계한 체험 프로그램 확대와 홍보·마케팅 강화로 섬진강권 관광 활성화를 추진할 방침이다.","Tue, 07 Jul 2026 09:06:00 +0900",2026-07-07 09:06:00
장마에도 놀거리 '풍성'…여름에 '비발디파크' 가는 이유,https://www.edaily.co.kr/news/newspath.asp?newsid=02994646645512224,https://n.news.naver.com/mnews/article/018/0006324333?sid=101,"소노캄 경주에서 운영하는 프리미엄 북카페 ‘서재’. (사진=소노인터내셔널) 여름철 성수기를 맞아 국내... 베이커리 카페 ‘더 엠브로시아’ 등이 연결돼 있다. 또한 쏠비치 삼척·양양, 소노벨 천안·단양·변산, 소노캄...","Tue, 07 Jul 2026 09:05:00 +0900",2026-07-07 09:05:00
"현대엘리베이터 임직원, 직접 만든 '희망 필통'으로 해외아동 응원",https://www.koreaittimes.com/news/articleView.html?idxno=154990,https://www.koreaittimes.com/news/articleView.html?idxno=154990,"또한 사내 물품 재활용 캠페인 '현대:Re(cycling)', 굿윌스토어 봉사활동, 장애인 바리스타 카페 '엘리스카페' 운영 지원 등 다양한 방식으로 사회적 가치 창출에도 힘쓰고 있다. By 이준성 (코리아아이티타임즈...","Tue, 07 Jul 2026 09:04:00 +0900",2026-07-07 09:04:00
"[기고] AI 시대, 교육의 출발점도 달라져야 한다",https://www.jejusori.net/news/articleView.html?idxno=504527,https://www.jejusori.net/news/articleView.html?idxno=504527,"카페 사장님에게는 시즌 음료 홍보와 감성 SNS 문구가 필요하다. 미용실이라면 시술 설명과 예약 안내가 우선이다. 같은 AI인데, 필요한 활용은 이렇게나 다르다. 지금까지의 AI 교육은 기성복이었다. 하나를 만들어...","Tue, 07 Jul 2026 09:02:00 +0900",2026-07-07 09:02:00
"의정부 신곡동 'e편한세상 신곡 시그니처뷰 단지내 상가', 분양 예정",https://www.etnews.com/20260706000253,https://n.news.naver.com/mnews/article/030/0003445052?sid=101,"이에 따라 1단지 학교 인접 상가는 초·중등 학원과 학생 대상 시설, 카페, 편의점 등 교육 및 생활편의 업종... 2단지 대로변 상가는 1층에 약국, 편의점, 카페 등 생활편의시설을, 2층에는 한의원, 치과, 정형외과, 내과...","Tue, 07 Jul 2026 09:01:00 +0900",2026-07-07 09:01:00
[사이언스카페] 비둘기는 움직이는 눈으로 난다…드론의 자율 비행에 도...,https://biz.chosun.com/science-chosun/science/2026/07/07/MQFQVLLOBFD4LEZNAC3LSQZIKA/?utm_source=naver&utm_medium=original&utm_campaign=biz,https://n.news.naver.com/mnews/article/366/0001177194?sid=105,"비행 중 바깥쪽으로 눈동자 돌려 주변 파악 착지 때는 눈을 앞으로 이동, 안전성 높여 위성 신호 약한 곳 드론의 비행에 도움 고대 사회의 통신 수단이었던 비둘기가 위성 신호를 잃은 드론에 길잡이가 될 수 있다는 연구...","Tue, 07 Jul 2026 09:01:00 +0900",2026-07-07 09:01:00
"17㎏뺀 나도, 찐 나도 있는 그대로 사랑해…영화 ‘하나 코리아’ 김민...",https://sports.khan.co.kr/article/202607070900016?pt=nv,https://m.entertain.naver.com/article/144/0001124735,김민하는 3일 서울 종로구 삼청동의 한 카페에서 스포츠경향을 만나 영화 ‘하나 코리아’ 촬영기를 들려줬다. ■차기작 위한 17kg 감량…“있는 그대로의 나 사랑해” 최근 언론시사회와 SNS 등을 통해 몰라보게 달라진...,"Tue, 07 Jul 2026 09:00:00 +0900",2026-07-07 09:00:00
"""아동 자립·건강 돕는다"" 세라젬, 초록우산 후원 20주년 감사패 수령",https://www.asiaa.co.kr/news/articleView.html?idxno=254427,https://www.asiaa.co.kr/news/articleView.html?idxno=254427,"아울러 세라젬은 2024년부터 초록우산 '나눔기업 캠페인'에 동참, 웰카페와 웰라운지 등 자사 체험 매장에서 발생한 수익 일부를 정기적으로 기부하며 보호대상아동 자립을 돕고 있다. 세라젬 관계자는 ""지난 20년 동안...","Tue, 07 Jul 2026 09:00:00 +0900",2026-07-07 09:00:00
"파주 ‘제일풍경채 운정A45BL’ 단지 내 상가, 7월 입찰 예정",https://www.dt.co.kr/article/12071370?ref=naver,https://n.news.naver.com/mnews/article/029/0003035638?sid=101,"근린생활시설 1동(101~104호, 전용면적 36㎡)은 무인편의점, 카페, 세탁소, 부동산, 아이스크림 판매점, 반찬전문점 등을, 2동(105~106호, 전용면적 49㎡)은 무인편의점, 미용실, 세탁소, 펫케어, 분식, 정육·청과 등을 권장...","Tue, 07 Jul 2026 09:00:00 +0900",2026-07-07 09:00:00
"빅크, 여름 맞아 친구 초대 보상 확대 이벤트 진행",https://www.stardailynews.co.kr/news/articleView.html?idxno=541647,https://www.stardailynews.co.kr/news/articleView.html?idxno=541647,"이용자는 해당 서비스를 통해 컴백 및 생일 축하 투표, 아티스트 서포트 펀딩, 게임형 콘텐츠 등에 참여할 수 있으며, 전광판 광고나 생일 카페 등 팬 응원 프로젝트에도 활용할 수 있다. 빅크는 공연·아티스트 IP의...","Tue, 07 Jul 2026 09:00:00 +0900",2026-07-07 09:00:00
"제주 밤여행, 오후 6시를 넘었다",https://www.newscj.com/news/articleView.html?idxno=3415026,https://www.newscj.com/news/articleView.html?idxno=3415026,"낮에는 바다와 오름, 카페와 관광지를 분주히 오가지만 오후 6시가 지나면 갈 곳이 급격히 줄어든다. 산책을... 카페인 부담이 적거나 없는 차도 준비돼 있어 늦은 저녁에도 비교적 편하게 즐길 수 있다. 2026년...","Tue, 07 Jul 2026 09:00:00 +0900",2026-07-07 09:00:00
미싱으로 만든 나만의 파우치..수다벅스 2호점 '아이 미싱 유' 성료,https://www.idjnews.kr/news/articleView.html?idxno=301491,https://www.idjnews.kr/news/articleView.html?idxno=301491,"당진청소년카페 수다벅스 2호점은 지난 6월 13일부터 7월 4일까지 매주 토요일 14~18세 청소년을 대상으로... 참여 및 문의는 당진청소년카페 수다벅스 2호점(041-352-1783)으로 하면 된다. 당진,당진신문,시대,","Tue, 07 Jul 2026 09:00:00 +0900",2026-07-07 09:00:00
부산대역 '빈 점포' 마트로 변신시킨 부산교통공사,http://www.hansbiz.co.kr/news/articleView.html?idxno=848602,http://www.hansbiz.co.kr/news/articleView.html?idxno=848602,"대합실과 맞닿은 66㎡ 규모 카페형 쉼터는 시민 누구나 쉬어갈 수 있다. 운영은 금정구지역자활센터가 맡고, 자활사업 참여 주민을 카페 직원으로 채용한다. 마트 역시 지역주민을 우선 채용해 일자리를 마련한다....","Tue, 07 Jul 2026 08:58:00 +0900",2026-07-07 08:58:00
"초등학교 가까운 학세권, 청약률 고공행진",http://www.ikld.kr/news/articleView.html?idxno=337156,http://www.ikld.kr/news/articleView.html?idxno=337156,"어린이집과 작은도서관이 들어서며, 키즈카페에는 XR 기술을 활용한 실내 놀이 콘텐츠룸이 조성될 예정이다. 디지털 놀이·학습 콘텐츠를 제공하는 스마트플레이존과 교보문고 전자도서관 등도 적용할 계획이다....","Tue, 07 Jul 2026 08:56:00 +0900",2026-07-07 08:56:00
GTX 개통 지역 집값 상승세… GTX 정차역 인근 아파트 신고가 릴레이,http://www.ikld.kr/news/articleView.html?idxno=337155,http://www.ikld.kr/news/articleView.html?idxno=337155,"여기에 피트니스와 GX룸, 필라테스, 골프연습장, 스크린골프룸, 탁구장 등 다양한 체육시설이 들어서며 게스트룸, 샤워실, 냉/온탕, 작은도서관, 독서실, 스터디룸, 주민카페 등을 조성해 입주민들의 주거 편의를...","Tue, 07 Jul 2026 08:56:00 +0900",2026-07-07 08:56:00
"""시장 바뀌면 도시 통째로 바꿔야한다?…권력이 흔드는 서울 살폈죠""",https://www.kyosu.net/news/articleView.html?idxno=207160,https://www.kyosu.net/news/articleView.html?idxno=207160,"지난달 8일 서울 중구 중림동의 한 카페에서 만난 박경선 서울대 국토문제연구소 연구원은 ""학부에서 건축을... 내가 자주 가는 골목, 나만의 작은 카페에서부터 애정을 쌓아가다 보면, 관이 촘촘하게 통제하고 관리하는...","Tue, 07 Jul 2026 08:56:00 +0900",2026-07-07 08:56:00
"‘전과 6회’ 임성근 셰프, 본업 통했다…가오픈 첫날 조기마감",https://www.mk.co.kr/article/12091957,https://m.entertain.naver.com/article/009/0005703669,"1층 짜글이 전문점, 2층 갈비 식당, 3층 카페로 운영한다. 임 셰프는 지난 5일 식당 개업 소식을 전하며 “오랫동안 저희의 개업을 기다려주시고 응원해 주신 모든 분들께 진심으로 감사드린다. 기다려주신 시간만큼 더...","Tue, 07 Jul 2026 08:56:00 +0900",2026-07-07 08:56:00
"임성근 셰프, 방송 활동 중단 후 식당 개업 근황…첫날 조기마감[셀럽이...",http://www.celuvmedia.com/article.php?aid=1783381654523530006,http://www.celuvmedia.com/article.php?aid=1783381654523530006,"해당 식당은 1층에서 짜글이, 2층에서 박포갈비를 판매하며 3층은 카페로 운영되는 대형 매장이다. 가오픈 첫날인 지난 6일, 식당 앞은 이른 아침부터 방문객들의 대기 행렬이 이어지며 인산인해를 이뤘다. 온라인...","Tue, 07 Jul 2026 08:56:00 +0900",2026-07-07 08:56:00
"보령시, 머드축제 연계 고향사랑기부 이벤트… 최대 16만2천원 혜택",https://cc.newdaily.co.kr/site/data/html/2026/07/07/2026070700026.html,https://cc.newdaily.co.kr/site/data/html/2026/07/07/2026070700026.html,"보령사랑상품권은 축제장 인근 음식점과 카페, 전통시장 등 지역 가맹점에서 사용할 수 있어 관광객 소비를 지역 상권으로 연결하는 효과가 기대된다. 엄승용 시장은 ""고향사랑기부제가 지역을 응원하고 직접 방문과...","Tue, 07 Jul 2026 08:54:00 +0900",2026-07-07 08:54:00
"[기자수첩]'최대 핫플' 성수동, 젠트리피케이션 저주 피하려면",https://www.businessplus.kr/news/articleView.html?idxno=113759,https://www.businessplus.kr/news/articleView.html?idxno=113759,"성수동 카페거리 광역 상권의 하루평균 유동인구가 약 10만명에 육박하고, 올 들어 매달 성수동에서 70~100개의 팝업이 열린다는 통계가 있을 정도로 성수동은 2026년 한국을 대표하는 '핫플'로 자리매김했다. 성수동은 다양한...","Tue, 07 Jul 2026 08:52:00 +0900",2026-07-07 08:52:00
"소노호텔앤리조트, 장마·폭염 걱정 NO '체류형 호캉스' 제안",https://www.slist.kr/news/articleView.html?idxno=750034,https://www.slist.kr/news/articleView.html?idxno=750034,"베이커리 카페 '더 엠브로시아' 등 단지 내 식음 공간까지 모두 연결돼 있다. 쏠비치 삼척·양양, 소노벨 천안... 먼저 소노캄 경주는 투숙객을 위한 프리미엄 북카페 '서재'를 운영하고 있다. '생각이 머물고, 마음이...","Tue, 07 Jul 2026 08:50:00 +0900",2026-07-07 08:50:00
"웰니스부터 실내 레저까지…소노호텔앤리조트, ‘여름 휴가족’ 정조준",https://www.sportsseoul.com/news/read/1620953?ref=naver,https://n.news.naver.com/mnews/article/468/0001252152?sid=103,"워터파크 ‘오션플레이’를 비롯해 뷔페 레스토랑 ‘셰프스키친’, 울산바위 뷰로 유명한 베이커리 카페... 또한, 프리미엄 북카페 ‘서재’를 통해 투숙객 대상 무료 도서 대여 서비스를 제공하며 ‘북캉스’의 묘미를...","Tue, 07 Jul 2026 08:46:00 +0900",2026-07-07 08:46:00
‘먹으러 떠나는 여행’…로컬 식재료 담은 여름 디저트 눈길,https://www.mk.co.kr/article/12091941,https://n.news.naver.com/mnews/article/009/0005703658?sid=103,‘전주 비빔빙수’는 라한호텔 전주 내 카페&라운지 ‘하녹당’에서 만날 수 있다. 투숙객이 아니더라도 누구나 이용 가능하며 투숙객은 할인 가격에 즐길 수 있다. ​목포 전통 간식 쑥꿀레로 만든 빙수 전주의 비빔빙수가...,"Tue, 07 Jul 2026 08:40:00 +0900",2026-07-07 08:40:00
민화 품은 아쿠아리움…롯데월드 '물빛정원' 공개,https://www.news1.kr/industry/hotel-tourism/6219660,https://n.news.naver.com/mnews/article/421/0009044063?sid=103,"상품 카트에서는 한국 전통 미학을 반영한 키링, 배지, 에코백 등을 선보인다. 아울러 지하 2층 '카페 디오션'에서는 개장을 기념해 블루 소다에 금붕어 모양의 우유 얼음을 띄운 시그니처 음료 '금붕어 큐브 소다'를 출시한다.","Tue, 07 Jul 2026 08:38:00 +0900",2026-07-07 08:38:00
"SK매직, MEGA ICE 얼음정수기 '야구에 산다' 등장…이색 마케팅 통했다",http://www.newsdream.kr/news/articleView.html?idxno=114084,http://www.newsdream.kr/news/articleView.html?idxno=114084,SK매직의 'MEGA ICE 얼음정수기'는 최근 급성장한 홈카페·홈술 트렌드를 정조준한 프리미엄 제품이다. 일반 얼음보다 두 배 이상 큰 약 25g의 대형 얼음인 '메가 아이스'를 단단하게 얼려내는 것이 가장 큰 특징이다....,"Tue, 07 Jul 2026 08:38:00 +0900",2026-07-07 08:38:00
롯데건설·SK에코플랜트 '롯데리조트 울산' 분양...교육·카페 브랜드와...,http://www.wsobi.com/news/articleView.html?idxno=314815,http://www.wsobi.com/news/articleView.html?idxno=314815,롯데건설은 '롯데리조트 울산' 분양을 시작했으며 SK에코플랜트는 교육ㆍ카페 브랜드와 협력한다.... 아이엔지스토리는 스터디카페 전문 브랜드 '작심'의 인테리어와 서비스를 커뮤니티 공간에 적용한다. 스페셜티...,"Tue, 07 Jul 2026 08:36:00 +0900",2026-07-07 08:36:00
"""정조가 키운 소, 왕이 된 갈비""…갈비·통닭·순대의 도시 수원, 미식으...",https://www.etoday.co.kr/news/view/2600894,https://www.etoday.co.kr/news/view/2600894,"행궁동에서 시작해 매장을 8곳으로 확장한 카페 브랜드, 신동 카페거리 일대에서 총 8곳을 운영하는 브랜드, 20여 년 전부터 수원 커피문화를 이끌며 수원화성 사대문을 모티브로 드립백 상품을 만든 브랜드 등을 곳곳에서...","Tue, 07 Jul 2026 08:32:00 +0900",2026-07-07 08:32:00
"윤형빈, 20억 손해 딛고 아이돌그룹 제작",https://www.newsis.com/view/NISX20260707_0003698239,https://m.entertain.naver.com/article/003/0014049839,"윤형빈은 지난 4월 SBS '동상이몽 시즌2-너는 내 운명'에 출연해 VR 카페, 밀키트 등 네 차례 사업에 실패하며 약 20억원의 손해를 입었다고 밝혔다. 윤형빈이 제작한 보이그룹 안타레스는 지난 2023년 4월 싱글 '화이트...","Tue, 07 Jul 2026 08:29:00 +0900",2026-07-07 08:29:00
"[인터뷰] 최현욱 “좋은 배우, 좋은 사람으로 나아가고 싶은 마음” 넷...",http://www.withinnews.co.kr/news/view.html?section=169&category=189&item=&no=39751,http://www.withinnews.co.kr/news/view.html?section=169&category=189&item=&no=39751,2일 오전 서울 종로구 한 카페에서 넷플릭스 시리즈 <맨 끝줄 소년>에서 이강 역을 맡은 배우 최현욱과 인터뷰가 진행됐다.넷플릭스 시리즈 <맨 끝줄 소년>은 실패한 작가이자 국문학과 교수인 ‘허문오’가 강의실 맨...,"Tue, 07 Jul 2026 08:28:00 +0900",2026-07-07 08:28:00
피디시선]'아버지의 술잔' 원도심의 기억이 되다,https://mpmbc.co.kr/NewsArticle/1526290,https://mpmbc.co.kr/NewsArticle/1526290,"시계탑 앞에서 만나, 서점에 들르고, 극장과 카페에서 시간을 보내던 거리. 하지만 지금은 예전의 활기를 찾기 쉽지 않습니다. ◀ INT ▶ 이태성 / 원도심 관광객 “옛날에는 그래도 사람들이 좀 많이 있었던 것 같은 데...","Tue, 07 Jul 2026 08:26:00 +0900",2026-07-07 08:26:00
'노원경춘마루' 15일 개장...기차여행 감성 품은 열차카페,https://www.jeonmae.co.kr/news/articleView.html?idxno=1272071,https://www.jeonmae.co.kr/news/articleView.html?idxno=1272071,"[노원구 제공] 노원구가 중랑천 경춘철교 상부에 수변거점카페 '노원경춘마루'를 조성, 오는 15일부터 정식 운영에 들어간다고 7일 밝혔다. '노원경춘마루'는 경춘선숲길과 중랑천 수변을 함께 즐길 수 있는 이색 전망카페...","Tue, 07 Jul 2026 08:24:00 +0900",2026-07-07 08:24:00
"시티오씨엘 9단지 오션파크뷰, 8월 분양…49층·1949가구 규모 공급",https://www.businessplus.kr/news/articleView.html?idxno=113795,https://www.businessplus.kr/news/articleView.html?idxno=113795,"스터디라운지와 키즈라운지, 프라이빗 독서실, 어린이집 등 교육시설과 함께 오브제 카페, 시니어라운지 등 휴식공간도 조성될 계획이다. 분양 관계자는 ""'시티오씨엘 9단지 오션파크뷰'는 시티오씨엘 내 최고층...","Tue, 07 Jul 2026 08:22:00 +0900",2026-07-07 08:22:00
"목줄 없는 개 달려들어 항의하자...카페사장 ""안 물어 개XX야!"" 폭언 [어...",http://www.fnnews.com/news/202607070754287566,https://n.news.naver.com/mnews/article/014/0005544555?sid=102,경기 파주시 한 카페사장이 목줄 없는 개를 묶으라고 항의하는 배달원에게 오히려 욕설을 하는 황당한 사건이 발생했다. 6일 JTBC '사건반장'에 따르면 40대 배달원 A씨는 지난 4일 파주 한 카페에서 배달음식을 픽업하던 중...,"Tue, 07 Jul 2026 08:22:00 +0900",2026-07-07 08:22:00
"[더벨]'일본 법인 시너지' 베인캐피탈, 공차에 올인하는 배경은",https://www.thebell.co.kr/free/content/ArticleView.asp?key=202607031238234520102520,https://www.thebell.co.kr/free/content/ArticleView.asp?key=202607031238234520102520,"저가 커피 공세로 성장성이 둔화된 한국과 달리, 일본에서는 타피오카 전문점을 넘어선 '티 카페'로 포지셔닝하며 폭발적인 외형 확장을 이뤄냈다. 작년 상각전영업이익(EBITDA) 기준 공차의 국가별 이익 비중은 일본이 40...","Tue, 07 Jul 2026 08:18:00 +0900",2026-07-07 08:18:00
[보령소식] 머드축제 맞아 고향사랑기부 이벤트 진행 외,https://daily.hankooki.com/news/articleView.html?idxno=1383322,https://daily.hankooki.com/news/articleView.html?idxno=1383322,"보령사랑상품권은 축제장 주변 음식점과 카페, 전통시장 등에서 사용할 수 있다. 시는 이번 이벤트가 축제 방문과 지역 소비를 연결할 것으로 기대하고 있다. 고향사랑기부제는 연간 최대 2000만 원까지 기부할 수...","Tue, 07 Jul 2026 08:16:00 +0900",2026-07-07 08:16:00
"어떤 드라마길래… 지진희 ""신인시절 2회까지 촬영 후 잘려""",https://www.mydaily.co.kr/page/view/2026070708084523687,https://m.entertain.naver.com/article/117/0004082105,"인근 카페에서 실랑이를 버리다 결국 술로 마무리하고 최종 하차 결정을 했다. 하차 사실을 차마 어머니에게 말하지 못해 결국 이후 2~3개월간 촬영장을 드나드는 척했다""고 털어놓았다. 이어 ""어머니가 주변에 전화해서...","Tue, 07 Jul 2026 08:09:00 +0900",2026-07-07 08:09:00
"호주 워홀, 만 35세까지 신청 가능...""인생전환 모먼트""",https://www.slist.kr/news/articleView.html?idxno=750014,https://www.slist.kr/news/articleView.html?idxno=750014,"세계적인 항구 도시 시드니에서는 오페라하우스와 하버브리지를 비롯해 아름다운 해변이 어우러진 여유로운 라이프스타일을 즐기고, 문화와 예술의 도시 멜버른에서는 개성 넘치는 골목과 카페, 다양한 공연과 전시를...","Tue, 07 Jul 2026 08:08:00 +0900",2026-07-07 08:08:00
태국 치앙마이와 방콕을 오가는 반전 매력,https://www.allurekorea.com/2026/07/07/%ed%83%9c%ea%b5%ad-%ec%b9%98%ec%95%99%eb%a7%88%ec%9d%b4%ec%99%80-%eb%b0%a9%ec%bd%95%ec%9d%84-%ec%98%a4%ea%b0%80%eb%8a%94-%eb%b0%98%ec%a0%84-%eb%a7%a4%eb%a0%a5/?utm_source=naver&utm_medium=partnership,https://www.allurekorea.com/2026/07/07/%ed%83%9c%ea%b5%ad-%ec%b9%98%ec%95%99%eb%a7%88%ec%9d%b4%ec%99%80-%eb%b0%a9%ec%bd%95%ec%9d%84-%ec%98%a4%ea%b0%80%eb%8a%94-%eb%b0%98%ec%a0%84-%eb%a7%a4%eb%a0%a5/?utm_source=naver&utm_medium=partnership,"강가에 늘어선 레스토랑과 카페, 리조트에서 느긋하고 휴양지적인 무드가 풍긴다. 강 유역 안쪽 골목에... 노점과 카페 사이로 바이크가 분주히 돌아다니는 태국의 로컬 무드를 잠시 잊게 된다. 더없이 우아하고...","Tue, 07 Jul 2026 08:02:00 +0900",2026-07-07 08:02:00
[주간 데이터동향] 여행 필수 코스 된 '로컬 빵집'...기업들도 '빵지순례...,https://www.banronbodo.com/news/articleView.html?idxno=32580,https://www.banronbodo.com/news/articleView.html?idxno=32580,"평소 빵을 구매하는 주요 채널로는 개인·로컬 카페 및 베이커리가 65.1%로 가장 높았고 프랜차이즈 카페·디저트 전문점 49.7%, 편의점 36.7% 순이었다. 특히 20대는 편의점, 배달 앱, 이커머스 등 다양한 채널에서 빵을...","Tue, 07 Jul 2026 08:00:00 +0900",2026-07-07 08:00:00
휴양지 3분 메이크업 솔루션 ② 도심,http://woman.chosun.com/news/articleView.html?idxno=126241,http://woman.chosun.com/news/articleView.html?idxno=126241,"CITY 사진이 잘 나오는 세련된 메이크업 유럽이나 일본, 뉴욕 같은 도심 여행에서는 카페, 미술관, 쇼핑 등 실내외를 오가는 경우가 많다. 메이크업은 지나치게 화려하기보다 깔끔한 인상을 만드는 것이 중요하다....","Tue, 07 Jul 2026 08:00:00 +0900",2026-07-07 08:00:00
‘옥자’ 후 9년…안서현의 지금[인터뷰],https://sports.khan.co.kr/article/202607070800003?pt=nv,https://m.entertain.naver.com/article/144/0001124713,"도서관과 카페에서 수만 가지 세상을 만난다는 그는 “누군가가 만들어 놓은 세상을 책으로 편하게 경험하며, 몰랐던 세상을 알게 될 때마다 단단해지는 기분”이라고 전했다. 요즘 그가 푹 빠져 있는 책은 산문집...","Tue, 07 Jul 2026 08:00:00 +0900",2026-07-07 08:00:00
‘힙(Hip)당동’ 된 신당동 떡볶이거리의 신들린 변신[함영훈의 멋·맛·...,https://biz.heraldcorp.com/article/10800112?ref=naver,https://n.news.naver.com/mnews/article/016/0002666567?sid=103,"1970년대를 풍미하던 다방DJ의 인기가 1980년대 카페문화의 등장으로 시들해지자, 맛있는 것 먹으면서 DJ의... 힙한 줄은 진작 알았지만 ‘힙당동’이라는 별칭 까지 얻은 신당동은 요즘 감성적 카페·소품숍, 독창적 디자인...","Tue, 07 Jul 2026 08:00:00 +0900",2026-07-07 08:00:00
[카드뉴스] 장마철 데이트 코스 짜다 싸우지 말고 '여기' 보세요,https://www.asiatoday.co.kr/kn/view.php?key=20260706001655491,https://www.asiatoday.co.kr/kn/view.php?key=20260706001655491,보드게임 카페시간 가는 줄 모르고 함께 즐길 수 있는 비 오는 날 대표 실내 데이트.다양한 게임을 통해 대화와 협동이 늘어나 커플 만족도가 높은 활동으로 꼽힌다.· 보드게임카페 레드버튼 : 서울 마포구 홍익로 19...,"Tue, 07 Jul 2026 08:00:00 +0900",2026-07-07 08:00:00
"태안군, '71번째 여름 바닷가로 초대합니다!'... 만리포해수욕장 개장해",http://www.queen.co.kr/news/articleView.html?idxno=459849,http://www.queen.co.kr/news/articleView.html?idxno=459849,또한 태안군은 어르신 치매예방을 위한 '경로당 스터디카페' 프로그램을 운영하고 있다. 충남 광역치매센터와 협력해 코스모스 경로당과 평천4리 경로당에서 9월 18일까지 총 12회 진행된다. 프로그램은 24절기를...,"Tue, 07 Jul 2026 08:00:00 +0900",2026-07-07 08:00:00
"경북자연과학고, 전국한우협회 상주시지부와 한우 나눔 전달식",https://daily.hankooki.com/news/articleView.html?idxno=1383308,https://daily.hankooki.com/news/articleView.html?idxno=1383308,"전국한우협회 상주시지부는 앞으로도 지역사회와 함께하는 사회공헌 활동을 이어가겠다고 밝혔으며, 경북자연과학고는 말산업과와 반려동물복지과, 반려동물미용과, 펫카페경영과 등을 운영하며 학생 중심 교육과...","Tue, 07 Jul 2026 08:00:00 +0900",2026-07-07 08:00:00
"증평군, 직장인 평생학습 프로그램 '퇴근길 캠퍼스' 운영",https://www.news1.kr/local/sejong-chungbuk/6219573,https://n.news.naver.com/mnews/article/421/0009044005?sid=102,오는 16일과 23일 오후 7시부터 군립도서관 1층 북카페에서 진행한다. 교육은 과정당 20명을 선착순 모집한다. 직장인은 물론 평생학습에 관심 있는 군민 누구나 신청할 수 있다. 신청은 증평군평생학습관 누리집 또는...,"Tue, 07 Jul 2026 07:57:00 +0900",2026-07-07 07:57:00
[ER인터뷰] 캐리어 끌며 파리 K뷰티샵 '헤딩'하던 남자의 신나는 왈츠 이...,https://www.econovill.com/news/articleView.html?idxno=744457,https://www.econovill.com/news/articleView.html?idxno=744457,"6일 서울 신사동 카페에서 만난 황인범 하이템포왈츠 대표의 눈은 반짝이면서도 신중하고, 또 묘하게 템포가... 해주는 카페인 세럼이 밀크티 미스트와 수직적으로 짝을 이루는 식이고, 바디 미스트는 바디 로션이나 바디...","Tue, 07 Jul 2026 07:52:00 +0900",2026-07-07 07:52:00
"국립낙동강생물자원관, 복합문화시설 ‘이음센터’ 개관",https://biz.heraldcorp.com/article/10800099?ref=naver,https://n.news.naver.com/mnews/article/016/0002666561?sid=004,"편의시설에는 식당과 카페, 편의점은 물론 영유아 놀이시설과 열린 계단형 쉼터인 ‘커뮤니티 스텝’을 마련해 영유아를 동반한 가족을 비롯한 방문객이 식사와 휴식, 여가를 편리하게 즐길 수 있도록 했다. 대관시설도...","Tue, 07 Jul 2026 07:52:00 +0900",2026-07-07 07:52:00
"SK에코플랜트, 주거서비스 모델 차별화…교육·카페 전문서비스 결합",https://www.etnews.com/20260707000008,https://n.news.naver.com/mnews/article/030/0003445017?sid=101,SK에코플랜트가 교육·카페 등 전문서비스를 결합한 주민공동시설을 도입해 주거서비스 모델을 차별화한다.... 아이엔지스토리는 스터디카페 전문 브랜드 '작심'의 프리미엄 인테리어와 서비스를 커뮤니티 공간에...,"Tue, 07 Jul 2026 07:39:00 +0900",2026-07-07 07:39:00
"""5대 생활수요 다 넘친다""…강남 단기임대 시장 불패의 비밀",https://realty.chosun.com/site/data/html_dir/2026/07/07/2026070700607.html,https://realty.chosun.com/site/data/html_dir/2026/07/07/2026070700607.html,"실제 네이버 블로그나 카페 등 실투숙객 후기에서도 ‘역세권’, ‘수서역 접근성’이 필수 키워드로 꼽힌다. 지방에서 오는 상경객들에게 수서역 접근성은 숙소를 고르는 절대적인 기준이다. 셋째는 의료 수요다....","Tue, 07 Jul 2026 07:32:00 +0900",2026-07-07 07:32:00
“너 내 동료가 되라!”…루피와 함께 걷는 ‘원피스 대해적시대’ 제주...,https://www.donga.com/news/Economy/article/all/20260706/134243976/2,https://n.news.naver.com/mnews/article/020/0003732041?sid=101,"특히 ‘엘바프 편’은 기존 목욕탕 구조를 활용해 휴식 공간으로 꾸며졌으며, 굿즈숍과 카페도 함께 운영된다. 이 밖에도 꽃향기가 퍼지는 ‘스카이피아’, 사방이 거울로 둘러싸인 ‘미러 월드’ 등 오감을 자극하는...","Tue, 07 Jul 2026 07:31:00 +0900",2026-07-07 07:31:00
"논란 딛고 식당 연 임성근 셰프, 가오픈 첫날부터 조기 마감 [왓IS]",https://isplus.com/article/view/isp202607070003,https://m.entertain.naver.com/article/241/0003518585,"1층에서는 짜글이, 2층에서는 박포갈비를 판매하며, 3층은 카페로 운영한다. 앞서 임 셰프는 자신의 SNS를 통해 개업 소식을 알리며 “오랫동안 저희의 개업을 기다려주시고 응원해 주신 모든 분께 진심으로 감사드린다....","Tue, 07 Jul 2026 07:21:00 +0900",2026-07-07 07:21:00
"이동건, 제주 카페 15개월 만에 휴업…“재정비 시간 갖는다”",https://www.mk.co.kr/article/12091906,https://m.entertain.naver.com/article/410/0001131460,배우 이동건이 제주에서 운영 중인 카페 운영과 관련해 새로운 공지를 전했다. 카페는 개업 15개월 만인 6일 공식 SNS를 통해 “7월 9일부로 재정비의 시간을 가지게 됐다”며 “그동안 오아시스80을 아껴주시고...,"Tue, 07 Jul 2026 07:13:00 +0900",2026-07-07 07:13:00
"기현 ""몬스타엑스와는 다른, 나만의 색깔 찾았다""[5분 인터뷰]",http://www.celuvmedia.com/article.php?aid=1783375200523371012,http://www.celuvmedia.com/article.php?aid=1783375200523371012,기현은 최근 서울 강남구 청담동 한 카페에서 셀럽미디어와 만나 미니 2집 'BORDERLINE(보더라인)' 발매 기념 인터뷰를 진행했다. 'BORDERLINE'은 지난 2022년 발표한 첫 솔로 싱글 'VOYAGER(보이저)'와 미니 1집 'YOUTH(유스)'를...,"Tue, 07 Jul 2026 07:02:00 +0900",2026-07-07 07:02:00
"레이나, 비키니로 드러낸 애프터스쿨 시절 미모 그대로",https://www.mediafine.co.kr/news/articleView.html?idxno=82827,https://www.mediafine.co.kr/news/articleView.html?idxno=82827,"특히 '까탈레나', '한여름밤의 꿀', '밥 영화 카페' 등 다양한 히트곡을 통해 보컬리스트로서의 역량을 인정받았으며, 그룹 활동 이후에도 솔로 가수와 방송 활동을 병행하며 꾸준히 팬들과 소통해왔다. 이번 근황 공개는...","Tue, 07 Jul 2026 07:02:00 +0900",2026-07-07 07:02:00
"[게임브리핑] 스마게 카제나, 시즌4 정보 공개 외",https://it.chosun.com/news/articleView.html?idxno=2023092165268,https://it.chosun.com/news/articleView.html?idxno=2023092165268,"라그나로크M: 클래식, 이용자 간담회 개최 그라비티가 7월 12일 서울 강남 알베르 카페에서 '라그나로크M: 크래식' 이용자 간담회 'Fun & Fan Day'를 개최한다. 행사에서는 개발진 질의응답과 퀴즈, 미니게임 등을 진행한다....","Tue, 07 Jul 2026 07:02:00 +0900",2026-07-07 07:02:00
[기자수첩] 대전의 다음 게임,https://www.daejonilbo.com/news/articleView.html?idxno=2286061,https://n.news.naver.com/mnews/article/656/0000180843?sid=110,"유니폼을 입은 관람객들은 경기장뿐 아니라 성심당과 인근 식당, 카페를 오가며 도시 곳곳에 활기를 더했다. DCC 인근 상인들은 ""한국팀 경기가 있는 날이면 매출이 확실히 늘어난다""고 입을 모았다. 대전시는 이번 대회를...","Tue, 07 Jul 2026 07:00:00 +0900",2026-07-07 07:00:00
"지진희, 배우 끼워팔기로 잘렸다…“그 드라마는 크게 성공” 씁쓸한 결...",https://www.sportsseoul.com/news/read/1620939?ref=naver,https://m.entertain.naver.com/article/468/0001252132,두 사람은 인근 카페에서 실랑이를 버리다 결국 술로 마무리하고 최종 하차 결정을 했다. 지진희는 하차 사실을 차마 어머니에게 말하지 못해 결국 이후 2~3개월간 촬영장을 드나드는 척했었다고 털어놓았다. 그는...,"Tue, 07 Jul 2026 06:52:00 +0900",2026-07-07 06:52:00
"중랑 용마산 스카이워크, 누적 이용객 100만명 돌파…도심 대표 걷기 명...",https://www.munhwa.com/article/11600701?ref=naver,https://n.news.naver.com/mnews/article/021/0002802771?sid=102,"망우역사문화공원에서는 문화예술인 특별전 등 다양한 전시와 카페를 함께 즐길 수 있어 역사와 문화, 자연을 한 번에 체험할 수 있다. 구는 수국이 만개하는 시기에는 더욱 많은 방문객이 찾을 것으로 기대하고 있다....","Tue, 07 Jul 2026 06:48:00 +0900",2026-07-07 06:48:00
[2026 매일시니어문학상] 대상작-수학 문제와 종아리가 붉은 여자애/ 김...,https://www.imaeil.com/page/view/2026062422501020721,https://n.news.naver.com/mnews/article/088/0001017826?sid=103,"이번 기회에 탈출하자 그럼요 엄마 그 애가 얼마나 빨강빨강한 애인데요 종아리도 가슴도 그러니 용돈 좀 올려주세요, 카페도 가야 하고 밥도 먹어야 하고 모텔비도 내야 하고 그런데 그 애 아빠가 날 보고 수학을 못 한다고...","Tue, 07 Jul 2026 06:33:00 +0900",2026-07-07 06:33:00
[2026 매일시니어문학상] 논픽션 수상작-전시를 안내하는 시간/ 이재용,https://www.imaeil.com/page/view/2026062423171114365,https://n.news.naver.com/mnews/article/088/0001017817?sid=103,"다른 미술관의 도슨트를 찾아다니며 배웠고, 카페에서 지인들을 상대로 연습도 했다. 그런데도 막상 그 순간이 오자 긴장감은 사라지지 않았다. 전시장 입구에는 이미 몇 명의 관람객이 기다리고 있었다. 오늘 어떤...","Tue, 07 Jul 2026 06:32:00 +0900",2026-07-07 06:32:00
최저임금 줄다리기 속 대학생 희망 시급은 1만1595원,https://www.edaily.co.kr/news/newspath.asp?newsid=02309126645512224,https://n.news.naver.com/mnews/article/018/0006324195?sid=102,"이어 카페·디저트(49.6%), 관공서(34.3%), 사무보조(27.0%) 등이 뒤를 이었다. 아르바이트를 선택할 때 가장 중요하게 고려하는 요소는 급여(36.1%)였으며, 근무지(25.2%), 업직종(11.3%), 업무 강도(8.7%), 복리후생(7.0%) 순으로...","Tue, 07 Jul 2026 06:32:00 +0900",2026-07-07 06:32:00
"""안 물어 개XX야!"" 목줄 없는 개 항의하자 폭언한 카페사장",https://news.jtbc.co.kr/article/NB12306915?influxDiv=NAVER,https://n.news.naver.com/mnews/article/437/0000499822?sid=102,카페에서 목줄 없는 개가 갑자기 달려들어 봉변을 당했다는 배달 기사의 제보가 6일 JTBC 〈사건반장〉을 통해 보도됐습니다. 배달 기사로 일하는 제보자에 따르면 사건은 지난 4일 경기도 파주의 한 카페에서 발생했습니다....,"Tue, 07 Jul 2026 06:30:00 +0900",2026-07-07 06:30:00
"""입간판 발로 차더니 맞신고까지""…한밤중 일어난 길거리 소동",https://www.newsis.com/view/NISX20260706_0003697145,https://n.news.naver.com/mnews/article/003/0014049723?sid=102,지난 3일 JTBC '사건반장'은 경기도에서 카페를 운영하는 A씨의 제보를 보도했다. A씨는 지난 1일 오후 10시께 한 남성이 길거리에 세워진 '주차금지' 입간판 세 개를 발로 차면서 지나갔다고 밝혔다. 소리를 듣고 밖으로...,"Tue, 07 Jul 2026 06:28:00 +0900",2026-07-07 06:28:00
이수근 유체이탈? “학교 가려고 하는데 내가 자고 있어” (물어보살)[결...,https://www.newsen.com/news_view.php?uid=202607070614031710,https://m.entertain.naver.com/article/609/0001143019,30살 카페 알바 의뢰인은 “7년 전에 처음 자취를 시작했는데 가위를 눌리고 귀신을 봤다. 그 이후로 미신에 집착하게 돼서 이게 과한 건지 궁금해서 오게 됐다”며 조언을 구했다. 의뢰인은 “7년 전에 본가에서...,"Tue, 07 Jul 2026 06:16:00 +0900",2026-07-07 06:16:00
월수입 9백 남편 “겨울 되면 안면마비 와” 직업병 호소 (결혼지옥)[결...,https://www.newsen.com/news_view.php?uid=202607070602141710,https://m.entertain.naver.com/article/609/0001143017,"제가 잘 잡아서 카페에 올리니까 동호회 회원들이 몰리기 시작했다. 방 2개에서 늘렸다. 1년을 벌어서 2층을 올렸다”며 아침에 3시간, 저녁에 3시간 조업을 한다고 말했다. 밤에는 꽃게, 소라 등을 잡았다. 많이 힘들지만...","Tue, 07 Jul 2026 06:07:00 +0900",2026-07-07 06:07:00
떡볶이 너머 ‘힙당동’… 신당동의 세 얼굴을 만나는 시간,https://www.sedaily.com/article/20064351?ref=naver,https://n.news.naver.com/mnews/article/011/0004638761?sid=102,"상인들의 흥정 소리로 가득한 시장 골목을 지나면 감각적인 카페와 디자인 스튜디오가 이어진다. 서울 중구 신당동은 서로 다른 시간이 공존하는 공간으로, 이른바 ‘힙당동’으로 불리며 주목받고 있다. 다만 이러한...","Tue, 07 Jul 2026 06:01:00 +0900",2026-07-07 06:01:00
“아줌마 스포츠물?” 반대 뚫은 임순례···편견 깨고 장르영화 개척...,https://www.khan.co.kr/article/202607070600041,https://n.news.naver.com/mnews/article/032/0003456490?sid=103,"그는 “에피소드를 구하려 ‘이별 후 복수 카페’를 들어가는 등 나름대로 취재하고 노력했는데, 영화적 성취로 평가받지 못하고 개인적인 서사를 영화로 만들었을 거라는 추측을 받곤 했다”고 말했다. 여성 감독의...","Tue, 07 Jul 2026 06:00:00 +0900",2026-07-07 06:00:00
"산이 사라진 자리, 그곳을 채우는 ‘먹먹한 풍경’[렌즈로 본 세상]",https://weekly.khan.co.kr/article/202607070600021,https://n.news.naver.com/mnews/article/033/0000051270?sid=102,"이제 채석은 3~4년 안에 끝날 예정이고, 그 구덩이는 전망대 카페와 미디어아트, 공연장이 들어설 문화공간으로 다시 채워지는 중입니다. 산이 깎여나간 자리에 사람들이 다시 무언가를 채우려 합니다. 사라진 것의...","Tue, 07 Jul 2026 06:00:00 +0900",2026-07-07 06:00:00
[문화산책] 탐구의 미학,https://www.yeongnam.com/web/view.php?key=20260706023383962,https://www.yeongnam.com/web/view.php?key=20260706023383962,"그 과정에서 얻는 만족감은 프랜차이즈 카페에서 느낄 수 없는 감동을 주기도 한다.재즈도 그렇다. 뮤지션의 삶과 철학을 이해하고, 시대적 배경을 알고, 공연장을 찾아 라이브를 경험하는 순간, 음악은 단순한 감상을 넘어...","Tue, 07 Jul 2026 06:00:00 +0900",2026-07-07 06:00:00
미국인들이 뽑은 최고 커피 브랜드는,https://www.koreadaily.com/article/20260706135640284,https://www.koreadaily.com/article/20260706135640284,"이어 맥도널드·맥카페(McDonald’s/McCafe)가 7.9%로 3위에 올랐으며, 더치브로스(Dutch Bros)가 4.0%, 피츠커피... 3위에 오른 맥도널드·맥카페는 최근 커피와 음료 메뉴를 적극 확대하면서 존재감을 키우고 있다. 냉동...","Tue, 07 Jul 2026 05:58:00 +0900",2026-07-07 05:58:00
"폴바셋, 강남대로 카페 전쟁 참전 고급 원두 '게이샤' 활용 승부",https://www.dnews.co.kr/uhtml/view.jsp?idxno=202607061057438350058,https://www.dnews.co.kr/uhtml/view.jsp?idxno=202607061057438350058,"스페셜티 카페 경쟁이 치열한 강남대로 상권에 뛰어들었다. 매장 반경 300미터 안에는 스타벅스 리저브와 투썸 2.0이 자리해 카페 격전지로 꼽힌다. 폴바셋 강남점은 전국 232번째 매장으로, 매장 내 개방 공간...","Tue, 07 Jul 2026 05:40:00 +0900",2026-07-07 05:40:00
"윤형빈, 20억 잃고도 ♥정경미 몰래 또 사업 “글로벌 아이돌 제작” (말...",https://www.newsen.com/news_view.php?uid=202607061848445710,https://m.entertain.naver.com/article/609/0001143010,"윤형빈은 지난 4월 SBS '동상이몽 시즌2-너는 내 운명'에 출연해 VR 카페, 밀키트 등 여러 사업에 도전했다가 네 차례 실패하며 약 20억 원의 손해를 본 사실을 고백한 바 있다. 윤형빈은 “실패는 없다고 생각한다. 성공과...","Tue, 07 Jul 2026 05:36:00 +0900",2026-07-07 05:36:00
"""시설 운영 부실 막는다"" 인천시, 도시재생 사후관리 공통 지침 본격 시...",https://www.cstimes.com/news/articleView.html?idxno=712430,https://www.cstimes.com/news/articleView.html?idxno=712430,"지원 범위는 공동이용시설(커뮤니티센터, 도서관 등) 운영 및 유지보수를 비롯해 주민 참여 축제, 일자리 창출을 위한 공유 카페·주방 사업, 주민 역량 강화 교육 등이다. 인천시는 7월 중 사후관리 지원사업 공모를...","Tue, 07 Jul 2026 05:26:00 +0900",2026-07-07 05:26:00
"지진희, '배우 끼워팔기' 피해…""주인공 낙점→2회 만에 하차"" ('짠한형...",https://www.tenasia.co.kr/article/2026070689104,https://m.entertain.naver.com/article/312/0000766673,"결국 카페에서 실랑이를 벌였고 담배를 한 갑 가까이 피우던 매니저가 마지막에 '접자'고 말했다""고 떠올렸다. 상처받은 두 사람은 술로 마음을 달랐다. 지진희는 ""대낮부터 둘이 소주를 20병 가까이 마셨다. 2차, 3차...","Tue, 07 Jul 2026 05:18:00 +0900",2026-07-07 05:18:00
"""'하이킥'으로 번 돈, 위약금으로 모두 날려"" 백진희, 데뷔 초 이중계약...",http://www.osen.co.kr/article/G1112835054,https://m.entertain.naver.com/article/109/0005566868,"이날 제작진은 백진희와 함께 카페에서 시간을 보냈다. 제작진은 연예계 활동 중 가장 뼈아팠던 순간을 질문, 백진희는 ""늘 뼈아프고 힘들었다""고 말문을 열었다. 그는 ""이런 말을 하면 좀 오만하다고 느낄 수도 있는데...","Tue, 07 Jul 2026 05:08:00 +0900",2026-07-07 05:08:00
"희망시급 1만1595원, 현실은 1만805원…대학가 여름 알바의 괴리",https://www.segye.com/newsView/20260706516153?OutUrl=naver,https://n.news.naver.com/mnews/article/022/0004141031?sid=102,‘카페·디저트’도 49.6%로 높은 선호도를 증명했다. 행정 업무를 배울 수 있는 관공서(34.3%)나 사무보조(27.0%)에 대한 관심도 이어졌다. 반면 전통적인 여름 특수 업종인 워터파크(13.0%)나 호텔·리조트(9.1%)는...,"Tue, 07 Jul 2026 05:07:00 +0900",2026-07-07 05:07:00
"[강대웅의 정문일침(頂門一鍼)] 안민석 교육감, '개방형 교육감실 운영...",https://www.ajunews.com/view/20260707041517470,https://www.ajunews.com/view/20260707041517470,먼저 시청에서 가장 전망 좋은 9층 시장실을 북(book)카페로 전환해 시민들에게 돌려줬다. 그러자 많은 시민이 찾는 공간으로 자리 잡으며 명소가 됐다. 그뿐만 아니다. 만 3세 이하의 영아들을 대상으로 장난감도 빌려주고...,"Tue, 07 Jul 2026 05:04:00 +0900",2026-07-07 05:04:00
송파구 “성내천 카페·전망대 생겨요”,https://www.seoul.co.kr/news/publicnews/seoul_local/news_seoul/2026/07/07/20260707020002?wlog_tag3=naver,https://n.news.naver.com/mnews/article/081/0003658870?sid=102,"서울 송파구 성내천에 카페와 전망대, 주민커뮤니티 시설이 포함된 복합문화시설이 들어선다. 구는 성내천... 15㎡ 규모로 1층에는 주민을 위한 커뮤니티실과 운동 공간, 2층에는 한강 노을을 감상할 수 있는 카페가...","Tue, 07 Jul 2026 05:03:00 +0900",2026-07-07 05:03:00
"박한별, 태국 왕족인 줄…42세 믿기지 않는 '5대 얼짱' 클래스",https://www.mydaily.co.kr/page/view/2026070618230200291,https://m.entertain.naver.com/article/117/0004082080,"블랙 미니드레스', 드라마 '환상의 커플', '보그맘' 등 다양한 작품에서 활약했다. 현재 제주에서 카페를 운영 중인 박한별은 최근 연기 활동을 재개했으며, 유튜브 채널 '박한별하나'를 통해 팬들과 꾸준히 소통하고 있다.","Tue, 07 Jul 2026 05:01:00 +0900",2026-07-07 05:01:00
"지진희, '배우 끼워팔기' 당했다…""주인공 됐는데 2회 만에 하차""",https://www.newsis.com/view/NISX20260706_0003698083,https://m.entertain.naver.com/article/003/0014049637,"그러면서 ""매니저와 카페에 가서 서로 실랑이를 하다가 '그래 접자'라고 하더라. 둘이서 대낮에 소주 20병을 마셨다. 결국 그 드라마에서 빠졌다""고 덧붙였다. 하지만 지진희는 어머니에게 하차 사실을 말하지 못했다고....","Tue, 07 Jul 2026 05:00:00 +0900",2026-07-07 05:00:00
"달려든 개 항의하자 ""우리 개는 안 물어"" 욕설...얼굴에 들이밀며 위협...",https://www.mt.co.kr/society/2026/07/07/2026070623133858917,https://n.news.naver.com/mnews/article/008/0005382234?sid=102,경기 파주시 한 카페에서 목줄을 하지 않은 개가 40대 배달원에게 달려든 일이 발생했다. 배달원은 견주인... 6일 JTBC '사건반장'에 따르면 40대 배달원 A씨는 4일 파주 한 카페에서 배달음식 픽업 중 이 같은 일을 겪었다....,"Tue, 07 Jul 2026 05:00:00 +0900",2026-07-07 05:00:00
출국 전 공연 감상… 지루할 틈이 없다,https://www.donga.com/news/Society/article/all/20260707/134246795/2,https://n.news.naver.com/mnews/article/020/0003732017?sid=102,한국관광공사가 운영하는 K-컬처 공간인 ‘하이커 스테이션’에는 한국 문화에 관심이 많은 외국인 관광객을 위해 24∼31일 ‘K-팝 아이돌’을 테마로 카페를 운영한다. 이들 공연과 전시회 이외에도 1터미널...,"Tue, 07 Jul 2026 04:35:00 +0900",2026-07-07 04:35:00
허위정보 여부 네이버-유튜브가 판단… 기준 불명확해 혼란 우려,https://www.donga.com/news/Culture/article/all/20260707/134248035/2,https://n.news.naver.com/mnews/article/020/0003731979?sid=102,"신고 방법은 기존과 마찬가지로 블로그나 카페, 지식인 게시물이나 댓글에 마련된 ‘신고’ 메뉴를 이용하면 된다. 네이버 고객센터의 ‘불법정보 허위조작정보 신고 바로가기’에서 문제 게시물의 인터넷주소(URL), 신고...","Tue, 07 Jul 2026 04:33:00 +0900",2026-07-07 04:33:00
[투데이 Pick] 뜨거운 감자 단일종목 레버리지 ETF…결국 수술대 오른다,https://www.news2day.co.kr/article/20260706500182,https://www.news2day.co.kr/article/20260706500182,"국회 전자청원 홈페이지에는 관련 청원이 올라왔고, 한국주식투자자연합회 카페 등 온라인 커뮤니티에서도 상장폐지를 촉구하는 글이 잇따르고 있다. 정치권에서도 강경한 목소리가 나온다. 안철수 국민의힘 의원은...","Tue, 07 Jul 2026 04:32:00 +0900",2026-07-07 04:32:00
장애인 바리스타가 내린 커피… “와~”,https://www.donga.com/news/Society/article/all/20260706/134225605/2,https://n.news.naver.com/mnews/article/020/0003731959?sid=102,서울특별시립 장애인생산품판매시설에서 운영하고 있는 카페다. 서울 행복플러스가게는 장애인들이 만든 다양한 음료와 공예품을 판매한다. 장애인의 일자리 창출과 자립을 지원하는 동시에 시민들에게는 일상 속에서...,"Tue, 07 Jul 2026 04:32:00 +0900",2026-07-07 04:32:00
홍콩 배우 조시 호 “홍콩 영화 부활하려면 시야 넓혀야”,https://www.hankookilbo.com/news/article/A2026070602070001850?did=NA,https://n.news.naver.com/mnews/article/469/0000940781?sid=103,"지난 4일 오후 경기 부천시 한 호텔 카페에서 만난 홍콩 배우 조시 호(52)는 4차원을 넘어 5차원에 사는 인물처럼 보였다. 아니나 다를까. 그는 “유령이 있고, 흑마술을 믿는다”고 했다. 조시 호는 영화 ‘쓰레기 줍는...","Tue, 07 Jul 2026 04:31:00 +0900",2026-07-07 04:31:00
[노트북 너머] 대한축구협회가 멈춰 세운 ’韓 축구의 심장’,https://www.etoday.co.kr/news/view/2600334,https://www.etoday.co.kr/news/view/2600334,"홍 전 감독 선임 때도 추천 권한이 없는 기술총괄이사가 단독으로 자택 근처 카페에서 면접을 진행하고, 내정 발표를 마친 뒤에야 이사회에 서면결의를 요구하는 촌극을 빚었다. 축구 행정의 기본이 되어야 할 정관과...","Tue, 07 Jul 2026 04:00:00 +0900",2026-07-07 04:00:00
"크룹스, 전자동 커피머신 ‘커피 크러쉬’ 아시아 첫 론칭",https://sports.khan.co.kr/article/202607070156003?pt=nv,https://n.news.naver.com/mnews/article/144/0001124665?sid=101,"이러한 가운데 가정에서도 취향에 맞는 원두커피를 즐기려는 홈카페 수요가 증가하며, 공간 활용성과 사용... 또한 일반 원두뿐 아니라 분쇄 원두도 사용할 수 있어 디카페인 커피 등 다양한 취향의 커피를 즐길 수...","Tue, 07 Jul 2026 01:57:00 +0900",2026-07-07 01:57:00
[패트롤] 경기도-경기도의회-경기도교육청-경기주택도시공사,https://www.ekn.kr/web/view.php?key=20260707025199841,https://www.ekn.kr/web/view.php?key=20260707025199841,"센터에는 개별 열람실과 북카페 등 학습 공간이 마련돼 있으며, EBS 연계 교육 콘텐츠와 대학생 멘토링 프로그램도 제공된다. 이번에 추가 지정된 곳은 ▲오남도서관(남양주) ▲연천고(연천) ▲바른샘어린이도서관(수원)...","Tue, 07 Jul 2026 01:24:00 +0900",2026-07-07 01:24:00
‘맨 끝줄 소년’ 최민식 “불편한 이야기여도 작품의 힘 믿었다”,https://www.kmib.co.kr/article/view.asp?arcid=1783323224&code=13180000&cp=nv,https://m.entertain.naver.com/article/005/0001859333,최근 서울 종로구 한 카페에서 만난 최민식은 “요즘 ‘참교육’이나 ‘김부장’처럼 나쁜 놈들을 시원하게 응징하는 드라마가 인기인데 ‘맨 끝줄 소년’은 답답하고 불편한 구석이 있는 이야기여서 시청자들이 좋아할까...,"Tue, 07 Jul 2026 01:04:00 +0900",2026-07-07 01:04:00
[일사일언] 죽음을 사유하는 ‘데스카페’,https://www.chosun.com/culture-life/culture_general/2026/07/07/3QXMPTIWLFCDVJLBKP5RZ6RNF4/?utm_source=naver&utm_medium=referral&utm_campaign=naver-news,https://n.news.naver.com/mnews/article/023/0003986124?sid=103,"매달 4일, 데스카페(Death Cafe)에 참여한다. 오랫동안 고독사를 연구해 온 학자, 무연고 공영 장례를 이끄는 재단 이사, 그리고 자살 사별자의 애도를 도왔던 필자까지, 세 사람이 운영진으로 함께한다. 데스카페의 뿌리는...","Tue, 07 Jul 2026 00:45:00 +0900",2026-07-07 00:45:00
“옷 고르듯 빵 산다”… 패션 플랫폼이 꽂힌 ‘빵 취향’,https://www.kmib.co.kr/article/view.asp?arcid=1783323276&code=14190000&cp=nv,https://n.news.naver.com/mnews/article/005/0001859326?sid=103,"29CM 관계자는 “베이커리와 디저트는 선물, 홈카페, 모임 등 일상 속 취향을 표현하는 카테고리로 확장되고 있다”며 “지역별 개성 있는 로컬 베이커리와 디저트 브랜드에 대한 고객 관심이 확인되고 있는 만큼 앞으로도...","Tue, 07 Jul 2026 00:43:00 +0900",2026-07-07 00:43:00
"제주 찾는 외국인, 내달까지 간편결제 쓰면 20% 할인",https://www.joongang.co.kr/article/25442927,https://n.news.naver.com/mnews/article/025/0003535774?sid=102,"행사에는 전통시장과 음식점, 카페, 관광지, 대중교통 등 외국인 관광객이 자주 이용하는 업종이 참여한다. 기존 일부 상권 중심으로 운영했던 할인 행사를 올해는 제주 전역으로 확대했다. 중국 ‘알리페이...","Tue, 07 Jul 2026 00:19:00 +0900",2026-07-07 00:19:00
[오늘의 운세] 별자리별 운세-7월 7일,https://www.ajunews.com/view/20260706083444059,https://www.ajunews.com/view/20260706083444059,행운의 시간 : 저녁 9시 행운의 물건 : 비상금 행운의 장소 : 카페 행운의 색상 : 그린 12. [별자리별 오늘의 운세] 염소자리 (12월 25일~1월 19일) 조급증을 낸다고 해서 일이 빨리 처리되는 것은 아닙니다. 괜스레 짜증만...,"Tue, 07 Jul 2026 00:02:00 +0900",2026-07-07 00:02:00
[오늘의 운세] 2026년 7월 7일 띠별 운세,https://www.news1.kr/life-culture/fortune-wisesaying/6219198,https://n.news.naver.com/mnews/article/421/0009043821?sid=103,"70년 경술생 공간 활용을 해보아도 좋으며, 작은 카페로 꾸며보세요. 행운의 색 : 하늘색 이사방향 : 북향 대인관계 : 아이디어가 좋습니다. 82년 임술생 낮은 자세로 행동해야 하지만, 스스로를 낮추지는 마세요. 행운의 색...","Tue, 07 Jul 2026 00:00:00 +0900",2026-07-07 00:00:00
7월 7일 오늘의 운세-띠별·별자리 총정리,https://www.namdonews.com/news/articleView.html?idxno=915830,https://www.namdonews.com/news/articleView.html?idxno=915830,"안정과 편안함, 인기 상승하며 좋은 인연이 생기고 원만한 대인관계가 형성되며 아랫사람으로 인한 이익이 생기는 시기입니다. *특이사항 : 6일~7일 이동, 여행운이 있습니다. ☞행운의 팁 : 개성있는 디저트카페 정리","Tue, 07 Jul 2026 00:00:00 +0900",2026-07-07 00:00:00
"'포링과 다시 만날 시간'... 그라비티, '라그나로크M: Classic' 출시 앞두...",https://www.stnsports.co.kr/news/articleView.html?idxno=318776,https://m.sports.naver.com/esports/article/450/0000152322,"라그나로크M: Classic, 유저들과 실제로 만나서 소통한다 글로벌 게임 기업 그라비티는 오는 12일 오후 2시부터 6시까지 서울 강남 알베르 카페에서 국내 유저 간담회 'Fun & Fan Day'를 개최한다. 이번 행사는 정식 론칭 전...","Mon, 06 Jul 2026 23:56:00 +0900",2026-07-06 23:56:00
[패트롤] 해남군-완도군-진도군,https://www.ekn.kr/web/view.php?key=20260706025149743,https://www.ekn.kr/web/view.php?key=20260706025149743,"'완도 반값 여행'은 관광객이 숙박·식당·카페 이용, 특산품 구매 등 여행 과정에서 사용한 비용의 절반을 완도사랑상품권(모바일)으로 환급해주는 사업이다. 일정 요건을 충족하여 단체 관광객을 유치한 여행사에...","Mon, 06 Jul 2026 23:40:00 +0900",2026-07-06 23:40:00
"""특별한 여름 경험 제공""···파스쿠찌, '그라니따 캠페인' 진행",http://www.enewstoday.co.kr/news/articleView.html?idxno=2446059,http://www.enewstoday.co.kr/news/articleView.html?idxno=2446059,이탈리아 정통 카페 브랜드 파스쿠찌가 여름 대표 메뉴인 '그라니따'를 내세운 프로모션을 진행한다. 파스쿠찌는 17종의 그라니따 구매고객을 대상으로 다양한 할인 및 증정 혜택을 담은 특별 캠페인을 전개한다고...,"Mon, 06 Jul 2026 23:30:00 +0900",2026-07-06 23:30:00
조롱 응원엔 '철퇴'...학생 미래 열어줄 해결책 필요,https://www.ytn.co.kr/_ln/0107_202607062244062397,https://m.sports.naver.com/kbaseball/article/052/0002375559,"대한야구(소프트볼)협회나 KBO에서 그런 부분을 잘 살펴서 선의의 피해자는 생기지 않는 방안도…] 회원 4만5천 명이 가입한 국내 최대 야구선수 학부모 온라인 카페에서도 어른들부터 반성하고, 지금부터라도 더그아웃...","Mon, 06 Jul 2026 22:44:00 +0900",2026-07-06 22:44:00
"“혈관 다 녹아 발등까지”…이솔이, 암 투병 후유증 고백에 ‘눈물’",https://www.mk.co.kr/article/12091789,https://m.entertain.naver.com/article/410/0001131450,힘겨운 병원 일정을 소화하는 중에도 이솔이는 카페에서 찍은 사진을 올리며 주변을 향한 따뜻한 마음을 잃지 않았다. 그는 “그럼에도 불구하고 모두가 행복했으면 좋겠다. 나 포함”이라는 메시지를 남겨 보는 이들의...,"Mon, 06 Jul 2026 22:44:00 +0900",2026-07-06 22:44:00
"송영훈 의장, 관권 선거 개입 의혹 ""죄송""",http://www.inews24.com/view/1982907,https://n.news.naver.com/mnews/article/031/0001040206?sid=102,"송 의장은 6일 오전 제주도의회 도민카페에서 기자 간담회를 열고 ""법보다 무거운 것이 도민의 신뢰""라며 심려를 끼쳐드린 점 매우 송구스럽게 생각한다고 밝혔다. 송 의장은 지난 6·3지방선거를 앞두고 당시 오영훈 도정...","Mon, 06 Jul 2026 22:31:00 +0900",2026-07-06 22:31:00
이솔이 “항암으로 왼쪽 혈관 녹아...모두 행복했으면”,https://www.mk.co.kr/article/12091776,https://m.entertain.naver.com/article/009/0005703608,또 이솔이는 카페에서 찍은 사진과 함께 “그럼에도 불구하고 모두가 행복했으면 좋겠다. 나 포함”이라는 글을 추가로 남겨 눈길을 끌었다. 이솔이는 지난 2020년 박성광과 결혼했다. 이후 SBS ‘동상이몽2 - 너는 내...,"Mon, 06 Jul 2026 22:26:00 +0900",2026-07-06 22:26:00
[소상공인 전문 컨설턴트 이은하의 작은 가게 심리학] ① 창업은 아이템...,https://www.ngonews.kr/news/articleView.html?idxno=232310,https://www.ngonews.kr/news/articleView.html?idxno=232310,"몇 해 전 컨설팅을 진행했던 한 작은 카페가 떠오른다. 개업한 지 2년이 채 되지 않았지만 주변에 대형... ""처음 이 카페를 왜 시작하셨나요?"" 잠시 생각에 잠겼던 대표는 이렇게 말했다. ""좋은 커피를 팔고 싶어서라기보다...","Mon, 06 Jul 2026 22:26:00 +0900",2026-07-06 22:26:00
"""교육격차 해소 박차"" 경기도교육청, '자기주도학습센터' 전국 최다 22곳...",https://www.cstimes.com/news/articleView.html?idxno=712408,https://www.cstimes.com/news/articleView.html?idxno=712408,"스터디카페'다. 이번 공모에서 추가 지정된 기관은 △오남도서관(남양주) △연천고(연천)... 또한 쾌적한 개별 열람실과 북카페 등 학습 공간은 물론 EBS 연계 콘텐츠, 대학생 멘토링 등 내실 있는 교육 프로그램을...","Mon, 06 Jul 2026 22:22:00 +0900",2026-07-06 22:22:00
"라그M 클래식, 강남에서 유저들 직접 만난다",https://www.gametoc.co.kr/news/articleView.html?idxno=109779,https://www.gametoc.co.kr/news/articleView.html?idxno=109779,"그라비티가 MMORPG '라그나로크M: Classic'의 국내 이용자 간담회 'Fun & Fan Day'를 오는 12일 서울 강남 알베르 카페에서 개최한다. 이번 행사는 국내 CBT 참가자들의 성원에 보답하기 위해 마련됐으며, 개발진과 이용자가...","Mon, 06 Jul 2026 22:14:00 +0900",2026-07-06 22:14:00
"합천에 새긴 5만년 전 우주 흔적, 생명 탄생 기원 품다",http://www.gnmaeil.com/news/articleView.html?idxno=590197,http://www.gnmaeil.com/news/articleView.html?idxno=590197,"/ 합천군 거점센터는 전시관과 체험실, 북카페, 소강당 등을 갖춘 복합문화공간으로 조성되며, 운석충돌구의 생성 과정과 지질학적 가치, 생명 기원 연구 성과 등을 쉽게 이해할 수 있는 전시와 체험 프로그램을 운영할...","Mon, 06 Jul 2026 21:54:00 +0900",2026-07-06 21:54:00
"‘어촌 뉴딜’ 5,700억 들였지만…건물마다 ‘텅텅’",https://news.kbs.co.kr/news/pc/view/view.do?ncd=8603552&ref=A,https://n.news.naver.com/mnews/article/056/0012212708?sid=101,"보다 못한 주민들이 카페로 활용하려 했지만, 이마저도 무산됐습니다. [마을 주민/음성변조 : ""원래는 (카페를) 할 수 있게 한다고 했는데 나중에 알고 봤더니 그게 아니었어요. 판매 행위는 안 되게끔 돼 있었다고...","Mon, 06 Jul 2026 21:49:00 +0900",2026-07-06 21:49:00
"[미리보는 통영연극예술축제 2026] 7월 무더위 夏夏夏, 연극으로 하하하",http://www.knnews.co.kr/news/articleView.php?idxno=1545753,http://www.knnews.co.kr/news/articleView.php?idxno=1545753,"부대행사로는 ‘여성연극인 워크숍’과 ‘해외단체 워크숍’, ‘희곡북카페’ 등 다양하게 준비돼 있다. 축제 마지막 날에는 통영연극예술축제 희곡상 시상식이 열린다. 공연은 네이버 예매로 운영되며, 자세한...","Mon, 06 Jul 2026 21:40:00 +0900",2026-07-06 21:40:00
[팔도건축기행- 한국지방신문협회 공동기획] (63) 남해 스페이스 미조,http://www.knnews.co.kr/news/articleView.php?idxno=1545752,http://www.knnews.co.kr/news/articleView.php?idxno=1545752,1층에는 카페와 전시 공간이 함께 들어서 있다. 방문객들은 거대한 옛 냉각 설비가 뿜어내는 분위기 아래서... 44년 된 옛 휴게소에서 전시관과 갤러리 카페를 품은 복합문화공간으로 새 단장한 ‘남해각’./성승건 기자...,"Mon, 06 Jul 2026 21:40:00 +0900",2026-07-06 21:40:00
"경기교육청, 전국 최다 22개 자기주도학습센터 운영…사교육 부담 낮춘...",http://www.newstown.co.kr/news/articleView.html?idxno=708337,http://www.newstown.co.kr/news/articleView.html?idxno=708337,"센터에서는 개별 열람실과 북카페 등 학습 친화적인 공간을 제공하며, EBS 연계 교육 콘텐츠를 활용한 학습 프로그램과 대학생 멘토링, 학습 상담 서비스 등 다양한 교육 지원을 받을 수 있다. 이번에 추가 지정된 기관은...","Mon, 06 Jul 2026 21:37:00 +0900",2026-07-06 21:37:00
[문화칼럼] 그래도 독서는 계속되어야 한다,https://www.idaegu.co.kr/news/articleView.html?idxno=553102,https://www.idaegu.co.kr/news/articleView.html?idxno=553102,이를테면 베르나르 올리비에의 '나는 걷는다'라는 책을 제주 올레 길의 어느 카페에서 우연히 발견해서 읽게 되었다. 일종의 완결판까지 두꺼운 4권으로 된 이 책을 정말 재미나게 읽었다. 당시 한창 걷는 것을 좋아할 때라...,"Mon, 06 Jul 2026 21:34:00 +0900",2026-07-06 21:34:00
7월 7일부터 '가짜뉴스' 알고도 퍼트리면 완전 망합니다 (+과징금 액수),https://www.wikitree.co.kr/articles/1145054,https://www.wikitree.co.kr/articles/1145054,"적용 대상은 유튜브와 인스타그램, 페이스북, 엑스(X), 네이버 블로그와 카페, 온라인 커뮤니티 등 일반인이 이용하는 대부분의 온라인 플랫폼이다. 게시글뿐 아니라 댓글도 적용 대상이 될 수 있다. 반면 개인 간 일대일...","Mon, 06 Jul 2026 21:22:00 +0900",2026-07-06 21:22:00
"SK에코플랜트, 교육·카페 결합 주거서비스 도입 … 커뮤니티 경쟁력 강...",http://www.worktoday.co.kr/news/articleView.html?idxno=86440,http://www.worktoday.co.kr/news/articleView.html?idxno=86440,SK에코플랜트-테라로사에서 개발한 스페셜티 '드파인 블렌딩 원두' SK에코플랜트가 교육과 카페 등 전문... 아이엔지스토리는 스터디카페 브랜드 '작심'의 프리미엄 인테리어와 운영 서비스를 적용한다. 입주민은 공무원...,"Mon, 06 Jul 2026 21:18:00 +0900",2026-07-06 21:18:00
“영국 정신병원에서 환자 묶었다간 자격 박탈당해요”,https://www.hani.co.kr/arti/society/society_general/1266998.html,https://n.news.naver.com/mnews/article/028/0002812933?sid=102,30일 오전 서울 용산구 케이티엑스(KTX) 서울역사 내 한 카페에서 박 의원과 마주 앉았다. 대학에서 국문학을 전공한 그는 연극 공부를 하려 런던에 갔다. 1996년의 일이다. 런던 골드스미스 칼리지에서 1년 과정의 예술행정...,"Mon, 06 Jul 2026 21:16:00 +0900",2026-07-06 21:16:00
"신안군, 농어촌 기본소득 시범사업 간담회",https://www.newsfreezone.co.kr/news/articleView.html?idxno=698124,https://www.newsfreezone.co.kr/news/articleView.html?idxno=698124,"이날 간담회 후 방문한 기본소득 사용처 현장(퍼플섬 행복한 카페)에서는 카페를 방문한 주민들은 ""기본소득이 시행되며 동네 사랑방과 같은 분위기가 만들어졌다""며 기뻐했다. 특히, 귀촌한 주민에게는 기본소득이 삶의...","Mon, 06 Jul 2026 21:14:00 +0900",2026-07-06 21:14:00
[홈플러스 창원점 가보니] 매대 텅 비고 적막… 직원들 “앞길 막막”,http://www.knnews.co.kr/news/articleView.php?idxno=1545749,http://www.knnews.co.kr/news/articleView.php?idxno=1545749,"점포 내 한 카페 직원 이희민(34) 씨는 “지난주부터 손님도 많이 줄었고, 언제든지 문을 닫을 수 있다고 본다”고 말했다. 노동계에 따르면 지난 4일 홈플러스 기업회생절차 폐지 결정 이후 전환근무 직원들의 배치도...","Mon, 06 Jul 2026 21:12:00 +0900",2026-07-06 21:12:00
이동건 제주 카페 1년 3개월 만에 휴업…“재정비”,https://biz.heraldcorp.com/article/10799957?ref=naver,https://m.entertain.naver.com/article/016/0002666489,배우 이동건이 운영 중인 제주 카페가 휴업에 들어간다. 6일 이동건의 카페 공식 SNS에는 “7월 9일부터 재정비의 시간을 갖게 됐다”며 “그동안 아껴주시고 찾아주신 모든 분들께 진심으로 감사드린다”는 내용의...,"Mon, 06 Jul 2026 21:10:00 +0900",2026-07-06 21:10:00
지진희 “주인공 됐는데 2회 만에 하차...母에 3개월간 숨겼다”,https://www.mk.co.kr/article/12091724,https://m.entertain.naver.com/article/009/0005703596,"그러면서 “그렇게 매니저와 카페에 가서 서로 실랑이를 하다가 매니저가 ‘그래, 접자’고 하더라. 둘이서 대낮에 소주 20병을 마셨다. 3차, 4까지 먹었다. 결국 그 드라마에서 빠졌다”고 털어놨다. 하지만 지진희는...","Mon, 06 Jul 2026 21:07:00 +0900",2026-07-06 21:07:00
"엑스오푸드빌리지, 새 대표에 이재명 비엔엠컴퍼니 총괄이사 선임",https://www.cnbnews.com/news/articleView.html?idxno=1007054,https://www.cnbnews.com/news/articleView.html?idxno=1007054,맡으면서 PC방 기반 콘텐츠·이스포츠·F&B 결합 사업을 구체화할 계획이다. 회사 측은 신규 만화카페 브랜드 몽글 론칭과 콘텐츠 전문 출판사 데일리북스 전략적 투자도 향후 콘텐츠 사업 확장 흐름의 하나로 제시했다.,"Mon, 06 Jul 2026 21:02:00 +0900",2026-07-06 21:02:00
"송미령 농식품부 장관, 신안 안좌도 방문… 농어촌 기본소득 현장 간담...",https://www.siminsori.com/news/articleView.html?idxno=400232,https://www.siminsori.com/news/articleView.html?idxno=400232,"송 장관과 관계자들은 간담회 직후 기본소득 사용처인 '퍼플섬 행복한 카페'를 찾아 주민들과 대화를 나눴다. 현장에서 만난 주민들은 ""기본소득 덕분에 마을 카페가 동네 사랑방처럼 활기차졌다""며 반겼고, 한 귀촌...","Mon, 06 Jul 2026 20:50:00 +0900",2026-07-06 20:50:00
[칼럼] 사는 동안 틈틈이 행복합시다,http://www.cctimes.kr/news/articleView.html?idxno=915211,http://www.cctimes.kr/news/articleView.html?idxno=915211,"화려한 에펠탑도, 유명한 미술관도 아닌 낯선 골목의 카페, 스치듯 지나간 사람들의 표정 같은 사소한 순간들 속에서 작가는 뜻밖의 행복을 발견한다. 이 책이 담고 있는 19편의 에세이에는 신기하게도 사진이 단 한 장도...","Mon, 06 Jul 2026 20:48:00 +0900",2026-07-06 20:48:00
"'20년 넘게 금연' 김숙, 日 흡연 가능 카페서 멘붕…""담배랑 완전 멀어졌...",https://mhnse.com/news/articleView.html?idxno=1454422,https://m.entertain.naver.com/article/445/0000435882,출처:'김숙티비' 캡처 방송인 김숙이 일본의 흡연이 가능한 유명 카페를 찾았다가 예상보다 강한 담배 냄새에... 출처:'김숙티비' 화면 캡처 결국 세 사람은 일정을 변경해 라테와 푸딩으로 유명한 또 다른 카페를 찾았다....,"Mon, 06 Jul 2026 20:39:00 +0900",2026-07-06 20:39:00
포항 교육 중심지 효자동 중학생 폭행 의혹 사건에 ‘술렁’,https://www.ksmnews.co.kr/news/view.php?idx=612197,https://www.ksmnews.co.kr/news/view.php?idx=612197,"한 지역 맘카페에는 관련 게시글 조회 수가 7000회에 육박했고 지역 부동산 관련 네이버 카페에서도 특정 학교를 언급하며 ""학생이 그럴 리 없다""는 반응과 함께 사건의 진위를 묻는 글이 이어지고 있다.일부 온라인...","Mon, 06 Jul 2026 20:38:00 +0900",2026-07-06 20:38:00
“인정욕구·열등감 큰 인간의 민낯…구질구질하다 싶다가 측은지심도...,https://www.khan.co.kr/article/202607062036005,https://m.entertain.naver.com/article/032/0003456432,"지난 2일 서울 종로구 한 카페에서 인터뷰한 최민식은 “오래간만에 연극 한 편 한 것 같다”며 “생각할 여지가 있는 드라마를, 아직까지는 많은 분이 진지하게 봐주시는구나 (싶어서) 굉장히 다행스러웠다”고 말했다....","Mon, 06 Jul 2026 20:36:00 +0900",2026-07-06 20:36:00
"백진희, '하이킥' 이후 공황장애 ""늘 뼈아프고 늘 힘들었다"" 고백('지니...",https://www.spotvnews.co.kr/news/articleView.html?idxno=826833,https://m.entertain.naver.com/article/477/0000616926,"혼자 카페에 가는 것도 쉽지 않았다""며 ""최근 서촌에서 혼자 카페에 들러 영상을 찍으려고 했지만 실패했다""며 웃어 보였다. 당시에 대해 백진희는 ""늘 뼈 아프고 늘 힘들었다. 너무 잘하고 싶었는데 경험이 부족했고 그걸...","Mon, 06 Jul 2026 20:34:00 +0900",2026-07-06 20:34:00
"도시재생사업 사후 활동 이어가게… 인천시, 공모로 재정 지원",https://www.kyeongin.com/article/1766873,https://www.kyeongin.com/article/1766873,"또 인천시는 행정 지침에 따라 ‘사후관리 지원사업 공모’를 통해 공동이용시설 운영·관리, 플리마켓이나 축제 등 주민 참여 프로그램 지원, 공동작업장·공유카페·공유주방 등 일자리 창출 사업을 지원할 예정이다....","Mon, 06 Jul 2026 20:30:00 +0900",2026-07-06 20:30:00
"백진희, 하이킥 이후 공황장애 고백…“혼자 카페, 지하철도 못 갔다”",https://www.mk.co.kr/article/12091710,https://m.entertain.naver.com/article/410/0001131440,이어 “마트뿐 아니라 지하철역 같은 사람 많은 곳을 한동안 못 갔다”며 “혼자 카페에 가는 것도 쉽지 않았다”고 밝혔다. 최근에도 서촌에서 혼자 카페를 들러 영상을 찍으려 했지만 결국 실패했다며 “혼자서는 카페를...,"Mon, 06 Jul 2026 20:21:00 +0900",2026-07-06 20:21:00
[팔도 건축기행] 시간을 허물지 않은 건축 … 기억을 지우지 않는 도시,http://www.kwangju.co.kr/article.php?aid=1783336200800958357,http://www.kwangju.co.kr/article.php?aid=1783336200800958357,1층에는 카페와 전시 공간이 함께 들어서 있다. 방문객들은 거대한 옛 냉각 설비가 뿜어내는 분위기 아래서... 남해군은 지역의 재료와 공간의 가치를 중시하는 유명 카페 브랜드 ‘2016 진정성’을 남해각의 운영자로...,"Mon, 06 Jul 2026 20:14:00 +0900",2026-07-06 20:14:00
"하남시, 영유아 놀이·돌봄 공간 '맘대로A+놀이터' 문 열어",https://www.discoverynews.kr/news/articleView.html?idxno=1095380,https://www.discoverynews.kr/news/articleView.html?idxno=1095380,미사3동 공공형 키즈카페 '맘대로A+놀이터'를 찾은 한 가족이 장난감을 활용한 놀이를 즐기고 있다. [사진제공=하남시] 하남시가 미사3동에 공공형 키즈카페를 조성하고 영유아와 보호자를 위한 실내 놀이시설 운영을...,"Mon, 06 Jul 2026 20:10:00 +0900",2026-07-06 20:10:00
"‘창업’보다 ‘생존’ 서울시, ‘프렙 아카데미’ 11기 모집…생존율 ...",https://swtvnews.com/news/newsview.php?ncode=1065592850020194,https://swtvnews.com/news/newsview.php?ncode=1065592850020194,"서울시는 오는 8월3일까지 외식 및 카페 창업을 준비하는 만 19~39세 청년을 대상으로 ‘프렙 아카데미’... 외식·카페 등 식음료 분야 예비 창업자로, 서울시 소상공인 종합지원 포털에서 온라인으로 접수하면 된다....","Mon, 06 Jul 2026 20:10:00 +0900",2026-07-06 20:10:00
"이동건 제주 카페, 잦은 휴무 끝 재정비 ""그동안 아껴주셔서 감사""",https://www.spotvnews.co.kr/news/articleView.html?idxno=826830,https://m.entertain.naver.com/article/477/0000616923,"이동건 카페가 재정비의 시간을 갖는다. 6일 배우 이동건이 운영하고 있는 카페 공식 계정에는 ""7월 9일부로 재정비의 시간을 가지게 됐다. 그동안 아껴주시고 찾아주셔서 진심으로 감사드린다""는 공지가 올라왔다. 최근...","Mon, 06 Jul 2026 20:04:00 +0900",2026-07-06 20:04:00
"박정화, 카페 창가에서 여유로운 일상…'부세미' 흥행 뒤 근황",https://www.topstarnews.net/news/articleView.html?idxno=16125459,https://www.topstarnews.net/news/articleView.html?idxno=16125459,가수 겸 배우 박정화(30세)가 카페에서 촬영한 사진으로 근황을 전했다. 창가에 앉아 여유로운 분위기를... 사진 속 배경에는 붉은색 외벽의 건물과 테라스 자리가 함께 담겨 도심 속 한가로운 카페 풍경을 보여준다....,"Mon, 06 Jul 2026 19:58:00 +0900",2026-07-06 19:58:00
"노지선, 여름 거리에서 포니테일 묶으며 전한 솔직 일상",https://www.topstarnews.net/news/articleView.html?idxno=16125451,https://www.topstarnews.net/news/articleView.html?idxno=16125451,"6일 올라온 게시물에는 카페 앞 계단에 선 노지선이 한 손으로 머리를 올려 묶는 장면이 담겼다. 그는 ""아 습하고 더워 냅다 앉아서 택시 기다리기""라는 글을 남기며 더운 날씨 속 대중교통을 기다리던 순간을 전했다....","Mon, 06 Jul 2026 19:56:00 +0900",2026-07-06 19:56:00
"동작구,  '동작수학놀이터 여름방학 특강' 운영...서울대생 연계 멘토링...",https://www.cnbizm.com/news/articleView.html?idxno=307752,https://www.cnbizm.com/news/articleView.html?idxno=307752,"1층에는 수학놀이·수학교구·수학도서 등을 자유롭게 활용할 수 있는 '호기심카페'를 조성했으며, 2층에는 1:1학습 지도와 창의수학 프로그램을 운영하는 '피타고라스 카페'를 마련해 유아부터 고등학생까지 이용할 수...","Mon, 06 Jul 2026 19:54:00 +0900",2026-07-06 19:54:00
[여기는 포항] 재난 피해자들 “지원금 확대 가장 필요” 외,https://news.kbs.co.kr/news/pc/view/view.do?ncd=8603407&ref=A,https://n.news.naver.com/mnews/article/056/0012212588?sid=102,"이 복합문화센터는 국비 27억 원 등 68억 원을 들여 외동산업단지 시유지에 연면적 천436㎡, 지상 2층 규모로 건립됩니다. 1층은 공동세탁소와 북카페, 2층에는 대회의실과 체력 단련실 등이 들어서게 됩니다.","Mon, 06 Jul 2026 19:48:00 +0900",2026-07-06 19:48:00
"[기고]1500만명의 반려사회, 상생 지혜 찾아야",https://www.gnnews.co.kr/news/articleView.html?idxno=640509,https://www.gnnews.co.kr/news/articleView.html?idxno=640509,"전용 맛집, 카페, 병원까지 성업 중이다. 반려동물에게 건강식까지 월 20여만원의 양육비가 소요된다고 한다. 반려동물 유치원에서는 반장 선거까지 한다니 격세지감이 아닐 수 없다. 나는 반려동물과 살지는 않는다....","Mon, 06 Jul 2026 19:18:00 +0900",2026-07-06 19:18:00
"이동건 제주 카페, 오픈 1년 3개월 만 휴업 결정…""재정비 시간 갖는다...",https://www.topstarnews.net/news/articleView.html?idxno=16125438,https://www.topstarnews.net/news/articleView.html?idxno=16125438,"이동건이 제주 카페 운영 약 1년 3개월 만에 휴업을 결정했다. 6일 이동건의 제주 카페 인스타그램에는 ""7월 9일부로 재정비의 시간을 가지게 되었습니다. 그동안 아껴주시고 찾아주셔서 진심으로 감사드립니다""라는 글이...","Mon, 06 Jul 2026 19:18:00 +0900",2026-07-06 19:18:00
"‘어촌 뉴딜’ 5,700억 들였지만…건물마다 ‘텅텅’",https://news.kbs.co.kr/news/pc/view/view.do?ncd=8603313&ref=A,https://n.news.naver.com/mnews/article/056/0012212540?sid=101,"보다 못한 주민들이 카페로 활용하려 했지만, 이마저도 무산됐습니다. [마을 주민/음성변조 : ""원래는 (카페를) 할 수 있게 한다고 했는데 나중에 알고 봤더니 그게 아니었어요. 판매 행위는 안 되게끔 돼 있었다고...","Mon, 06 Jul 2026 19:17:00 +0900",2026-07-06 19:17:00
[사람사는 이야기] 이오숙 파주 다온숲 ‘벙커갤러리’ 대표,https://www.kyeongin.com/article/1766835,https://www.kyeongin.com/article/1766835,"현재 카페 다온숲 풀빛정원을 운영하고 있다. 파주시 탄현면 대동리에 위치한 다온숲 풀빛정원은 자유로와 임진강, 북녘 땅을 한눈에 조망할 수 있는 카페다. 임진강 건너편은 북한 개풍군으로 강폭은 약 460m에 불과하다....","Mon, 06 Jul 2026 19:06:00 +0900",2026-07-06 19:06:00
"전남광주 동구 서남예술촌, '인쇄 발주 실무 강의' 참여자 모집",https://www.namdonews.com/news/articleView.html?idxno=916046,https://www.namdonews.com/news/articleView.html?idxno=916046,오는 9일 오후 2시 비테라 인테라스 3층 북카페 '사유의 숲'에서 열리는 이번 강의는 지역 인쇄소 소상공인이 직접 전문성을 공유하고 청년들은 실질적인 제작 역량을 키울 수 있는 상생형 프로그램으로 기획됐다. 교육에는...,"Mon, 06 Jul 2026 19:00:00 +0900",2026-07-06 19:00:00
“트럼프 죽여라” 구호 쏟아진 하메네이 장례식,https://www.munhwa.com/article/11600667?ref=naver,https://n.news.naver.com/mnews/article/021/0002802737?sid=104,다만 테헤란 북부 중산층 지역에서는 히잡을 쓰지 않은 시민들이 식당과 카페를 찾는 등 장례식장과는 사뭇 다른 풍경이 펼쳐졌다고 외신은 전했다. 장례식 참석 여부가 정치 성향뿐 아니라 경제적 격차와도 맞물려...,"Mon, 06 Jul 2026 18:53:00 +0900",2026-07-06 18:53:00
"""주차비만 내, 허탕""..이동건 카페, 연속 휴무→결국 재정비 선언 [종합...",https://www.starnewskorea.com/star/2026/07/06/2026070618285018931,https://m.entertain.naver.com/article/108/0003450491,"최근 여러 번 휴무 공지를 전했던 배우 이동건의 카페가 재정비 시간을 갖는다. 6일 이동건 카페 공식 SNS에는 ""7월 9일부로 재정비의 시간을 가지게 됐다. 그동안 아껴주시고 찾아주셔서 진심으로 감사드린다""라는...","Mon, 06 Jul 2026 18:44:00 +0900",2026-07-06 18:44:00
"수영복 코디, 해변보다 호텔에서 더 예뻐지는 법 7",https://www.harpersbazaar.co.kr/article/1905676,https://www.harpersbazaar.co.kr/article/1905676,"서핑 보드 옆에서도, 해변가 카페에서도 통하는 만능 조합이다. 이럴 땐 이런 아이템 서피 알마 스윔 상품 바로 구매하기 코우리 파우더 블루 준 시어서커 심플 스윔수트 상품 바로 구매하기 젖은 수영복 위에 리넨...","Mon, 06 Jul 2026 18:40:00 +0900",2026-07-06 18:40:00
"'오늘N' 서울 구의동 콩국수 맛집 위치는? 가슴 콩콩 뛰는 여름 별미""",https://www.topstarnews.net/news/articleView.html?idxno=16125411,https://www.topstarnews.net/news/articleView.html?idxno=16125411,"그중에서도 오션뷰 앤티크 카페가 눈길을 끌었다. 이휘준 아나운서는 '퇴근후N' 코너를 통해 서울 구의동 일대를 찾아 많은 이들의 사랑을 받는다는 콩요리를 만났다. 서울 광진구 구의동, 아차산역 인근 약 600m 거리에...","Mon, 06 Jul 2026 18:32:00 +0900",2026-07-06 18:32:00
"이동건, 제주 카페 개업 1년여 만에 휴업…'이혼 예능' 집중하나",https://www.hankyung.com/article/202607068751v,https://n.news.naver.com/mnews/article/015/0005306845?sid=102,배우 이동건이 운영하는 제주 카페가 개업 1년여 만에 재정비를 위해 휴업에 들어간다. 3년째 연기 활동 공백기를 보내고 있는 그가 방송 활동에 집중하는 모양새다. 6일 해당 카페의 공식 소셜미디어 계정에 따르면...,"Mon, 06 Jul 2026 18:32:00 +0900",2026-07-06 18:32:00
"‘김승현♥’ 장정윤, 전국 며느리 광역 도발 “시母 냉장고 확인? 왜 싫...",https://isplus.com/article/view/isp202607060193,https://m.entertain.naver.com/article/241/0003518545,최근 맘카페 등 온라인 커뮤니티에서 고부갈등의 원인으로 냉장고 검문이 떠오른 바 있다. 불시에 냉장고를 열어보고 잔소리를 하는 시어머니들에 며느리들이 불편함을 겪는다는 것이다. 하지만 장정윤은 “시어머니가...,"Mon, 06 Jul 2026 18:31:00 +0900",2026-07-06 18:31:00
"장성군, '맞춤 컨설팅'으로 외식업 경쟁력 높인다",http://www.newsworker.co.kr/news/articleView.html?idxno=434915,http://www.newsworker.co.kr/news/articleView.html?idxno=434915,"지원 대상은 일반음식점 카페 제과점 등 지역 외식업소 25곳이며, 장성군은 지난 3월 공고를 통해 참여 업소를 모집한 데 이어 지난 5월에는 사업 수행을 맡을 '전문 컨설팅 업체'를 선정해 현장 중심 지원 체계를 갖췄다....","Mon, 06 Jul 2026 18:30:00 +0900",2026-07-06 18:30:00
"""354억 풀리자 313억 썼다""…신안 기본소득, 농식품부 장관이 직접 찾은...",https://www.polinews.co.kr/news/articleView.html?idxno=736186,https://www.polinews.co.kr/news/articleView.html?idxno=736186,"간담회 이후 송 장관은 기본소득 가맹점인 퍼플섬 행복한카페를 찾아 주민들과 대화를 나눴다. 카페를 이용하던 주민들은 ""기본소득이 시행된 뒤 마을 사람들이 자연스럽게 모이는 사랑방 같은 공간이 됐다""며 지역...","Mon, 06 Jul 2026 18:30:00 +0900",2026-07-06 18:30:00
[강남視角] 집값 안정의 열쇠는 '신뢰'받는 정책,http://www.fnnews.com/news/202607061826013839,https://n.news.naver.com/mnews/article/014/0005544464?sid=110,"부동산 카페와 블로그 등에는 하루가 멀다 하고 신고가 등 거래 관련 소식이 쏟아지고 있다. 국토부가 운영하는 실거래가 공개시스템만 분석해도 하루 단위, 주간 단위, 월간 단위 정보를 쉽게 얻을 수 있다. 한마디로...","Mon, 06 Jul 2026 18:27:00 +0900",2026-07-06 18:27:00
"'톱배우 Y 월드스타 D 데이트 포착'...유라♥대성, 핑크빛 커플 연기…""...",https://mhnse.com/news/articleView.html?idxno=1454349,https://m.entertain.naver.com/article/445/0000435868,"출처:채널 '유라유라해' 이후 두 사람은 대성이 빌렸다는 카페에서 광고 기싸움에 나서며 웃음을 자아냈다. 대성은 ""싫다고 거절했는데 결국에는 람보르기니 광고를 찍고 왔다""고 밝혔다. 유라는 ""그거 오빠가 찍었냐....","Mon, 06 Jul 2026 18:27:00 +0900",2026-07-06 18:27:00
"신안군, 송미령 장관 현장 간담회... 낙도 기본소득 불편 완화 주목",http://www.newsworker.co.kr/news/articleView.html?idxno=434914,http://www.newsworker.co.kr/news/articleView.html?idxno=434914,"간담회 이후 방문한 기본소득 사용처 현장인 퍼플섬 행복한 카페에서는 주민들이 ""기본소득이 시행되며 동네 사랑방과 같은 분위기가 만들어졌다""고 반겼고, 귀촌 주민들 역시 기본소득이 지역에 정착해 삶의 기반을...","Mon, 06 Jul 2026 18:26:00 +0900",2026-07-06 18:26:00
'오늘N' 인천 영흥도 '오션뷰 앤티크 카페' 위치는? 감테라떼-굴뚝빵 등...,https://www.topstarnews.net/news/articleView.html?idxno=16125402,https://www.topstarnews.net/news/articleView.html?idxno=16125402,"'오늘N'에서 카페 맛집으로 소개한 인천광역시 옹진군 영흥면 소재 오션뷰 앤티크 카페가 화제다. 6일 MBC '오늘N'의 '커피 한잔할래요?' 코너는 ""30년 경력 앤티크 딜러의 바다 뷰 박물관""이라는 주제를 다뤘다. (생방송...","Mon, 06 Jul 2026 18:26:00 +0900",2026-07-06 18:26:00
초록쉼표 찍고 몸과 마음 100％ 충전,https://www.cctoday.co.kr/news/articleView.html?idxno=2232759,https://www.cctoday.co.kr/news/articleView.html?idxno=2232759,"이어 복지관 내 카페에서 커피를 마시며 담소를 나누고 회원들과 덕담을 나누며 화기애애한 분위기 속에서 뜻깊은 시간을 보냈다.배식봉사에 함께한 이모(79) 회원은 ""취임 첫날 복지관을 찾아와 직접 식사를 나눠주고...","Mon, 06 Jul 2026 18:22:00 +0900",2026-07-06 18:22:00
[게임뉴스] 펄어비스 및 호요버스 소식 외,https://www.gamevu.co.kr/news/articleView.html?idxno=59165,https://www.gamevu.co.kr/news/articleView.html?idxno=59165,이번 행사는 7월 12일 오후 2시부터 6시까지 서울 강남에 위치한 알베르 카페에서 진행한다. 그라비티는 라그나로크M: Classic의 국내 정식 론칭을 앞두고 CBT 기간 동안 유저들이 보내준 성원에 보답하고자 기획했다....,"Mon, 06 Jul 2026 18:18:00 +0900",2026-07-06 18:18:00
"동원F&B, 탄산 강도 높인 '미네마인 스파클링' 출시",https://www.koreaittimes.com/news/articleView.html?idxno=154974,https://www.koreaittimes.com/news/articleView.html?idxno=154974,"단순한 음용을 넘어 홈카페와 홈술 문화가 확산되면서 강한 탄산감을 원하는 소비자가 늘어나고 있는 만큼, 동원F&B는 이번 신제품으로 이러한 수요를 적극 공략한다는 계획이다.","Mon, 06 Jul 2026 18:16:00 +0900",2026-07-06 18:16:00
'과징금 10억' 가짜뉴스 방지법… 혼선 불가피,http://www.fnnews.com/news/202607061812267626,https://n.news.naver.com/mnews/article/014/0005544415?sid=105,"개정안은 일반에 공개되는 정보가 대상이기 때문에 실제 법 적용 대상 서비스는 네이버 카페나 카카오톡 오픈채팅의 공개 게시판, 숏폼(짧은 동영상) 서비스 등이 될 것으로 보인다. 메일이나 카카오톡 개인 메시지 등은...","Mon, 06 Jul 2026 18:14:00 +0900",2026-07-06 18:14:00
"낙동강생물자원관, 소통·휴식 복합문화시설 ‘이음센터’ 개관",https://www.dailian.co.kr/news/view/1663969/?sc=Naver,https://n.news.naver.com/mnews/article/119/0003108492?sid=101,"편의시설 구역에는 방문객들이 한 곳에서 식사와 여가를 모두 해결할 수 있도록 식당, 카페, 편의점 등을 갖췄다. 어린 자녀를 동반한 가족 단위 방문객을 위한 영유아 놀이시설과 자유롭게 앉아서 쉴 수 있는 계단형 휴식...","Mon, 06 Jul 2026 18:07:00 +0900",2026-07-06 18:07:00
"배달 라이더에게 ""물어!""...반려견 들이민 카페 사장, 처벌 가능성은?",https://lawtalknews.co.kr/article/XJPN6NE8FF4Y,https://lawtalknews.co.kr/article/XJPN6NE8FF4Y,"한 카페를 찾았다. 그때 가게 안에서 키우던 강아지가 갑자기 튀어나와 크게 짖었고, A씨는 “강아지 목줄 안 하고 뭐하는 거예요”라고 항의했다. 카페 업주 B씨의 반응은 사과가 아니었다. B씨는 “아저씨(A씨), 여기가...","Mon, 06 Jul 2026 18:06:00 +0900",2026-07-06 18:06:00
[오늘N]퇴근후N-여름 별미 콩국수,http://www.kjdaily.com/article.php?aid=1783328662681737227,http://www.kjdaily.com/article.php?aid=1783328662681737227,"> *카페프린스(인천 옹진군 영흥면) 한여름 저녁, 밥상과 카페, 가족 이야기가 한 화면에 담긴다. 오늘(6일) 방송되는 MBC '오늘N'은 더위에 지친 하루를 식혀줄 음식과 사람들의 이야기를 따라간다. 시원한 콩국수 한 그릇...","Mon, 06 Jul 2026 18:06:00 +0900",2026-07-06 18:06:00
진주 중앙동 주민자치위원회 선진지 견학 실시,http://www.gndomin.com/news/articleView.html?idxno=481095,http://www.gndomin.com/news/articleView.html?idxno=481095,"기반의 ""카페숲"" 마을 카페를 방문하여 생생한 경험과 노하우를 공유했다. 이지성 주민자치위원장은 ""이번 견학을 통해 주민자치위원회의 다양한 운영 모델을 직접 보고 배우는 뜻깊은 기회가 됐다""며 ""특히 이번 견학을...","Mon, 06 Jul 2026 18:04:00 +0900",2026-07-06 18:04:00
"광명스피돔, 7월 어린이 체험교실 운영... 동화·만들기 프로그램 마련",http://www.lawissue.co.kr/view.php?ud=20260706173316825807f28b58b8_12,http://www.lawissue.co.kr/view.php?ud=20260706173316825807f28b58b8_12,서울올림픽기념국민체육진흥공단 경륜경정총괄본부는 매주 토요일 광명스피돔 2층 어린이 북카페에서 어린이 문화교실 '스피돔 상상라운지'를 진행한다고 6일 밝혔다. 프로그램은 이야기를 듣는 데서 끝나지 않고 체험...,"Mon, 06 Jul 2026 18:04:00 +0900",2026-07-06 18:04:00
조롱 응원엔 '철퇴'...학생 미래 열어줄 해결책 필요,https://www.ytn.co.kr/_ln/0107_202607061803075516,https://m.sports.naver.com/kbaseball/article/052/0002375470,"대한야구(소프트볼)협회나 KBO에서 그런 부분을 잘 살펴서 선의의 피해자는 생기지 않는 방안도…] 회원 4만5천 명이 가입한 국내 최대 야구선수 학부모 온라인 카페에서도 어른들부터 반성하고, 지금부터라도 더그아웃...","Mon, 06 Jul 2026 18:03:00 +0900",2026-07-06 18:03:00
모차르트 탄생 270주년의 여름…잘츠부르크에서 꼭 가봐야 할 음악 여행...,https://www.tournews21.com/news/articleView.html?idxno=138055,https://www.tournews21.com/news/articleView.html?idxno=138055,"1700년에 문을 연 카페 토마셀리(Kaffeehaus Tomaselli)는 오스트리아에서 가장 오래된 커피하우스로, 모차르트와 그의 아버지가 즐겨 찾던 곳으로 알려져 있다. 바로 맞은편의 카페-콘디토라이 퓌르스트(Café...","Mon, 06 Jul 2026 18:02:00 +0900",2026-07-06 18:02:00
"우민아트센터, 문지혜 작가 개인전 '마음의 숲' 개막",https://www.jbnews.com/news/articleView.html?idxno=1507157,https://www.jbnews.com/news/articleView.html?idxno=1507157,14일까지 카페우민에서 개최한다. 이번 전시 '마음의 숲'은 스쳐 지나간 기억의 잔상과 내면 감정 흐름을... 2026 프로젝트스페이스 우민 다섯번째 전시8월 14일까지 카페 우민서 릴레이 형식 선봬기억의 잔상·감정 흐름...,"Mon, 06 Jul 2026 18:02:00 +0900",2026-07-06 18:02:00
"영주시, 일주일 살아보기·반값 여행 운영… 숙박·식사·체험 지원으로...",https://www.imaeil.com/page/view/2026070609393134985,https://n.news.naver.com/mnews/article/088/0001017763?sid=102,"지원을 받기 위해서는 유료 관광지 1곳을 포함해 관광지 2곳 이상을 방문하고 음식점과 카페 3곳 이상을 이용해야 하며, 숙박일 기준 하루 1회 이상 사진이 포함된 여행 후기를 개인 SNS에 게시하는 등 인증 조건을...","Mon, 06 Jul 2026 18:02:00 +0900",2026-07-06 18:02:00
여름철 대세 가전 등극 '얼음정수기' 다 똑같은 얼음일까?,https://news.jtbc.co.kr/article/NB12306876?influxDiv=NAVER,https://n.news.naver.com/mnews/article/437/0000499756?sid=101,"밖에서뿐 아니라 가정에서도 최근 홈 카페와 홈술, 하이볼 문화 유행으로 집집마다 얼음 사용량이 늘었습니다. 가정용 냉장고로는 얼음이 부족하고 번거로워 정수기에 제빙기능을 갖춘 얼음정수기를 찾는 수요도 크게...","Mon, 06 Jul 2026 18:00:00 +0900",2026-07-06 18:00:00
"[기획] 충남문화관광재단, '머무는 관광'으로 충남 관광 경쟁력 높인다",https://daily.hankooki.com/news/articleView.html?idxno=1383255,https://daily.hankooki.com/news/articleView.html?idxno=1383255,"당일 관광보다 숙박을 동반한 체류형 관광이 숙박업과 음식점, 카페, 체험시설, 전통시장 등 지역 전반에... 체험시설, 카페, 음식점, 숙박시설 등을 자유롭게 이용하거나 할인받을 수 있는 모바일 관광 자유이용권이다....","Mon, 06 Jul 2026 17:58:00 +0900",2026-07-06 17:58:00
"광주신세계, 호남 첫 영어키즈카페 '더 블루타이거' 오픈",https://www.namdonews.com/news/articleView.html?idxno=916002,https://www.namdonews.com/news/articleView.html?idxno=916002,광주신세계가 수도권에서 인기를 얻고 있는 영어키즈카페 '더 블루타이거'를 호남 최초로 선보인다. 광주신세계는 플레이스팟 2층에 영어키즈카페 더 블루타이거를 6일 개장한다고 밝혔다. 더 블루타이거는 유아들이...,"Mon, 06 Jul 2026 17:54:00 +0900",2026-07-06 17:54:00
"홈플러스 파산 기로··· 전주·효자점, 대량 실직 우려",http://www.jeollailbo.com/news/articleView.html?idxno=804601,http://www.jeollailbo.com/news/articleView.html?idxno=804601,"장을 보러 왔다가 식사하고 카페도 들르는 사람들이 많다""며 ""마트가 사라지면 우리 같은 소상공인들은 매출이 직접 줄어드는 구조""라고 말했다. 무엇보다 고용 충격에 대한 불안도 커지고 있다. 현재 전주점과 효자점의...","Mon, 06 Jul 2026 17:52:00 +0900",2026-07-06 17:52:00
"[시론담론] 골목길 숨결, 사회서비스 제공기관 유입서 답 찾자",https://www.jemin.com/news/articleView.html?idxno=839862,https://www.jemin.com/news/articleView.html?idxno=839862,"사람이 모이면 자연스럽게 인근의 식당, 카페 등으로 온기가 번지며 고정적인 소비 기반이 확충된다. 이는 인위적인 관광객 유치와 달리, 일상적이고 지속 가능한 경제 활력을 회복하는 기반이 된다. 그리고 원도심...","Mon, 06 Jul 2026 17:48:00 +0900",2026-07-06 17:48:00
'가짜뉴스 처벌법' 시행 D-1…포털·플랫폼 개정된 운영정책 공지,https://view.asiae.co.kr/article/2026070616021782054,https://n.news.naver.com/mnews/article/277/0005786179?sid=105,"다음은 다음 뉴스를 비롯해 다음 카페, 티스토리(블로그) 등의 공개 플랫폼 기능을 운영하고 있다. 이번 법 시행에 따라 플랫폼이 필요한 조치를 하지 않을 경우 방송미디어통신위원회는 시정명령을 할 수 있다. 정당한...","Mon, 06 Jul 2026 17:46:00 +0900",2026-07-06 17:46:00
"양천구, 용왕산 스카이워크 개장 이어 근린공원 새단장",https://www.seoul.co.kr/news/publicnews/seoul_local/news_seoul/2026/07/06/20260706500222?wlog_tag3=naver,https://n.news.naver.com/mnews/article/081/0003658780?sid=102,서울 양천구는 용왕산 숲속카페와 스카이워크 조성에 이어 용왕산 근린공원 일대의 노후 시설 정비와 경관... 앞서 구는 공원 내 장기간 방치돼 있던 옛 배수지 관사 시설을 리모델링해 지난해 12월 용왕산 숲속카페를...,"Mon, 06 Jul 2026 17:45:00 +0900",2026-07-06 17:45:00
"이동건, 제주 카페 1년 3개월만 '휴업'…""당분간 재정비""",https://www.mydaily.co.kr/page/view/2026070617244810435,https://m.entertain.naver.com/article/117/0004082013,"카페 측은 ""7월 9월비 부로 재정비의 시간을 가지게 됐다. 그동안 아껴주시고 찾아주셔서 진심으로 감사드린다""고 밝혔다. 이동건은 지난해 4월 제주 애월읍에 개인 카페를 열고 직접 운영을 시작했다. 개점 첫날부터 긴...","Mon, 06 Jul 2026 17:43:00 +0900",2026-07-06 17:43:00
"송파구, 연말 ‘성내천 수변활력거점’ 조성",https://www.siminilbo.co.kr/news/newsview.php?ncode=1160289955328389,https://www.siminilbo.co.kr/news/newsview.php?ncode=1160289955328389,"커뮤니티실·운동공간·카페 갖춰 ▲ 성내천 수변활려거점 조감도. (자료= 송파구청 제공) 서울 송파구(구청장... 1층에는 주민을 위한 커뮤니티실과 운동 공간이, 2층에는 한강 노을을 감상할 수 있는 카페가 자리한다....","Mon, 06 Jul 2026 17:43:00 +0900",2026-07-06 17:43:00
‘일자리ㆍ주거개선 1석2조’ 관악구 주거공간 스타일링 주목,https://www.dnews.co.kr/uhtml/view.jsp?idxno=202607061732231950151,https://www.dnews.co.kr/uhtml/view.jsp?idxno=202607061732231950151,"올해 기준 총 48개 일자리를 창출해냈고, △청사 내 ‘강감찬 카페’ △샤로수길 로컬브랜드 육성 △행정재산 청소용역 등 다양한 사업을 맡아 일자리 기반을 조성하고 있다. 박 구청장은 “일자리야말로 최고의 복지”...","Mon, 06 Jul 2026 17:42:00 +0900",2026-07-06 17:42:00
"""무섭노""는 일베식 표현이라는 조국... 반론이 이렇게 쏟아진다",https://www.wikitree.co.kr/articles/1145038,https://www.wikitree.co.kr/articles/1145038,"""쫌 무섭노""라는 표현은 2007년 9월 한 카페 게시물에, ""내가 생각해도 무섭노""라는 표현은 2008년 4월 다른 카페 게시물에 등장한다. 영화 '노인을 위한 나라는 없다'를 언급하며 ""귀엽노""라고 쓴 블로그 글도 2008년 3월...","Mon, 06 Jul 2026 17:42:00 +0900",2026-07-06 17:42:00
"부산경찰, 지역 카페와 신종 피싱 범죄 예방 홍보 '맞손'",https://www.news1.kr/local/busan-gyeongnam/6219361,https://n.news.naver.com/mnews/article/421/0009043594?sid=102,"부산 동래경찰서는 지역 로스터리 카페 '레이지모먼트'와 협업해 생활밀착형 범죄예방 홍보를 추진한다고... 경찰은 카페 마스코트를 활용한 디자인을 적용한 열쇠고리 등 한정판 굿즈를 제작·배포하고, QR코드를 통해...","Mon, 06 Jul 2026 17:41:00 +0900",2026-07-06 17:41:00
"""책임 정치·현장 의정 통해 결과로 증명해 내겠다""",https://www.jejumaeil.net/news/articleView.html?idxno=402524,https://www.jejumaeil.net/news/articleView.html?idxno=402524,"송 의장은 6일 도의회 도민카페에서 '제13대 도의회 출범 언론사 공동 대담'을 진행했다. 송 의장은 모두말씀을 통해 ""현재 제주가 처한 현실이 참으로 엄중하다""며 경기침체와 1차산업 위축, 인구구조 변동 등 ""복합적인...","Mon, 06 Jul 2026 17:40:00 +0900",2026-07-06 17:40:00
[매경춘추] 3분의 기다림,https://www.mk.co.kr/article/12091515,https://n.news.naver.com/mnews/article/009/0005703472?sid=110,그럴 때마다 나는 성수 카페에 한번 놀러오라고 답한다. 설명보다 커피 한 잔이 낫기 때문이다. 실제로... 이커머스 매니저인 나도 바리스타와 온라인 카페 페이지에 어떤 이미지가 고객에게 가장 편안하게 느껴질지...,"Mon, 06 Jul 2026 17:40:00 +0900",2026-07-06 17:40:00
"신안 농어촌 기본소득, 사용률 88%, 송미령 장관 ""섬 사용권역 개선 검토...",https://www.ajunews.com/view/20260706173345288,https://www.ajunews.com/view/20260706173345288,간담회 이후 송 장관은 기본소득 사용처인 퍼플섬의 한 카페를 찾아 운영 현황을 살펴보고 주민들의 의견을 들었다. 현장을 찾은 주민들은 기본소득 시행 이후 지역 상권 이용이 늘고 마을 공동체 분위기도 한층 활기를...,"Mon, 06 Jul 2026 17:38:00 +0900",2026-07-06 17:38:00
"'명곡 제조기' 레이나, 몸매 이정도였나…플라워 패턴 핑크 비키니 '반...",https://www.spotvnews.co.kr/news/articleView.html?idxno=826766,https://m.entertain.naver.com/article/477/0000616904,"2009년 그룹 애프터스쿨 멤버로 데뷔했으며, 2010년 애프터스쿨의 글로벌 유닛 오렌지캬라멜로도 활동하며 큰 사랑을 받았다. 그는 '까탈레나', '한여름밤의 꿀', '밥 영화 카페' 등 수많은 명곡을 제조한 것으로도 유명하다.","Mon, 06 Jul 2026 17:37:00 +0900",2026-07-06 17:37:00
"이현재 하남시장 ""아이 키우기 좋은 도시 만들겠다""…공공 키즈카페 확...",http://www.fieldnews.kr/news/articleView.html?idxno=29774,http://www.fieldnews.kr/news/articleView.html?idxno=29774,6일 오전 하남시 미사3동 행정복지센터 2층 공공형 키즈카페 '맘대로A+놀이터'에는 개장과 동시에 아이들의... 하남시는 이날 미사3동 공공형 키즈카페를 정식 개소하고 본격적인 운영에 들어갔다. '맘대로A+놀이터'는 183.21...,"Mon, 06 Jul 2026 17:36:00 +0900",2026-07-06 17:36:00
"전북특별자치도장애인복지관, 방학 중 장애청소년 행복캠프 운영",http://www.domin.co.kr/news/articleView.html?idxno=1560904,http://www.domin.co.kr/news/articleView.html?idxno=1560904,"행복캠프는 요리 체험, 동물카페 체험, 영화·미디어아트 관람, 공예 체험 등 청소년들이 즐겁게 참여할 수 있는 프로그램으로 구성되며, 총 8회기에 걸쳐 진행될 예정이다. 강병은 관장은 ""장애 청소년들이 지역사회 안에서...","Mon, 06 Jul 2026 17:34:00 +0900",2026-07-06 17:34:00
"전주시새마을 천년전주후원회 효사랑 어르신 삼계탕 3,000인분 나눔",http://www.domin.co.kr/news/articleView.html?idxno=1560882,http://www.domin.co.kr/news/articleView.html?idxno=1560882,"천사카페 등에서 '2026 효사랑 어르신 삼계탕 3,000인분 나눔행사'를 순차적으로 개최한다고 밝혔다.... 천사카페 등에서 '2026 효사랑 어르신 삼계탕 3,000인분 나눔행사'를 순차적으로 개최한다고 밝혔다. 이번 행사는...","Mon, 06 Jul 2026 17:34:00 +0900",2026-07-06 17:34:00
"[오늘의 건설브리핑] ""안전이 곧 경쟁력""···건설·공기업, AI부터 로봇...",https://www.smartbizn.com/news/articleView.html?idxno=147889,https://www.smartbizn.com/news/articleView.html?idxno=147889,"SK에코플랜트는 교육기업과 스터디카페, 프리미엄 커피 브랜드 운영사 등과 협력해 공동주택 커뮤니티 서비스를 대폭 강화한다. AI 학습관리 서비스와 프리미엄 독서실, 스페셜티 커피를 결합해 입주민들이 단지 안에서...","Mon, 06 Jul 2026 17:34:00 +0900",2026-07-06 17:34:00
"[건설오늘] 삼성물산, 래미안 디자인 국제무대 2년 연속 금상 外 SK에코...",https://www.newscj.com/news/articleView.html?idxno=3414890,https://www.newscj.com/news/articleView.html?idxno=3414890,"SK에코플랜트는 교육·카페 전문기업과 손잡고 입주민 서비스를 강화했다. 이 외에도 6일 건설업계 소식을... ◆SK에코플랜트, 교육·카페 서비스로 주거 경쟁력 강화 SK에코플랜트가 대교CNS, 아이엔지스토리, 학산과...","Mon, 06 Jul 2026 17:30:00 +0900",2026-07-06 17:30:00
"출시 앞둔 '라그나로크M: 클래식', 12일 이용자 소통으로 예열",https://www.ddaily.co.kr/page/view/2026070617211050750,https://n.news.naver.com/mnews/article/138/0002233303?sid=105,"이번 행사는 오는 12일 오후 2시부터 6시까지 서울 강남구 알베르 카페에서 열린다. 현장에는 사전 신청자 가운데 추첨으로 선정된 이용자와 인플루언서들이 참석한다. 행사는 개발진 질의응답, 지식 퀴즈, 럭키 드로우...","Mon, 06 Jul 2026 17:28:00 +0900",2026-07-06 17:28:00
"경기도교육청, 사교육 부담 낮춘다...자기주도학습센터 22곳으로 확대",https://www.ajunews.com/view/20260706172131262,https://www.ajunews.com/view/20260706172131262,"스터디카페 성격의 사업이다. 도내 학생들은 센터에서 학습 코디네이터의 도움을 받아 개별 학습계획을 세우고, 학습 상황을 점검받을 수 있다. 센터는 개별 열람실과 북카페 등 쾌적한 공간을 마련해 학생들이...","Mon, 06 Jul 2026 17:28:00 +0900",2026-07-06 17:28:00
'귀여운 할머니'가 꿈인 사장님이 '삽교'를 택한 이유,https://www.ohmynews.com/NWS_Web/View/at_pg.aspx?CNTN_CD=A0003249192&CMPT_CD=P0010&utm_source=naver&utm_medium=newsearch&utm_campaign=naver_news,https://n.news.naver.com/mnews/article/047/0002521680?sid=103,"삽교 한옥마을에서 3년을 보낸 뒤 덕산시장으로 옮겨 카페와 잡화점 '덕산상회'를 운영했다. 3년 전 우연히... 카페는 다시 하지 않을 생각이지만 책과 식물, 잡화가 함께하는 공간은 언젠가 꼭 만들고 싶다고 했다....","Mon, 06 Jul 2026 17:26:00 +0900",2026-07-06 17:26:00
"현대아울렛 동대문점 ""외국인 핫플레이스로 진화""",https://sports.hankooki.com/news/articleView.html?idxno=6935994,https://sports.hankooki.com/news/articleView.html?idxno=6935994,"이곳에는 '압구정 도슬박', '광화문 미진' 등 외국인 선호도가 높은 한식 맛집부터 강릉 커피 거리의 신화를 쓴 카페 '테라로사', 일본식 베이커리 '에키노마에', 멕시칸 푸드 전문 브랜드인 '쿠차라' 등 국내외 유명 F&B...","Mon, 06 Jul 2026 17:24:00 +0900",2026-07-06 17:24:00
'오늘N' 콩국수 맛집,https://www.bntnews.co.kr/article/view/bnt202607060153,https://www.bntnews.co.kr/article/view/bnt202607060153,영흥도에는 카페와 박물관을 결합한 독특한 공간이 있다. 30년 경력의 앤티크 딜러 신진철 씨는 아내와 함께... 체코 전통 굴뚝 빵과 감태 라테를 즐기며 바다 풍경과 앤티크 감성을 함께 만날 수 있는 이색 카페 이야기를...,"Mon, 06 Jul 2026 17:22:00 +0900",2026-07-06 17:22:00
"""기록 너머의 인생을 본다""… 유튜브 '천보성의 한끗야구' 7일 첫방, 양...",http://www.breaknews.com/1219562,http://www.breaknews.com/1219562,"그가 운영하는 횟집과 카페로 자리를 옮겨 진행된 토크에서는 선수 시절의 치열했던 추억은 물론, 은퇴 후 맨땅에 헤딩하듯 시작한 사업 이야기, 그리고 야구팬들이 가장 궁금해하는 '야구 현장 복귀'에 대한 솔직한...","Mon, 06 Jul 2026 17:20:00 +0900",2026-07-06 17:20:00
"'오늘N' 커피 한잔할래요?, 30년 앤티크 딜러가 만든 바다 뷰 박물관 카...",https://www.stardailynews.co.kr/news/articleView.html?idxno=541700,https://www.stardailynews.co.kr/news/articleView.html?idxno=541700,7월 6일 저녁 방영 예정인 MBC '오늘N'에서는 '커피 한잔할래요?' 코너를 통해 인천 영흥도에서 앤티크 가구와 바다 풍경이 어우러진 특별한 카페를 소개한다. 인천 옹진군 영흥도에는 카페와 박물관을 함께 즐길 수 있는...,"Mon, 06 Jul 2026 17:20:00 +0900",2026-07-06 17:20:00
"SK에코플랜트, 드파인 커뮤니티에 AI 독서실·전용 원두 들어간다",http://www.beyondpost.co.kr/view.php?ud=202607061712237177205868f676_30,http://www.beyondpost.co.kr/view.php?ud=202607061712237177205868f676_30,"아파트 커뮤니티 경쟁이 운동시설을 넘어 학습과 카페 서비스로 넓어지고 있다. SK에코플랜트는 대교CNS... 교육, 스터디카페, 커피 서비스를 단지 안 주민공동시설과 연결하는 방식이다. 대교CNS는 커뮤니티 독서실에...","Mon, 06 Jul 2026 17:18:00 +0900",2026-07-06 17:18:00
"천보성이 다시 찾은 레전드들, 이번엔 야구가 아닌 인생이다",https://www.dkilbo.com/news/articleView.html?idxno=547892,https://www.dkilbo.com/news/articleView.html?idxno=547892,"제작진은 그가 운영하는 방어 양식장과 카페, 횟집을 찾아 현역 시절 '양신'이 아닌 사업가 양준혁의 일상을 담았다. 선수 시절 이야기와 은퇴 이후 도전, 야구 현장 복귀에 대한 생각도 함께 풀어낸다. 이번 콘텐츠의...","Mon, 06 Jul 2026 17:16:00 +0900",2026-07-06 17:16:00
[트렌드+] 호두과자·육포·부침개…K과자의 이색 변주,https://www.shinailbo.co.kr/news/articleView.html?idxno=5038026,https://www.shinailbo.co.kr/news/articleView.html?idxno=5038026,마가렛트가 전국 유명 디저트 브랜드와 협업하는 '마가렛트가 찾아가는 카페 여행' 프로젝트의 첫 번째 제품이다. 마가렛트 호두과자맛은 복호두 대표 메뉴인 팥 호두과자를 마가렛트 스타일로 구현했다. 마가렛트 특유의...,"Mon, 06 Jul 2026 17:14:00 +0900",2026-07-06 17:14:00
“혈당 천천히 올린다”… 걸그룹 멤버도 빠진 ‘빵’의 정체,https://health.chosun.com/site/data/html_dir/2026/07/06/2026070602410.html,https://n.news.naver.com/mnews/article/346/0000112399?sid=103,"지난 3일 유튜브 채널 ‘와썹맨’에 공개된 영상에는 가수 박준형(56)이 미야오(MEOVV) 멤버 엘라(17), 수인(21)과 함께 이태원 투어를 하는 모습이 담겼는데, 이날 엘라는 한 카페에서 “사워도우 빵을 정말 좋아한다”고...","Mon, 06 Jul 2026 17:13:00 +0900",2026-07-06 17:13:00
[건설업계 브리핑] 삼성물산·SK에코플랜트·동부건설 外,https://daily.hankooki.com/news/articleView.html?idxno=1383162,https://daily.hankooki.com/news/articleView.html?idxno=1383162,"◇ SK에코플랜트, 교육·카페 서비스 결합한 주거서비스 강화 작심스터디카페(아이엔지스토리). 사진=SK에코플랜트 제공 SK에코플랜트는 대교CNS, 아이엔지스토리, 학산과 주거서비스 공급을 위한 업무협약을 체결했다....","Mon, 06 Jul 2026 17:10:00 +0900",2026-07-06 17:10:00
"핑크원더, 유럽 프리미엄 백화점 잇단 입점…원료 중심 철학으로 글로벌...",https://economist.co.kr/article/view/ecn202607060040,https://n.news.naver.com/mnews/article/243/0000100077?sid=101,-르 봉 마르셰·프랭땅·카데베 입점…유럽 소비자 접점 확대 -카페24 PRO 도입해 운영 효율 강화…브랜드... 핑크원더는 카페24의 프리미엄 서비스인 '카페24 PRO'를 도입해 검색엔진최적화(SEO)와 프로모션 운영 등 반복...,"Mon, 06 Jul 2026 17:09:00 +0900",2026-07-06 17:09:00
"태안군, 경로당의 변화...치매예방 위한 스터디카페로 탈바꿈",http://www.paxetv.com/news/articleView.html?idxno=276475,http://www.paxetv.com/news/articleView.html?idxno=276475,어르신 인지건강 프로그램 운영/[사진=태안군] [충남 태안군=팍스경제TV} 태안군이 경로당을 어르신들의 학습공간으로 꾸미는 민관협력 치매예방 프로그램'경로당 스터디카페' 운영에 들어갔습니다. 충청남도...,"Mon, 06 Jul 2026 17:06:00 +0900",2026-07-06 17:06:00
"'라그나로크M: 클래식', 12일 이용자 간담회 개최…16일 정식 출시",https://www.xportsnews.com/article/2168819,https://m.sports.naver.com/esports/article/311/0002030595,이용자 행사는 12일 오후 2시부터 6시까지 서울 강남 알베르 카페에서 진행한다. 그라비티는 '라그나로크M: 클래식'의 국내 정식 출시를 앞두고 CBT 기간 이용자들이 보내준 성원에 보답하고자 이번 자리를 마련했다....,"Mon, 06 Jul 2026 17:06:00 +0900",2026-07-06 17:06:00
[위클리오늘] 광양시 소식(7.6),http://www.weeklytoday.com/news/articleView.html?idxno=783702,http://www.weeklytoday.com/news/articleView.html?idxno=783702,"또한 인근 관광자원인 배알도별빛야영장과 섬진강요트체험장, 배알도 섬 정원, 지역 음식점과 카페 등을 연계한 관광 프로그램을 확대하고 적극적인 홍보를 통해 섬진강권 관광 경쟁력을 높인다는 방침이다. 이현주...","Mon, 06 Jul 2026 17:06:00 +0900",2026-07-06 17:06:00
"이동건, 제주 카페 약 1년 만에 휴업 ""재정비""",https://www.edaily.co.kr/news/newspath.asp?newsid=04536246645511896,https://m.entertain.naver.com/article/018/0006324036,배우 이동건이 운영하는 제주도 카페가 재정비 시간을 갖는다. 사진=이데일리DB 이동건이 운영하는 카페 측은 6일 사회관계망서비스(SNS)에 “7월 9일 부로 재정비의 시간을 가지게 됐다”며 “그동안 아껴주시고...,"Mon, 06 Jul 2026 17:05:00 +0900",2026-07-06 17:05:00
"공명 ""쉬지 않고 달려온 나에게 칭찬해주고 싶다"" [인터뷰]",https://www.hankookilbo.com/news/article/A2026070611230005013?did=NA,https://m.entertain.naver.com/article/469/0000940704,"작품 공개 후 서울 종로구 삼청동의 한 카페에서 만난 공명은 ""군대 선임과 친구들이 작품을 재미있게 봤다고 연락해줬다""며 ""(진)선규 형을 비롯해 배우들과 정말 즐겁게 촬영한 작품""이라고 밝혔다. '남편들'은 범죄...","Mon, 06 Jul 2026 17:04:00 +0900",2026-07-06 17:04:00
"이동건, 제주 카페 휴업 결정... ""그동안 찾아주셔서 감사""",https://www.insight.co.kr/news/561765,https://www.insight.co.kr/news/561765,"배우 이동건이 운영하는 제주도 카페가 개업 1년 3개월여 만에 재정비 시간을 갖는다. 6일 이동건의 카페 공식 계정은 ""7월 9일부로 재정비의 시간을 가지게 됐다""며 ""그동안 아껴주시고 찾아주셔서 진심으로 감사드린다...","Mon, 06 Jul 2026 17:04:00 +0900",2026-07-06 17:04:00
[뉴스워커_SK에코플랜트] AI 학습·스터디카페 도입…주거서비스 차별화,http://www.newsworker.co.kr/news/articleView.html?idxno=434848,http://www.newsworker.co.kr/news/articleView.html?idxno=434848,"SK에코플랜트가 AI 학습관리와 스터디카페, 프리미엄 카페 서비스를 아파트 주민공동시설에 도입하며 주거서비스 차별화에 나선다. SK에코플랜트는 대교CNS, 아이엔지스토리, 학산과 주거서비스 공급 및 사업 협력을...","Mon, 06 Jul 2026 17:02:00 +0900",2026-07-06 17:02:00
"[경북 브리핑 모음(7월 6일)] 경북도, 상반기 적극행정 우수공무원 5명 ...",https://www.dnews.co.kr/uhtml/view.jsp?idxno=202607060856470850001,https://www.dnews.co.kr/uhtml/view.jsp?idxno=202607060856470850001,지원을 받으려면 유료 관광지 1곳을 포함한 관광지 2곳 이상을 방문하고 음식점과 카페 3곳 이상을 이용해야 한다. 숙박일 기준 1박당 1회 이상 사진이 포함된 여행 후기를 개인 SNS에 게시하는 등 인증 조건도 충족해야...,"Mon, 06 Jul 2026 17:02:00 +0900",2026-07-06 17:02:00
'단 15㎝' 커피머신 상식을 깨다…獨 크룹스 한국 진출,https://www.shinailbo.co.kr/news/articleView.html?idxno=5038044,https://www.shinailbo.co.kr/news/articleView.html?idxno=5038044,좁은 공간에서도 부담 없이 사용할 수 있다는 장점을 앞세워 커피 소비량이 많은 한국 홈카페 시장을 적극... 여기에 일반 원두뿐 아니라 분쇄 원두 사용도 가능해 디카페인 등 다양한 취향의 커피를 즐길 수 있다....,"Mon, 06 Jul 2026 17:02:00 +0900",2026-07-06 17:02:00
"엑스오푸드빌리지, 이재명 신임 대표 선임…‘공간 융합 사업’ 속도 낸...",https://www.donga.com/news/Economy/article/all/20260706/134245462/1,https://n.news.naver.com/mnews/article/020/0003731852?sid=101,"최근 신규 만화카페 브랜드 ‘몽글’ 론칭, 콘텐츠 전문 출판사 ‘데일리북스’ 전략적 투자 등 종합 콘텐츠 기업으로 영역을 넓히고 있는 만큼, 향후 오프라인 공간을 중심으로 펼쳐질 융합 사업의 전개 방식에...","Mon, 06 Jul 2026 17:02:00 +0900",2026-07-06 17:02:00
"생각과 질문을 끌어내는 공간, 수원 지관서가를 가다",https://shindonga.donga.com/3/all/13/6287857/1,https://n.news.naver.com/mnews/article/262/0000019495?sid=103,"지관(止觀), 멈춰 바라본다는 의미의 이 공간은 도서관도 아니고 카페도 아니고 강연장도 아니다. 그러나 이 세 가지가 모두 있다. 서가에 비치된 책을 꺼내 읽어도 되고, 카페에서 이야기를 나눠도 되고, 아무것도 하지...","Mon, 06 Jul 2026 17:01:00 +0900",2026-07-06 17:01:00
"""볼만하니 끝났네""…고작 6부작인데 100만뷰, '도시여자대피소'가 터진...",https://www.tenasia.co.kr/article/2026070679944,https://m.entertain.naver.com/article/312/0000766632,"웃기기 위해 억지 상황을 만들거나 과한 리액션을 앞세우기보다는 친구들과 카페에 앉아 수다를 떠는 듯한 편안한 분위기 속에서 배우, 출판 편집자, 크리에이터 등 서로 다른 직업을 가진 출연진들이 자신의 경험을...","Mon, 06 Jul 2026 17:01:00 +0900",2026-07-06 17:01:00
"[유통가Info.] 다이소, 올해 상반기도 '뷰티' 상품 인기 外",https://www.sisaweek.com/news/articleView.html?idxno=236540,https://www.sisaweek.com/news/articleView.html?idxno=236540,"얼음정수기에 커피 기능을 더한 코웨이의 카페 얼음정수기도 AI혁신상을 수상했습니다. 전문 브루잉 기술로... 정수기는 얼음정수기로, 그리고 얼음정수기가 다시 커피 추출 기능이 더해진 카페 얼음정수기로...","Mon, 06 Jul 2026 16:58:00 +0900",2026-07-06 16:58:00
'체험 마케팅' 앞세운 하이트진로…영국 거점으로 유럽 '정조준',https://www.ezyeconomy.com/news/articleView.html?idxno=237149,https://www.ezyeconomy.com/news/articleView.html?idxno=237149,"현재 JINRO는 영국을 포함한 대부분의 유럽 국가에서 판매되고 있으며 앞으로는 아시안 마켓을 넘어 현지 메인스트림 유통채널과 호텔·레스토랑·카페(HoReCa), 면세 및 여행 소매(Travel Retail) 채널까지 판매망을 넓힐...","Mon, 06 Jul 2026 16:56:00 +0900",2026-07-06 16:56:00
"미국인, 하루 사람 만나는 시간 45분→35분…20년 새 10분 감소",https://www.hani.co.kr/arti/international/america/1266927.html,https://n.news.naver.com/mnews/article/028/0002812874?sid=104,"이 외에도 주거 환경 개선과 배달 문화 확산으로 외출이 줄어든 데다, 도서관·카페·박물관·교회 등 사람들이 모이던 공간까지 감소하면서 대면 교류 기회가 크게 줄어든 것으로 전문가들은 진단했다.","Mon, 06 Jul 2026 16:54:00 +0900",2026-07-06 16:54:00
[맛있는 여행] 114-한국의 부룩클린(Brooklyn) 성수동을 걸으며 맛에 빠...,https://www.joongdo.co.kr/web/view.php?key=20260706010001372,https://www.joongdo.co.kr/web/view.php?key=20260706010001372,"서울의 핫플레이스 하면 떠 오르는 곳이 바로 성수동 카페거리다. 젊은이들의 발걸음이 멈추지 않는 이곳을... 오래된 공장지대, 구두 공방 골목으로 대표되던 성수동 연무장길이 트렌디한 카페와 문화공간으로...","Mon, 06 Jul 2026 16:54:00 +0900",2026-07-06 16:54:00
"송영훈 의장 ""관권선거 의혹 송구""제2공항은 ""엄정 검증""",https://www.newsfreezone.co.kr/news/articleView.html?idxno=698100,https://www.newsfreezone.co.kr/news/articleView.html?idxno=698100,"송 의장은 6일 제주도의회 도민카페에서 열린 취임 기자간담회에서 관련 질문을 받고 ""이유를 막론하고 도민께 심려를 끼쳐드린 점에 대해 송구스럽게 생각한다""며 ""현재 관련 절차가 진행 중인 만큼 필요한 부분이 있다면...","Mon, 06 Jul 2026 16:52:00 +0900",2026-07-06 16:52:00
"""애국기업 못잃어""…한성기업, 제품구매·주식매수 인증 확산",https://www.asiatoday.co.kr/kn/view.php?key=20260706010002048,https://www.asiatoday.co.kr/kn/view.php?key=20260706010002048,"스레드, 네이버 카페 등 주요 SNS와 온라인 커뮤니티에는 ""이런 애국기업은 우리가 지켜야 한다"", ""당장 마트에 크래미 사러 간다"", ""그동안 몰라봐서 미안하다. 한성기업 살리기에 동참해달라""는 내용의 글이 급증하고 있다....","Mon, 06 Jul 2026 16:48:00 +0900",2026-07-06 16:48:00
조롱 응원엔 '철퇴'...학생 미래 열어줄 해결책 필요,https://www.ytn.co.kr/_ln/0107_202607061647247790,https://m.sports.naver.com/kbaseball/article/052/0002375408,"대한야구(소프트볼)협회나 KBO에서 그런 부분을 잘 살펴서 선의의 피해자는 생기지 않는 방안도…] 회원 4만5천 명이 가입한 국내 최대 야구선수 학부모 온라인 카페에서도 어른들부터 반성하고, 지금부터라도 더그아웃...","Mon, 06 Jul 2026 16:47:00 +0900",2026-07-06 16:47:00
"담양군, 자활근로 참여자 100여 명 한자리에…화합의 장 마련",http://www.newsmaker.or.kr/news/articleView.html?idxno=178690,http://www.newsmaker.or.kr/news/articleView.html?idxno=178690,"카페 운영을 비롯해 청소·소독, 영농, 용역, 중고 사무용 가구 판매 등 7개 사업단을 통해 경제활동을 지원하고 있으며, 자격증 취득과 취업 연계 프로그램도 함께 진행하고 있다.","Mon, 06 Jul 2026 16:46:00 +0900",2026-07-06 16:46:00
[대한루마니아인 한국생활] “친구인데 왜 집에 안 부를까?” 외국인이...,https://www.wikitree.co.kr/articles/1145030,https://www.wikitree.co.kr/articles/1145030,"하지만 한국에서는 친해져도 집보다 카페, 식당, 술집에서 만나는 경우가 훨씬 많았다. 외국인 눈에 한국의... 분명히 자주 만나고, 밥도 먹고, 카페도 가고, 술도 마시는데 이상하게 집에 초대받는 일은 많지 않았다....","Mon, 06 Jul 2026 16:46:00 +0900",2026-07-06 16:46:00
"장량동 지역사회보장협의체, 복지 역량 강화를 위한'힐링 워크숍'개최",https://www.dkilbo.com/news/articleView.html?idxno=547862,https://www.dkilbo.com/news/articleView.html?idxno=547862,"위원들은 베어트리파크 일정에 이어 인근 카페에서 자체 회의를 열고, 오는 16일 실시하는 저소득 소외계층 삼계탕 지원사업 '건강한 여름나기 복달임데이' 등 하반기 특화사업의 구체적인 추진 방향과 아이디어를...","Mon, 06 Jul 2026 16:46:00 +0900",2026-07-06 16:46:00
[TALK&TALK] 피아니스트 희석 엘리아스 아클리 “‘음악적 고향’ 대구서...,https://www.yeongnam.com/web/view.php?key=20260706029332453,https://www.yeongnam.com/web/view.php?key=20260706029332453,"당일 공연에 앞서 만난 그와 한 카페에서 음악적 이야기를 나눠봤다. 희석 아클리는 열두 살부터 영국 유학길에 올라 맨체스터 체텀 음악학교부터 미국 커티스 음악원, 줄리아드 음대 석사 과정까지 밟았다. 피아니스트...","Mon, 06 Jul 2026 16:46:00 +0900",2026-07-06 16:46:00
“대중 눈치 보면 허문오처럼 돼”···‘천만 배우’ 최민식이 덤덤하...,https://www.khan.co.kr/article/202607061645001,https://n.news.naver.com/mnews/article/032/0003456383?sid=103,"지난 2일 서울 종로구 한 카페에서 인터뷰한 최민식은 “오래간만에 연극 한 편 한 것 같다”며 “생각할 여지가 있는 드라마를, 아직까지는 많은 분이 진지하게 봐주시는구나(싶어서) 굉장히 다행스러웠다”고 말했다. 은...","Mon, 06 Jul 2026 16:45:00 +0900",2026-07-06 16:45:00
"[르포] “휴식까지 관리의 영역”…세라젬 웰라운지, '회복 경제' 수요...",https://www.ddaily.co.kr/page/view/2026070615320087257,https://n.news.naver.com/mnews/article/138/0002233288?sid=105,겉보기엔 여느 카페와 다르지 않다. 그러나 커피 한 잔을 주문하면 뜻밖의 보상책이 뒤따른다. 다름 아닌... 카페처럼 쉽게 방문할 수 있도록 문턱을 낮춘 것이다. 구매를 전제로 한 쇼룸이라기보다는 일단 앉고 누워보고...,"Mon, 06 Jul 2026 16:45:00 +0900",2026-07-06 16:45:00
"그라비티, '라그나로크M: Classic' 유저 간담회 연다…16일 국내 출시",https://www.pinpointnews.co.kr/news/articleView.html?idxno=465985,https://www.pinpointnews.co.kr/news/articleView.html?idxno=465985,그라비티는 오는 12일 서울 강남 알베르 카페에서 '라그나로크M: Classic' 유저 간담회 'Fun & Fan Day'를 개최한다고 6일 밝혔다. 이번 행사는 국내 정식 론칭에 앞서 개발진과 유저가 직접 소통하는 자리로 마련됐다....,"Mon, 06 Jul 2026 16:44:00 +0900",2026-07-06 16:44:00
[뮤즈★] 이동건 제주 카페 돌연 휴업…성수 팝업까지 했는데 1년 3개월...,https://www.heraldmuse.com/article/10799786?ref=naver,https://m.entertain.naver.com/article/112/0003800643,배우 이동건이 제주도에 차린 카페가 휴업 소식을 알렸다. 이는 오픈 1년 3개월 만이다. 6일 이동건이 운영하는 카페 공식 SNS(사회관계망서비스)에는 “7월 9일부로 재정비의 시간을 가지게 됐다”며 “그동안...,"Mon, 06 Jul 2026 16:42:00 +0900",2026-07-06 16:42:00
"포스코노조 '아이언런 2026' 성료…5천여 명 참가, 지역경제도 '활짝'",https://www.pressian.com/pages/articles/2026070616301008583?utm_source=naver&utm_medium=search,https://n.news.naver.com/mnews/article/002/0002447407?sid=102,"전국 각지에서 찾은 참가자와 가족들이 영일대해수욕장 일대에 머물며 식당과 카페, 숙박업소 등을 이용해 지역 상권에도 활기를 불어넣었다. 대회 코스는 철강산업의 상징성을 담아 구성됐다. 포스코노조 창립...","Mon, 06 Jul 2026 16:40:00 +0900",2026-07-06 16:40:00
블루베리를 껍질과 씨까지 통째로 먹는 법…정관장 ‘굿베이스 유기농...,https://cooknchefnews.com/news/view/1065595210175328,https://cooknchefnews.com/news/view/1065595210175328,"담고 물과 설탕을 더하지 않아, 한 팩 안에 무엇이 들어 있는지를 분명하게 알고 싶은 소비자에게 잘 어울린다. 여름 야외 활동부터 아침 식사와 홈 카페까지, 블루베리 본연의 맛을 여러 장면에서 활용할 수 있는 제품이다.","Mon, 06 Jul 2026 16:40:00 +0900",2026-07-06 16:40:00
[게임버프] '넷마블·펄어비스·스마일게이트' 등 주요 소식,http://www.finomy.com/news/articleView.html?idxno=256849,http://www.finomy.com/news/articleView.html?idxno=256849,"그라비티는 개발진과 이용자가 의견을 나누는 이번 행사를 서울 강남구 알베르 카페에서 오후 2시부터 6시까지 진행한다고 6일 밝혔다. 지식 퀴즈와 럭키 드로우, 이용자 간 자유 교류 등 프로그램이 이뤄질 예정이며...","Mon, 06 Jul 2026 16:40:00 +0900",2026-07-06 16:40:00
박카스와 사이다로 시작한 ‘얼박사’가 카페에 들어왔다! 이디야커피×...,https://cooknchefnews.com/news/view/1065594402006231,https://cooknchefnews.com/news/view/1065594402006231,"박카스와 사이다, 얼음을 섞어 마시던 소비자 레시피가 완제품을 거쳐 카페 메뉴로 다시 변신한다.... 소비자가 만든 아이디어가 브랜드 상품이 되고, 다시 카페의 시즌 메뉴로 확장된 셈이다. 이번 협업은 얼박사의 맛을...","Mon, 06 Jul 2026 16:40:00 +0900",2026-07-06 16:40:00
"한경국립대, 장애인 창업지원 본격화…5년간 25억원 투입",https://www.shinailbo.co.kr/news/articleView.html?idxno=5038014,https://www.shinailbo.co.kr/news/articleView.html?idxno=5038014,"센터는 AI 데이터 라벨링과 안마원, AI 이커머스 전자상거래, AI 로봇 상생카페, AI 스마트팜 팩토리 등 5개... AI 이커머스 전자상거래 창업교육은 오는 15일까지, AI 로봇 상생카페는 다음달 1일까지, AI 스마트팜 팩토리는...","Mon, 06 Jul 2026 16:38:00 +0900",2026-07-06 16:38:00
롯데리아·졸리비 판치는 베트남 치킨 시장…BBQ '복합 다이닝' 통할까...,https://www.insidevina.com/news/articleView.html?idxno=43531,https://www.insidevina.com/news/articleView.html?idxno=43531,"이 때문에 베트남에 진출한 한국 치킨 브랜드들은 저마다의 차별화 전략을 가져가고 있지만, 대체로 배달·테이크아웃보다는 현지 중산층의 라이프스타일을 공략하기 위해 대형화·고급화된 카페형 복합 다이닝 공간을...","Mon, 06 Jul 2026 16:38:00 +0900",2026-07-06 16:38:00
"송영훈 의장 ""공무원 선거 개입 의혹 연루 송구""",http://www.samdailbo.com/news/articleView.html?idxno=267113,http://www.samdailbo.com/news/articleView.html?idxno=267113,송영훈 제주특별자치도의회 의장이 6일 제주도의회 도민카페에서 열린 기자 간담회에서 발언하고 있다.... 송영훈 제주특별자치도의회 의장이 6일 제주도의회 도민카페에서 열린 기자 간담회에서 발언하고 있다....,"Mon, 06 Jul 2026 16:36:00 +0900",2026-07-06 16:36:00
우리 집 강아지는 서울시 공무원입니다 [곽민지의 반려인간 리얼리티],https://www.hankyung.com/article/202606294058i,https://n.news.naver.com/mnews/article/015/0005306722?sid=103,"회사고 카페고 둘이서만 다녔는데, 이곳은 그보다는 수능 시험장에 가까웠다. 부모님이 문 앞에서 기다리고 후배들이 응원을 온 듯한 풍경을 지나 조용히 접수대로 향했다. ""아이 이름이 어떻게 될까요?"" ""김정원이요....","Mon, 06 Jul 2026 16:35:00 +0900",2026-07-06 16:35:00
"러닝족 겨냥한 이디야커피, 동아제약 '얼박사' 손잡고 여름 음료 선봬",http://www.thefirstmedia.net/news/articleView.html?idxno=203087,http://www.thefirstmedia.net/news/articleView.html?idxno=203087,"사진=이디야커피 카페업계가 여름 성수기를 맞아 이색 협업을 앞세운 시즌 음료 경쟁에 나서고 있다. 기능성... 세 제품 모두 타우린과 비타민 B1, 카페인을 함유했다. '얼박샷추'는 얼박사의 상큼한 맛에 에스프레소를 더한...","Mon, 06 Jul 2026 16:34:00 +0900",2026-07-06 16:34:00
"망하지 않는 식당의 비밀은? 서울시, 외식 창업 11기 청년 모집",https://www.seoul.co.kr/news/society/2026/07/06/20260706500190?wlog_tag3=naver,https://n.news.naver.com/mnews/article/081/0003658749?sid=102,시에 거주하는 만 19~39세 청년 중 외식·카페 등 식음료 분야 예비 창업자가 모집 대상이다. 참여 희망자는 오는 8월 3일까지 ‘서울시 소상공인 종합지원 포털’에서 온라인으로 접수하면 된다. 시는 서류와 면접 심사를...,"Mon, 06 Jul 2026 16:32:00 +0900",2026-07-06 16:32:00
"컴투스홀딩스 '파우팝 매치', 카톡·카페서 선공개",https://www.m-i.kr/news/articleView.html?idxno=1388679,https://www.m-i.kr/news/articleView.html?idxno=1388679,파우팝 매치 이미지. 사진=컴투스홀딩스 제공 매일일보 = 안종열 기자  |  컴투스홀딩스가 모바일 퍼즐 게임 '파우팝 매치'를 카카오톡과 카카오페이를 통해 국내에 선공개하며 글로벌 출시 준비에 나섰다. 컴투스홀딩스는...,"Mon, 06 Jul 2026 16:32:00 +0900",2026-07-06 16:32:00
최저임금 막판 줄다리기…대학생 희망 알바 시급 '1만1595원' [데이터클...,https://www.etoday.co.kr/news/view/2600757,https://www.etoday.co.kr/news/view/2600757,"선호하는 아르바이트 업직종은 '매장관리·판매'(54.3%, 복수응답)가 가장 많았으며, 이어 '카페·디저트'(49.6%), '관공서'(34.3%), '사무보조'(27.0%) 등으로 나타났다. 아르바이트를 구할 때 가장 중요하게 고려하는...","Mon, 06 Jul 2026 16:32:00 +0900",2026-07-06 16:32:00
"덱툰(DeckToon), 자체 캐릭터 ‘두디(Doodi)’ 리액션 스티커 출시",https://www.donga.com/news/Economy/article/all/20260706/134245230/1,https://n.news.naver.com/mnews/article/020/0003731841?sid=101,"국내 유통 채널인 네이버 OGQ 마켓은 크리에이터들의 디지털 콘텐츠를 판매·구매하는 플랫폼으로, 등록된 스티커 콘텐츠는 네이버 블로그와 카페 등 연동된 파트너 서비스 내에서 활용이 가능하다. 이번...","Mon, 06 Jul 2026 16:31:00 +0900",2026-07-06 16:31:00
"이동건, 제주 카페 돌연 영업 중단…""재정비 시간 갖겠다"" 무슨 일",https://www.sportschosun.com/entertainment/2026-07-06/202607060100038350002247,https://m.entertain.naver.com/article/076/0004422931,"배우 이동건이 직접 운영 중인 제주 카페가 재정비를 위해 잠시 영업을 중단한다. 6일 이동건 카페 공식 SNS에는 ""7월 9일부터 재정비의 시간을 갖게 됐다""는 내용의 안내문이 게재됐다. 카페 측은 ""그동안 저희 매장을...","Mon, 06 Jul 2026 16:31:00 +0900",2026-07-06 16:31:00
1인가구 10년① '1인분 불가'가 사라졌다…혼밥이 바꾼 10년,http://www.dailypop.kr/news/articleView.html?idxno=100231,http://www.dailypop.kr/news/articleView.html?idxno=100231,"식당은 2인분 주문을 요구했고, 카페에는 1인석을 찾기 어려웠다. 그 무렵 데일리팝은 처음으로 1인가구를... 식당에는 혼자 앉을 수 있는 바 테이블이 늘었고, 카페에는 1인석이 자연스럽게 배치된다. 혼자 식사하는...","Mon, 06 Jul 2026 16:30:00 +0900",2026-07-06 16:30:00
커피를 마시는 또 다른 재미 '커피잔은 과학',http://www.samdailbo.com/news/articleView.html?idxno=267108,http://www.samdailbo.com/news/articleView.html?idxno=267108,"우리가 카페에서 무심코 집어 드는 잔이지만, 그동안에는 모양에만 관심을 보였지 잔이 커피 맛에 관여하고 있었다는 사실까지는 알 수 없었다. 눈으로 색과 점도를 확인하고, 코로 향을 모으고, 손과 입술로 온도와 질감을...","Mon, 06 Jul 2026 16:30:00 +0900",2026-07-06 16:30:00
영주 '일주일 살아보기' 재개…체류형 관광으로 지역상권 살린다,https://www.kyongbuk.co.kr/news/articleView.html?idxno=4077493,https://www.kyongbuk.co.kr/news/articleView.html?idxno=4077493,"다만 지원을 받기 위해서는 관광지 방문과 음식점·카페 이용, 여행 후기 작성 등 일정한 인증 절차를... 숙박과 외식, 카페, 문화체험, 전통시장 이용까지 소비가 다양한 업종으로 확산되면서 소상공인의 매출 증가에도...","Mon, 06 Jul 2026 16:28:00 +0900",2026-07-06 16:28:00
“교회 일 하지 마세요” 그랬더니 3년만에 400명 모여,https://www.kmib.co.kr/article/view.asp?arcid=0030070927&code=61221111&cp=nv,https://n.news.naver.com/mnews/article/005/0001859226?sid=103,주일에는 교회 카페도 열지 않고 주변 상점을 이용하도록 권한다. 지역 상권과 함께 호흡하려는 의도이자 성도들이 주일 봉사로 소진되지 않게 하려는 장치다. 공간 설계에도 우선순위가 드러난다. 자모실은 3개 공간으로...,"Mon, 06 Jul 2026 16:26:00 +0900",2026-07-06 16:26:00
"경기도교육청, 자기주도학습센터 22곳 운영",http://www.metroseoul.co.kr/article/20260706500392,http://www.metroseoul.co.kr/article/20260706500392,"스터디카페로, 학생들이 학습 코디네이터의 도움을 받아 개인별 학습계획을 수립하고 체계적인 학습 관리를 받을 수 있도록 지원한다. 학생들은 개별 열람실과 북카페 등 쾌적한 학습공간에서 EBS 연계 학습 콘텐츠를...","Mon, 06 Jul 2026 16:24:00 +0900",2026-07-06 16:24:00
"그라비티 '라그나로크M: 클래식' 16일 국내 출시, 12일 이용자 간담회",https://www.businesspost.co.kr/BP?command=article_view&num=441649,https://www.businesspost.co.kr/BP?command=article_view&num=441649,회사는 정식 출시를 앞두고 오는 12일 서울 강남의 알베르 카페에서 이용자 간담회를 연다. 오후 2시부터 4시간 동안 진행되는 이 행사에서는 개발팀이 직접 궁금한 점을 답변해 주는 시간 등 다양한 프로그램이...,"Mon, 06 Jul 2026 16:24:00 +0900",2026-07-06 16:24:00
"광양시, '섬진강별빛스카이' 운영 정상화와 4색 캠핑 여름 관광객 유치",https://www.newsfreezone.co.kr/news/articleView.html?idxno=698089,https://www.newsfreezone.co.kr/news/articleView.html?idxno=698089,"특히, 배알도별빛야영장, 섬진강요트체험장, 배알도 섬 정원, 망덕포구, 지역 음식점과 카페 등 주변 관광자원과 연계한 체험 프로그램을 확대하고 홍보·마케팅을 강화해 섬진강권 관광 활성화를 추진할 방침이다. 이와...","Mon, 06 Jul 2026 16:22:00 +0900",2026-07-06 16:22:00
[건설레이더] 현대엔지니어링·두산건설·SK에코플랜트·롯데건설 주요...,http://www.finomy.com/news/articleView.html?idxno=256889,http://www.finomy.com/news/articleView.html?idxno=256889,"◆ SK에코플랜트, 대교CNS·아이엔지스토리·학산과 주거서비스 협력 SK에코플랜트가 교육·카페 등... 대교CNS는 AI 기반 학습 케어 서비스 '터그보트'를, 아이엔지스토리는 스터디카페 브랜드 '작심'의 인테리어와...","Mon, 06 Jul 2026 16:20:00 +0900",2026-07-06 16:20:00
"인프라 부족 없는 도시 생활, '역곡지구 하우스토리' 본청약 일정",https://www.apnews.kr/news/articleView.html?idxno=3049545,https://www.apnews.kr/news/articleView.html?idxno=3049545,"역세권 상권에는 음식점, 카페, 학원가, 병·의원, 금융시설 등이 밀집해 있으며, 인근에는 전통시장도 위치해 있어 일상적인 장보기 여건이 마련돼 있다. 차량 이동 시 중동·상동 신도시의 대형 쇼핑·문화 인프라까지...","Mon, 06 Jul 2026 16:20:00 +0900",2026-07-06 16:20:00
"완도군, 반값 여행·단체 관광 인센티브 효과 '톡톡'",https://www.pressian.com/pages/articles/2026070612170976247?utm_source=naver&utm_medium=search,https://n.news.naver.com/mnews/article/002/0002447398?sid=102,"이 사업은 관광객이 숙박·식당·카페 이용, 특산품 구매 등으로 사용한 비용의 절반을 모바일 완도사랑상품권으로 환급해 주는 제도다. 이와 함께 일정 요건을 충족한 여행사에 인센티브를 지원하는 '단체 관광객 유치...","Mon, 06 Jul 2026 16:20:00 +0900",2026-07-06 16:20:00
"SK에코플랜트, 교육ㆍ카페 전문 브랜드와 주거서비스 모델 차별화",https://www.dnews.co.kr/uhtml/view.jsp?idxno=202607060947577080022,https://www.dnews.co.kr/uhtml/view.jsp?idxno=202607060947577080022,SK에코플랜트가 교육ㆍ카페 등 전문서비스를 결합한 주민공동시설을 도입해 주거서비스 모델 차별화에... 아이엔지스토리는 스터디카페 전문 브랜드 ‘작심’의 프리미엄 인테리어와 서비스를 커뮤니티 공간에...,"Mon, 06 Jul 2026 16:20:00 +0900",2026-07-06 16:20:00
“한국시장 입성 자체가 스펙입니다”…글로벌 F&B가 韓 진출하는 이유...,https://www.mk.co.kr/article/12091364,https://n.news.naver.com/mnews/article/009/0005703387?sid=101,"이에 따라 국내 외식·카페 시장을 둘러싼 경쟁도 한층 치열해질 것으로 예상된다. 6일 업계에 따르면 미국 프리미엄 아이스크림 브랜드 밴루엔과 멕시칸 푸드 브랜드 치폴레, 중국 밀크티 브랜드 차지 등 글로벌 F&B...","Mon, 06 Jul 2026 16:19:00 +0900",2026-07-06 16:19:00
"이동건, 제주 카페 임시 휴업 끝에 재정비 “그동안 찾아주셔서 감사”",https://www.newsen.com/news_view.php?uid=202607061443112110,https://m.entertain.naver.com/article/609/0001142858,"배우 이동건이 운영 중인 제주 카페가 재정비를 위한 휴업에 들어간다. 6일 이동건 카페의 공식 소셜미디어에는 ""7월 9일부로 재정비의 시간을 가지게 됐다""는 공지가 올라왔다. 카페 측은 ""그동안 아껴주시고 찾아주셔서...","Mon, 06 Jul 2026 16:19:00 +0900",2026-07-06 16:19:00
"하남시, '공공형 키즈카페' 3호 미사3동에 개소",https://www.yna.co.kr/view/AKR20260706121500061?input=1195m,https://n.news.naver.com/mnews/article/001/0016178532?sid=102,"경기 하남시는 6일 영·유아를 위한 세 번째 공공형 키즈카페 '맘대로 A+놀이터'를 미사3동 행정복지센터에... 한편 하남시 공공형 키즈카페 1호점은 2024년 6월 감일공공복합청사에 처음 문을 열었으며, 2호점은 지난해 4월...","Mon, 06 Jul 2026 16:19:00 +0900",2026-07-06 16:19:00
영어 키즈카페 '더 블루타이거' 호남 첫 매장 문 열어,http://www.jndn.com/article.php?aid=1783322101435553100,http://www.jndn.com/article.php?aid=1783322101435553100,광주신세계가 키즈영어카페로 유명한 ‘더 블루타이거’의 호남 첫 매장을 선보인다. 차별화된... 광주신세계는 이러한 트렌드에 맞춰 6일 플레이스팟 2층에 키즈영어카페 ‘더 블루타이거’ 문을 열었다. 더...,"Mon, 06 Jul 2026 16:18:00 +0900",2026-07-06 16:18:00
"""얼박사도 샷추가 시대""…동아제약, 이디야와 여름 음료 공략",https://www.megaeconomy.co.kr/news/newsview.php?ncode=1065597166673091,https://www.megaeconomy.co.kr/news/newsview.php?ncode=1065597166673091,"에너지 드링크의 청량감과 카페 메뉴의 대중성을 결합해 소비자 접점을 넓히겠다는 전략이다. 동아제약은... 세 제품 모두 타우린과 비타민 B군, 카페인을 함유해 여름철 활력 충전 콘셉트를 강조했다. ‘얼박샷추’는...","Mon, 06 Jul 2026 16:18:00 +0900",2026-07-06 16:18:00
"SK에코플랜트, 교육·카페 결합 '드파인' 주거 서비스 차별화",https://www.cstimes.com/news/articleView.html?idxno=712372,https://www.cstimes.com/news/articleView.html?idxno=712372,교육·카페 분야 전문서비스 기업 3곳과 손잡고 공동주택 주민공동시설 운영 모델을 다각화한다고 6일... 아이엔지스토리는 스터디카페 전문 브랜드 작심의 프리미엄 인테리어와 서비스를 커뮤니티 공간에 들인다....,"Mon, 06 Jul 2026 16:18:00 +0900",2026-07-06 16:18:00
"음악회·미팅·서핑·요트, 이걸 다 절에서?…힙한 불교의 여름 특선",https://www.hani.co.kr/arti/society/religious/1266918.html,https://n.news.naver.com/mnews/article/028/0002812865?sid=103,"수도권·강원권에 거주하는 미혼남녀 20명이 참여하는 이번 시즌에선 낙산사 다래헌 카페에서 진행하는 1 대 1 로테이션 차담, 낙산 해변 커플요가 등 프로그램을 통해 자연스럽고 편안한 만남을 이어간다. 낙산사는 2024년...","Mon, 06 Jul 2026 16:18:00 +0900",2026-07-06 16:18:00
"'16살 연하♥' 이동건, 1년 만에 제주 카페 휴업→재정비...""이 속도면 가...",https://mhnse.com/news/articleView.html?idxno=1454125,https://m.entertain.naver.com/article/445/0000435811,"출처:MHN DB 배우 이동건이 운영하는 것으로 알려진 카페가 재정비에 들어간다. 카페 측은 6일 공식 계정을 통해 ""저희 카페는 7월 9일부터 재정비의 시간을 가지게 됐습니다""라고 밝혔다. 이어 ""그동안 저희 카페를...","Mon, 06 Jul 2026 16:18:00 +0900",2026-07-06 16:18:00
"183.21㎡ 규모 평일 3회차 가동…하남시, 미사3동 공공형 키즈카페 개소",https://www.incheonilbo.com/news/articleView.html?idxno=1326637,https://www.incheonilbo.com/news/articleView.html?idxno=1326637,▲ 하남시는 6일 미사3동에 공공형 키즈카페를 개소했다./사진제공=하남시. 하남시 지역 내 새로 마련된 공공형 키즈카페 시설은 월요일부터 금요일까지 평일 주 5일간 가동된다. 이용 시간은 90분씩 총 3개 회차로...,"Mon, 06 Jul 2026 16:16:00 +0900",2026-07-06 16:16:00
곡성서 제주·양양 바다 미시생물 만난다,https://www.kukinews.com/article/view/kuk202607060151,https://www.kukinews.com/article/view/kuk202607060151,사단법인 해양시민과학조사단 산하 ‘달팽이반’은 오는 8월 5일까지 곡성읍 ‘갤러리카페 푸른낙타’와 ‘문화지소곡성’에서 ‘제주·양양 갯민숭달팽이 수중사진전’을 개최한다고 밝혔다. 전시에는 시민과학 다이버...,"Mon, 06 Jul 2026 16:16:00 +0900",2026-07-06 16:16:00
"[인터뷰] 민경석 교수 ""연수구, 송도와 원도심 잇는 '5천 년 시간여행 도...",http://www.incheonnews.com/news/articleView.html?idxno=437979,http://www.incheonnews.com/news/articleView.html?idxno=437979,"그는 ""프랑스 파리에서 에펠탑 사진만 찍고 곧바로 다음 장소로 이동하는 관광은 이미 한계를 드러내고 있다""며 ""관광객이 지역의 역사와 문화를 배우고, 골목길 카페를 찾고, 주민과 함께 도시의 일상을 경험하는 로컬...","Mon, 06 Jul 2026 16:16:00 +0900",2026-07-06 16:16:00
"담양지역자활센터, 2026 자활주민 어울림 한마당 성료",https://www.namdonews.com/news/articleView.html?idxno=915996,https://www.namdonews.com/news/articleView.html?idxno=915996,"청소·소독, 영농, 용역, 중고사무용 가구판매를 비롯해 카페 2개소 등 총 7개 사업단을 가동하며 경제활동을 돕고 있다. 이와 함께 참여자들이 자립 기반을 다질 수 있도록 자격증 취득 지원과 취업 연계 프로그램도...","Mon, 06 Jul 2026 16:14:00 +0900",2026-07-06 16:14:00
축제도 즐기고 특산품도 알린 일거양득 효과,https://www.kbmaeil.com/article/20260706500697,https://www.kbmaeil.com/article/20260706500697,경산 카페 축제’가 전 연령층이 함께 즐기는 지역 축제로 자리매김하며 지역 특산물 ‘신비 복숭아’를 전국에 널리 알리는 효자 노릇을 했다. 경산 카페 축제는 지역의 카페 문화와 특산물 ‘신비 복숭아’라는 로컬...,"Mon, 06 Jul 2026 16:14:00 +0900",2026-07-06 16:14:00
"원석학원 파산선고...신경주대·신라고 운명 갈림길, 충효동 경제도 긴...",https://www.hidomin.com/news/articleView.html?idxno=712148,https://www.hidomin.com/news/articleView.html?idxno=712148,"신경주대가 위치한 충효동 일대는 학생과 교직원 수요를 기반으로 원룸, 음식점, 카페, 편의점 등이 형성돼 있다. 대학 운영이 축소되거나 폐교가 현실화될 경우 유동인구 감소로 인한 상권 위축이 불가피하다는 전망이...","Mon, 06 Jul 2026 16:14:00 +0900",2026-07-06 16:14:00
"하남시, 미사3동 공공형 키즈카페 개소…영유아 놀이공간 운영",https://www.shinailbo.co.kr/news/articleView.html?idxno=5037975,https://www.shinailbo.co.kr/news/articleView.html?idxno=5037975,경기 하남시가 미사3동에 공공형 키즈카페를 개소하고 영유아를 위한 실내 놀이공간 운영을 시작했다. 하남시는 6일 미사3동 행정복지센터 2층에 조성한 공공형 키즈카페 '맘대로A+놀이터'의 문을 열고 본격적인 운영에...,"Mon, 06 Jul 2026 16:12:00 +0900",2026-07-06 16:12:00
"칠곡군, '기억성장학교' 수료식 개최",https://www.hidomin.com/news/articleView.html?idxno=712142,https://www.hidomin.com/news/articleView.html?idxno=712142,"특히 보건소 한의학 건강증진사업 연계 프로그램인 공진단 만들기와 카페 키오스크 체험은 어르신들의 호응을 얻었다. 이날 수료식에서는 3개월 동안 프로그램에 성실히 참여한 어르신들에게 수료증을 수여하고, 원활한...","Mon, 06 Jul 2026 16:12:00 +0900",2026-07-06 16:12:00
하남 미사3동에 공공형 키즈카페 개소…AI존·미끄럼틀 등 갖춰,https://www.gukjenews.com/news/articleView.html?idxno=3627684,https://www.gukjenews.com/news/articleView.html?idxno=3627684,키즈카페 '맘대로A+놀이터'에서 아이가 보호자와 함께 자동차놀이를 하고 있다. (사진=하남시) 하남시 미사3동 행정복지센터 2층에 위치한 공공형 키즈카페 '맘대로A+놀이터'가 6일 정식으로 문을 열고 본격적인 운영을...,"Mon, 06 Jul 2026 16:10:00 +0900",2026-07-06 16:10:00
[조재형의 유통맵] '빠작' 소리에 지갑 열린다…장난감서 디저트된 '왁...,https://www.ajunews.com/view/20260706152748071,https://www.ajunews.com/view/20260706152748071,최근 베이커리와 디저트 카페에서 흔히 볼 수 있는 낯선 풍경이다. 빵을 조심스럽게 썰어 먹는 대신 일단... 개인 카페와 베이커리에서도 소금빵 겉면에 초콜릿을 굳힌 ‘왁뿌 소금빵’이 잇달아 등장하고 있다. [사진...,"Mon, 06 Jul 2026 16:10:00 +0900",2026-07-06 16:10:00
"그라비티, '라그나로크M 클래식' 출시 앞두고 사용자 간담회 개최",https://www.greened.kr/news/articleView.html?idxno=344325,https://www.greened.kr/news/articleView.html?idxno=344325,'라그나로크M 클래식' 간담회는 오는 12일 오후 2시부터 6시까지 서울 강남구에 위치한 알베르 카페에서 진행한다. 그라비티는 이번 행사에 대해 국내 정식 출시를 앞두고 베타 테스트 기간 동안 사용자들이 보내준 성원에...,"Mon, 06 Jul 2026 16:07:00 +0900",2026-07-06 16:07:00
"""홍명보 출입금지""…美 LA 한식당에도 붙었다",https://news.tvchosun.com/site/data/html_dir/2026/07/06/2026070690224.html,https://n.news.naver.com/mnews/article/448/0000624690?sid=104,"앞서 국내에서도 '홍명보 출입 금지'라는 안내문을 내건 식당과 카페 사진이 잇따라 공유되며 화제를 모았다. 반면 한 정신건강의학과 의원은 '홍명보 출입 환영'이라는 문구를 내걸고 ""도대체 왜 그런 선택을...","Mon, 06 Jul 2026 16:06:00 +0900",2026-07-06 16:06:00
"이동건, 1년 만에 제주 카페 휴업 “그동안 찾아주셔서 감사”",https://isplus.com/article/view/isp202607060133,https://m.entertain.naver.com/article/241/0003518486,배우 이동건이 운영 중인 제주 카페가 휴업에 들어간다. 해당 카페는 6일 공식 SNS를 통해 “오는 9일부로 재정비의 시간을 가지게 됐다”며 “그동안 아껴주시고 찾아주셔서 진심으로 감사드린다”고 전했다....,"Mon, 06 Jul 2026 16:05:00 +0900",2026-07-06 16:05:00
"[게임 Pick] 스마일게이트 '카제나', 애니메 엑스포서 신규 시즌 정보 공...",https://daily.hankooki.com/news/articleView.html?idxno=1383194,https://daily.hankooki.com/news/articleView.html?idxno=1383194,이번 간담회는 오는 12일 서울 강남에 위치한 알베르 카페에서 진행한다. 그라비티는 라그나로크M: 클래식의 국내 정식 론칭을 앞두고 CBT(비공개 베타 테스트) 기간 동안 이용자들이 보내준 성원에 보답하고자 간담회를...,"Mon, 06 Jul 2026 16:04:00 +0900",2026-07-06 16:04:00
신비복숭아가 뭐길래?…제철 복숭아 맛있게 즐기는 법,http://www.mkhealth.co.kr/news/articleView.html?idxno=79157,http://www.mkhealth.co.kr/news/articleView.html?idxno=79157,"최근에는 복숭아를 활용한 빙수, 타르트, 에이드 등 계절 한정 디저트도 카페를 중심으로 잇따라 출시되고 있다. 품종에 따라 냉장 보관하거나 실온에서 후숙한 뒤 먹으면 더욱 맛있게 즐길 수 있다. 다만 장기간 보관하면...","Mon, 06 Jul 2026 16:04:00 +0900",2026-07-06 16:04:00
절세수단 악용되는 대형 베이커리 카페 … '무늬만 제과점'땐 가업상속...,https://www.mk.co.kr/article/12091326,https://n.news.naver.com/mnews/article/009/0005703360?sid=101,최근 수도권 외곽이나 관광지를 중심으로 수백 평 규모의 대형 베이커리 카페가 우후죽순 들어서고 있다. 자산가들 사이에서 베이커리 카페는 단순한 수익 사업을 넘어 상속세 절세를 위한 '마법의 도구'로 통한다. 최대...,"Mon, 06 Jul 2026 16:03:00 +0900",2026-07-06 16:03:00
"논산시, 제3회 카페콘서트 개최…청년예술인과 시민 함께한 문화공연 성...",https://www.handmk.com/news/articleView.html?idxno=41061,https://www.handmk.com/news/articleView.html?idxno=41061,논산시가 지원한 '제3회 카페콘서트'가 지난 27일 논산시 카페 봄 갤러리에서 열려 시민들의 호응 속에 마무리됐다. 이번 행사는 지역 청년예술인의 공연 기회를 확대하고 시민들에게 문화예술 향유 기회를 제공하기 위해...,"Mon, 06 Jul 2026 16:02:00 +0900",2026-07-06 16:02:00
"정보통신망법 7일 시행…플랫폼 업계, 자율규제 시험대 [허위정보 규제...",https://www.etoday.co.kr/news/view/2600724,https://www.etoday.co.kr/news/view/2600724,네이버는 블로그와 카페 서비스 등에서 이용자 신고와 자체 모니터링을 통해 불법정보를 관리해 왔다. 허위조작정보도 기존 운영 체계의 연장선에서 대응할 계획이다. 이용자 신고와 자체 모니터링을 통해 게시물을...,"Mon, 06 Jul 2026 16:00:00 +0900",2026-07-06 16:00:00
"LA 식당에도 '홍명보 출입금지' 안내문… ""잘했다"" vs ""과한 조리돌림""",https://www.hankookilbo.com/news/article/A2026070613350004216?did=NA,https://n.news.naver.com/mnews/article/469/0000940671?sid=104,이미 한국 내 식당·카페 등에서 벌어졌던 일이 LA에서도 똑같이 벌어지고 있는 것이다. 5일 사회관계망서비스(SNS) 엑스(X·옛 트위터)에는 LA에 위치한 한 한식당 사장이 가게 출입문을 열고 나와 '홍명보는 출입금지'라고...,"Mon, 06 Jul 2026 16:00:00 +0900",2026-07-06 16:00:00
"그라비티, MMORPG '라그나로크M: 클래식' 국내 유저 간담회 개최 예고",http://www.enewstoday.co.kr/news/articleView.html?idxno=2445911,http://www.enewstoday.co.kr/news/articleView.html?idxno=2445911,이번 행사는 7월 12일 오후 2시부터 6시까지 서울 강남에 위치한 알베르 카페에서 진행한다. 그라비티는 라그나로크M: Classic의 국내 정식 론칭을 앞두고 CBT 기간 동안 유저들이 보내준 성원에 보답하고자 기획했다....,"Mon, 06 Jul 2026 15:58:00 +0900",2026-07-06 15:58:00
하남시 공공형 키즈카페 '맘대로A+놀이터' 운영,https://www.kihoilbo.co.kr/news/articleView.html?idxno=3028123,https://www.kihoilbo.co.kr/news/articleView.html?idxno=3028123,"기호일보, KIHOILBO 하남시 미사3동 행정복지센터 공공형 키즈카페 '맘대로A+놀이터'에서 아이들이 부모와... 키즈카페 '맘대로A+놀이터'를 정식 개소하고 운영에 들어갔다고 밝혔다. 이날 오전 문을 연 맘대로A+놀이터는...","Mon, 06 Jul 2026 15:54:00 +0900",2026-07-06 15:54:00
대배우 최민식에 “정신 차리자” 자극 준 ‘맨 끝줄 소년’ 최현욱,https://www.kmib.co.kr/article/view.asp?arcid=0030070719&code=61181811&cp=nv,https://m.entertain.naver.com/article/005/0001859215,최근 서울 종로구 한 카페에서 만난 최민식은 “요즘 ‘참교육’이나 ‘김부장’처럼 나쁜 놈들을 시원하게 응징하는 드라마가 인기인데 ‘맨 끝줄 소년’은 답답하고 불편한 구석이 있는 이야기여서 시청자들이 좋아할까...,"Mon, 06 Jul 2026 15:54:00 +0900",2026-07-06 15:54:00
공주님 궁전 터에 들어선 럭셔리 호텔… ‘아테네 방콕’이 내세운 왕실...,https://www.sportsworldi.com/newsView/20260706513474,https://n.news.naver.com/mnews/article/396/0000748865?sid=103,"올데이 다이닝 레스토랑 레인 트리 카페는 선데이 브런치를 운영하며, 더 알리움 방콕은 유럽식 파인다이닝을 선보인다. 더 하우스 오브 스무스 커리는 태국 4대 지역 요리를 바탕으로 한 메뉴를 제공한다. 이 밖에...","Mon, 06 Jul 2026 15:53:00 +0900",2026-07-06 15:53:00
부산 동구 '나숨갤러리' 개관...전혜옥 '판화 부적'전,https://news.skbroadband.com/news/articleView.html?idxno=231204,https://news.skbroadband.com/news/articleView.html?idxno=231204,나숨갤러리는 동구 망양로 옛 아리랑고개 카페에 문을 열었으며 1층은 전시관 2층은 인문예술창작 공간으로 활용 됩니다. 한편 개관을 기념한 초대전으로 전혜옥 판화 부적 '초연결 K-테라피'가 오는 24일까지 열립니다.,"Mon, 06 Jul 2026 15:52:00 +0900",2026-07-06 15:52:00
"SK에코플랜트, 교육·카페 서비스 도입…주거서비스 강화",https://www.fntimes.com/html/view.php?ud=202607061548063162b372994c95_18,https://www.fntimes.com/html/view.php?ud=202607061548063162b372994c95_18,SK에코플랜트가 교육과 카페 전문 서비스를 공동주택 커뮤니티 시설에 도입하며 주거서비스 경쟁력 강화에... 아이엔지스토리는 스터디카페 브랜드 '작심'의 인테리어와 운영 서비스를 커뮤니티 공간에 적용한다....,"Mon, 06 Jul 2026 15:52:00 +0900",2026-07-06 15:52:00
"하남시, 공공형 키즈카페 '맘대로A+놀이터' 개소",https://www.newsis.com/view/NISX20260706_0003697664,https://n.news.naver.com/mnews/article/003/0014049068?sid=102,"경기 하남시는 미사3동 행정복지센터에 세 번째 공공형 키즈카페 '맘대로A+놀이터'를 개소했다고 6일... 하남시 관계자는 ""이번에 개소한 공공형 키즈카페가 부모에게는 양육 부담을 덜어주고, 아이들에게는 마음껏...","Mon, 06 Jul 2026 15:52:00 +0900",2026-07-06 15:52:00
"하남시, 미사3동에 공공형 키즈카페 '맘대로A+놀이터' 개소",https://www.mt.co.kr/policy/2026/07/06/2026070615375074347,https://n.news.naver.com/mnews/article/008/0005382022?sid=102,경기 하남시 미사3동에 영유아들이 주도적으로 놀이를 선택하고 자유롭게 즐길 수 있는 공공형 키즈카페가 새롭게 문을 열었다. 하남시는 미사3동 행정복지센터 2층에 공공형 키즈카페 '맘대로A+놀이터'를 정식 개소하고...,"Mon, 06 Jul 2026 15:51:00 +0900",2026-07-06 15:51:00
"SK에코플랜트, 대교·학산과 손잡고 입주민 학습·카페 경험까지 설계",https://www.sedaily.com/article/20064294?ref=naver,https://n.news.naver.com/mnews/article/011/0004638594?sid=101,SK에코플랜트가 교육·카페 등 전문서비스를 결합한 주민공동시설을 도입해 주거서비스 모델 차별화에... 아이엔지스토리는 스터디카페 전문 브랜드 ‘작심’의 프리미엄 인테리어와 서비스를 커뮤니티 공간에...,"Mon, 06 Jul 2026 15:51:00 +0900",2026-07-06 15:51:00
"대전 중구, 인천서 원도심 활성화 해법 모색",https://www.ccdn.co.kr/news/articleView.html?idxno=1086769,https://www.ccdn.co.kr/news/articleView.html?idxno=1086769,"특히 개항로 프로젝트에서는 빈 점포와 노후 건축물을 카페와 서점, 복합문화공간으로 재생해 청년 창업과 로컬브랜드를 육성한 민간 주도 도시재생 사례를 살펴봤다. 배다리 헌책방거리에서는 역사와 문화자원을 관광...","Mon, 06 Jul 2026 15:51:00 +0900",2026-07-06 15:51:00
“과자도 제철 있다“…햇감자부터 초당옥수수까지 ‘시즌 상품’ 인기,https://www.edaily.co.kr/news/newspath.asp?newsid=04188566645511896,https://n.news.naver.com/mnews/article/018/0006323957?sid=101,"여름의 정점에 접어들면서 편의점 빵 코너부터 프랜차이즈 카페 메뉴판, 대형마트 과자 진열대까지 일제히... 커피 전문 브랜드 폴 바셋은 상하목장 원유와 초당옥수수를 믹스한 ‘초당옥수수 아이스크림 카페라떼’와...","Mon, 06 Jul 2026 15:50:00 +0900",2026-07-06 15:50:00
[현장] 물건 빼는 납품사 자체 포스기 켠 점주⋯'패닉'에 빠진 홈플러스,http://www.inews24.com/view/1982672,https://n.news.naver.com/mnews/article/031/0001040073?sid=101,"10년째 카페를 운영중인 한 점주는 ""몇 달 전에는 본사에서 계약구조를 운운하면서 자체 포스기를 쓰면 계약해지 사유라고 난리를 쳤다""며 ""지금 보니 고양이한테 생선을 맡긴 꼴이었다. 홈플러스 포스기는 아예 꺼버렸다...","Mon, 06 Jul 2026 15:47:00 +0900",2026-07-06 15:47:00
송파구 성내천에 카페·전망대 들어선다 [지금 우리 동네는],https://www.segye.com/newsView/20260706513164?OutUrl=naver,https://n.news.naver.com/mnews/article/022/0004140885?sid=102,"1층에는 주민 소통 공간과 운동 공간이, 2층에는 한강 노을을 볼 수 있는 카페가 들어선다. 옥상은 전망대로 꾸민다. 롯데월드타워와 강변테크노마트, 한강철교 등을 배경으로 계절마다 다른 한강 일대 풍경을 감상할 수...","Mon, 06 Jul 2026 15:47:00 +0900",2026-07-06 15:47:00
"영주시, 체류형 관광으로 '지역경제 활력' 예고",https://www.dkilbo.com/news/articleView.html?idxno=547822,https://www.dkilbo.com/news/articleView.html?idxno=547822,"유료 관광지 1곳을 포함한 관광지 2곳 이상 방문, 음식점·카페 3곳 이상 이용 등 조건을 충족하고 SNS에 인증 후기를 남기면 지원받을 수 있다. 주목할 점은 지원금 지급 방식이다. 지원금은 전액 모바일...","Mon, 06 Jul 2026 15:46:00 +0900",2026-07-06 15:46:00
"인천시, 도시재생 사후관리 본격화... 사업 종료 후 주민 자립기반 강화",http://www.lawissue.co.kr/view.php?ud=202607061048132231d94aa4ada6_12,http://www.lawissue.co.kr/view.php?ud=202607061048132231d94aa4ada6_12,"커뮤니티시설, 쉼터, 공부방, 경로당, 도서관 운영을 비롯해 플리마켓과 축제, 공동작업장·공유카페·공유주방 운영, 주민 및 현장 전문가 교육, 시설 유지·보수 등 사업 종료 이후 필요한 다양한 활동이 대상이다....","Mon, 06 Jul 2026 15:46:00 +0900",2026-07-06 15:46:00
운영 중단 위기 넘긴 '섬진강 별빛 스카이',https://www.m-i.kr/news/articleView.html?idxno=1388582,https://www.m-i.kr/news/articleView.html?idxno=1388582,"배알도별빛야영장, 섬진강요트체험장, 배알도 섬 정원, 지역 음식점과 카페 등 주변 관광자원과 연계한 체험 프로그램도 확대할 방침이다. 홍보와 마케팅도 강화해 섬진강권 관광 활성화를 추진한다. 이현주 광양시...","Mon, 06 Jul 2026 15:46:00 +0900",2026-07-06 15:46:00
"이동건 운영 제주 카페, 오픈 1년 3개월 만에 휴업 ""그동안 감사""",https://www.mt.co.kr/entertainment/2026/07/06/2026070615001939576,https://m.entertain.naver.com/article/008/0005382012,"배우 이동건이 운영하는 것으로 알려진 제주 애월 카페가 재정비를 위한 휴업에 들어간다. 6일 이동건 카페의 인스타그램 계정에는 ""7월 9일부로 재정비의 시간을 가지게 됐다""며 ""그동안 아껴주시고 찾아주셔서...","Mon, 06 Jul 2026 15:45:00 +0900",2026-07-06 15:45:00
"[푸드다이닝 트렌드] 팀홀튼, 2주 한정 '리얼 랍스터롤' 2종 출시 外",https://www.ibabynews.com/news/articleView.html?idxno=152666,https://www.ibabynews.com/news/articleView.html?idxno=152666,"프랜차이즈 카페에서 쉽게 만나보기 어려운 식재료인 랍스터를 활용, 캐나다 본토의 여름 색채와 함께... 기획했다""며 ""카페에서 즐기는 랍스터라는 새로운 콘셉트와 함께, 올여름 팀홀튼만의 랍스터 페스티벌 무드를...","Mon, 06 Jul 2026 15:44:00 +0900",2026-07-06 15:44:00
서울시청 ‘하늘전망대’ 개방…덕수궁·광화문 한눈에,https://www.khan.co.kr/article/202607061544001,https://n.news.naver.com/mnews/article/032/0003456358?sid=102,"청사 1층에서 9층 카페 ‘하늘광장’으로 향하는 엘리베이터를 타면 전망대에 닿는다. 원래 이 공간은 8층 다목적실과 이어지는 대기 공간으로, 외부에는 공개되지 않은 채 행사 참석 직원들의 휴식처 정도로만 쓰여왔다....","Mon, 06 Jul 2026 15:44:00 +0900",2026-07-06 15:44:00
"이동건, 제주 카페 1년만 재정비…“그동안 찾아주셔서 감사”",https://www.mk.co.kr/article/12091293,https://m.entertain.naver.com/article/009/0005703337,배우 이동건이 운영 중인 제주도 카페가 오픈 1년만에 재정비의 시간을 갖는다. 이동건의 카페 공식 SNS에는 최근 “7월 9일부터 재정비의 시간을 갖게 됐다”며 “그동안 아껴주시고 찾아주신 모든 분들께 진심으로...,"Mon, 06 Jul 2026 15:44:00 +0900",2026-07-06 15:44:00
"오마이걸 유빈, 제주 감성 가득한 일상 공개…귀여움도 분위기도 '만점...",https://www.bntnews.co.kr/article/view/bnt202607060145,https://www.bntnews.co.kr/article/view/bnt202607060145,"공개된 사진 속 유빈은 두건을 머리에 두른 채 거울 셀카를 남기거나, 바다를 배경으로 한 감성적인 카페에서 선글라스를 착용한 채 여유를 즐기는 등 자연스러운 여행의 순간들을 담아냈다. 편안한 스타일링 속에서도...","Mon, 06 Jul 2026 15:42:00 +0900",2026-07-06 15:42:00
"이동건, ‘이숙캠’ 진태현 후임 논란 속 제주카페 문 닫는다 “그동안...",http://www.osen.co.kr/article/G1112834750,https://m.entertain.naver.com/article/109/0005566587,6일 이동건의 카페 공식 계정에는 “7월 9일부로 재정비의 시간을 가지게 됐다”며 “그동안 아껴주시고 찾아주셔서 진심으로 감사드린다”는 안내문이 게재됐다. 앞서 이동건의 카페는 지난달 매장 내부 공사로 4일...,"Mon, 06 Jul 2026 15:41:00 +0900",2026-07-06 15:41:00
"영천시, 신중년 일자리부터 청년 성장까지…세대 맞춤형 고용지원 본격...",https://www.kbmaeil.com/article/20260706500629,https://www.kbmaeil.com/article/20260706500629,이와 함께 미취업 청년들이 지역 카페를 거점으로 교류하고 취업·창업 프로그램에 참여할 수 있도록 지원하는 ‘꿈이음 청춘카페 지원사업’도 상시 운영하고 있다. 김병삼 영천시장은 “신중년에게는 안정적인 재취업...,"Mon, 06 Jul 2026 15:40:00 +0900",2026-07-06 15:40:00
"완도군, 관광 지원사업으로 상반기 지역 소비 확대",https://www.shinailbo.co.kr/news/articleView.html?idxno=5037942,https://www.shinailbo.co.kr/news/articleView.html?idxno=5037942,"숙박과 식당, 카페 이용, 특산품 구매 등 여행 과정에서 발생한 소비가 환급 대상에 포함된다. 단체 관광객 유치 인센티브 지원 사업도 상반기 성과를 냈다. 이 사업은 일정 요건을 충족해 단체 관광객을 유치한 여행사에...","Mon, 06 Jul 2026 15:40:00 +0900",2026-07-06 15:40:00
무더위를 이기는 여름 여행 ②여수 진남관·향일암·예술의 섬 장도·동...,https://www.ilyosisa.co.kr/news/article.html?no=256730,https://www.ilyosisa.co.kr/news/article.html?no=256730,전시관 내부 아트카페에서는 바리스타이자 피아니스트인 예술가의 피아노 공연이 정해진 시간마다 열린다. 차 한잔의 여유와 창밖으로 펼쳐지는 다도해의 풍경을 음악과 함께 감상해보자. 다도해정원에서 바라본...,"Mon, 06 Jul 2026 15:40:00 +0900",2026-07-06 15:40:00
"나우, 제주 블렌딩 티 출시···패션 넘어 차 한 잔까지",http://www.enewstoday.co.kr/news/articleView.html?idxno=2445847,http://www.enewstoday.co.kr/news/articleView.html?idxno=2445847,"티는 카페인이 없어 시간대에 관계없이 즐길 수 있으며, 생분해 티백과 재생 펄프가 함유된 패키지를 적용해 친환경 가치도 담았다. 나우는 제주 야크마을과 블랙야크 양재 사옥에서 운영 중인 '나우 카페'를 통해 제품을...","Mon, 06 Jul 2026 15:40:00 +0900",2026-07-06 15:40:00
서울시청 하늘전망대로 오세요,https://www.mk.co.kr/article/12091287,https://n.news.naver.com/mnews/article/009/0005703334?sid=102,평일 오전 7시 30분부터 오후 6시까지 무료로 이용할 수 있으며 별도 예약은 필요 없다. 서울시청 1층에서 9층 ‘하늘광장’ 카페로 연결되는 엘리베이터를 이용하면 바로 이용할 수 있다. 2026.07.06. [이승환기자],"Mon, 06 Jul 2026 15:39:00 +0900",2026-07-06 15:39:00
"우민아트센터, 문지혜 개인전 '마음의 숲' 전시",https://www.news1.kr/local/sejong-chungbuk/6219119,https://n.news.naver.com/mnews/article/421/0009043194?sid=102,"전시에서는 '녹의 윤슬', '파편빛', '하얀기억', '흔들리는 숲' 등 최근작을 중심으로 숲을 주제로 한 작품들을 선보인다. 전시는 다음 달 14일까지 우민아트센터 부대 시설인 카페 우민에서 열린다.","Mon, 06 Jul 2026 15:39:00 +0900",2026-07-06 15:39:00
"파스쿠찌, 여름 대표 메뉴 '그라니따' 캠페인 전개 … 할인·아트 협업 ...",http://www.worktoday.co.kr/news/articleView.html?idxno=86432,http://www.worktoday.co.kr/news/articleView.html?idxno=86432,이탈리아 정통 카페 브랜드 파스쿠찌가 여름 시즌 대표 메뉴인 '그라니따'를 앞세워 고객 참여형 마케팅을 강화한다. 파스쿠찌는 얼음을 곱게 갈아 만든 이탈리아 전통 디저트 음료 '그라니따'를 중심으로 다양한...,"Mon, 06 Jul 2026 15:38:00 +0900",2026-07-06 15:38:00
[굿모닝! 6일 건설업계 소식] 삼성물산·현대엔지니어링·SK에코플랜트·...,https://www.goodkyung.com/news/articleView.html?idxno=288919,https://www.goodkyung.com/news/articleView.html?idxno=288919,"이번 협약을 통해 대교CNS로 부터 AI기반 학습 케어 서비스 '터그보트', 아이엔지스토리로부터 스터디카페 전문 브랜드 '작심'의 프리미엄 인테리어와 서비스, 학산으로부터 '드파인 블렌딩 원두'를 각각 도입·운영할...","Mon, 06 Jul 2026 15:38:00 +0900",2026-07-06 15:38:00
하늘전망대에서 바라보는 서울,https://www.mk.co.kr/article/12091286,https://n.news.naver.com/mnews/article/009/0005703333?sid=102,평일 오전 7시 30분부터 오후 6시까지 무료로 이용할 수 있으며 별도 예약은 필요 없다. 서울시청 1층에서 9층 ‘하늘광장’ 카페로 연결되는 엘리베이터를 이용하면 바로 이용할 수 있다. 2026.07.06. [이승환기자],"Mon, 06 Jul 2026 15:38:00 +0900",2026-07-06 15:38:00
완도군 '반값 여행·단체 유치' 잭팟,https://www.namdonews.com/news/articleView.html?idxno=915981,https://www.namdonews.com/news/articleView.html?idxno=915981,"이 사업은 관광객이 관내 숙박, 식당, 카페를 이용하거나 특산품을 구매한 비용의 절반을 모바일 완도사랑상품권으로 환급해 주는 제도다. 환급된 상품권이 다시 관내에서 재소비되면서 골목상권 활성화로 이어지는...","Mon, 06 Jul 2026 15:38:00 +0900",2026-07-06 15:38:00
하늘전망대에서 바라보는 서울,https://www.mk.co.kr/article/12091285,https://n.news.naver.com/mnews/article/009/0005703332?sid=102,평일 오전 7시 30분부터 오후 6시까지 무료로 이용할 수 있으며 별도 예약은 필요 없다. 서울시청 1층에서 9층 ‘하늘광장’ 카페로 연결되는 엘리베이터를 이용하면 바로 이용할 수 있다. 2026.07.06. [이승환기자],"Mon, 06 Jul 2026 15:38:00 +0900",2026-07-06 15:38:00
"이동건, 제주 카페 1년 만 휴업 결정…""재정비 시간""",https://www.newsis.com/view/NISX20260706_0003697490,https://m.entertain.naver.com/article/003/0014049002,"배우 이동건이 운영 중인 제주 카페가 휴업에 들어간다. 6일 이동건이 운영하는 카페 공식 소셜미디어에는 ""7월 9일부터 재정비의 시간을 갖게 됐다""며 ""그동안 아껴주시고 찾아주셔서 진심으로 감사드린다""는 공지가...","Mon, 06 Jul 2026 15:34:00 +0900",2026-07-06 15:34:00
"엑스오푸드빌리지, 이재명 신임 대표이사 선임",https://www.enetnews.co.kr/news/articleView.html?idxno=52094,https://www.enetnews.co.kr/news/articleView.html?idxno=52094,"비엔엠그룹은 신규 만화카페 브랜드 몽글 론칭과 콘텐츠 전문 출판사 데일리북스 전략적 투자 등을 통해 콘텐츠 사업 기반을 넓히고 있다. 그룹은 이재명 대표의 겸직 체제를 바탕으로 이스포츠, 콘텐츠, F&B를 연계한...","Mon, 06 Jul 2026 15:34:00 +0900",2026-07-06 15:34:00
"엑스오푸드빌리지, 이재명 대표 선임…비엔엠그룹 신규사업 연계 맡는다",https://www.thedrive.co.kr/news/newsview.php?ncode=1065594738210962,https://www.thedrive.co.kr/news/newsview.php?ncode=1065594738210962,"비엔엠그룹은 신규 만화카페 브랜드 몽글 론칭, 콘텐츠 전문 출판사 데일리북스 전략적 투자 등으로 종합 콘텐츠 기업으로의 기반을 다지고 있다. 엑스오푸드빌리지는 이재명 대표 체제에서 그룹의 PC방·콘텐츠...","Mon, 06 Jul 2026 15:34:00 +0900",2026-07-06 15:34:00
"간편결제 시장, 일상 결제는 네이버페이...송금은 카카오페이·토스페이...",https://www.thepublic.kr/news/articleView.html?idxno=310238,https://www.thepublic.kr/news/articleView.html?idxno=310238,"편의점에서는 49.7%, 키오스크에서는 54.3%, 카페·식당에서는 52.7%, 대형마트·쇼핑몰에서는 56.3%가 네이버페이를 1순위 브랜드로 선택했다. 네이버페이를 주로 쓰는 이유로는 포인트 적립과 할인 혜택이 많이 꼽혔다....","Mon, 06 Jul 2026 15:34:00 +0900",2026-07-06 15:34:00
"SK에코플랜트, '드파인'에 AI 학습·프리미엄 카페 도입",https://www.newsis.com/view/NISX20260706_0003697607,https://n.news.naver.com/mnews/article/003/0014048997?sid=101,SK에코플랜트가 교육·카페 등 전문서비스를 결합한 주민공동시설을 도입해 주거서비스 모델 차별화에... 아이엔지스토리는 스터디카페 전문 브랜드 '작심'의 프리미엄 인테리어와 서비스를 커뮤니티 공간에 적용한다....,"Mon, 06 Jul 2026 15:33:00 +0900",2026-07-06 15:33:00
"비엔엠그룹 F&B 자회사 엑스오푸드빌리지, 이재명 대표 체제 출범",https://www.itbiznews.com/news/articleView.html?idxno=218341,https://www.itbiznews.com/news/articleView.html?idxno=218341,"비엔엠그룹은 엑스오푸드빌리지와 PC방 사업의 연계를 비롯해 신규 만화카페 브랜드 몽글, 콘텐츠 전문 출판사 데일리북스 전략적 투자 등으로 콘텐츠 사업 범위를 넓히고 있다. 이번 대표 선임을 계기로 그룹 내...","Mon, 06 Jul 2026 15:32:00 +0900",2026-07-06 15:32:00
"""경로당이 '스터디카페'로"" 태안군, 어르신 인지건강 프로그램 운영",http://www.cctimes.kr/news/articleView.html?idxno=915180,http://www.cctimes.kr/news/articleView.html?idxno=915180,▲ 태안군 경로당에서 어르신들이 인지건강 프로그램에 참여모습 / 태안군제공 태안군이 경로당을 어르신 학습 공간으로 꾸미는 민관협력 치매예방 프로그램 '경로당 스터디카페' 운영에 들어갔다. 이번 사업은 충청남도...,"Mon, 06 Jul 2026 15:32:00 +0900",2026-07-06 15:32:00
"SK에코플랜트, 대교CNS 등과 주거서비스 협력···커뮤니티 서비스 강화",https://www.ziksir.com/news/articleView.html?idxno=139208,https://www.ziksir.com/news/articleView.html?idxno=139208,"[SK에코플랜트]  SK에코플랜트가 공동주택 커뮤니티 시설에 AI 학습관리와 스터디카페, 커뮤니티 카페 서비스를 도입한다. SK에코플랜트는 대교CNS, 아이엔지스토리, 학산과 '주거서비스 공급 및 사업 협력'을 위한...","Mon, 06 Jul 2026 15:32:00 +0900",2026-07-06 15:32:00
"픽코파트너스, 비에이블스터디카페에 무인 운영 솔루션 공급...학습공간...",https://www.thepowernews.co.kr/view.php?ud=2026070615301660769aeda69934_7,https://www.thepowernews.co.kr/view.php?ud=2026070615301660769aeda69934_7,픽코파트너스는 비에이블스터디카페에 키오스크 기반 무인 운영 시스템을 적용하며 개별 매장별 맞춤형 학습공간 무인 제어 사례를 확대하고 있다고 6일 밝혔다. 최근 스터디카페 이용 방식이 예약형 및 관리형 구조로...,"Mon, 06 Jul 2026 15:32:00 +0900",2026-07-06 15:32:00
"제물포 꿈드림어린이영어도서관, 개관 2주년 '영어 축제'",https://www.shinailbo.co.kr/news/articleView.html?idxno=5037931,https://www.shinailbo.co.kr/news/articleView.html?idxno=5037931,"7월 18일에는 미취학 아동과 부모가 함께 참여하는 가족형 영어캠프가 열리며, 8월 8일에는 키즈카페 동구랑 스틸랜드에서 초등학생을 대상으로 '찾아가는 꿈영도 영어캠프'가 진행된다. 참가자들은 영어 체험 활동과 함께...","Mon, 06 Jul 2026 15:30:00 +0900",2026-07-06 15:30:00
수학적 사유가 무대로…최재경 전 KISA원장 집필 연극 ‘113’ 개막,https://www.donga.com/news/Culture/article/all/20260706/134243850/1,https://n.news.naver.com/mnews/article/020/0003731818?sid=103,서혁은 기묘한 빵집에서 ‘영험한 도넛’를 맛본 뒤 시간과 공간이 뒤틀리는 ‘구름 카페’에 발을 들이게 된다. 이곳에서 서혁은 잃어버린 친구 순원과 그의 시를 찾아간다. 이야기는 서로 다른 것들이 연결되며...,"Mon, 06 Jul 2026 15:30:00 +0900",2026-07-06 15:30:00
"완도군 “반값에 떠난 완도 여행, 관광객 발길 이어졌다”",https://sports.donga.com/region/article/all/20260706/134243980/1,https://n.news.naver.com/mnews/article/382/0001281863?sid=102,"숙박과 음식점, 카페, 특산품 구매 등에 사용한 금액을 기준으로 약 33억 원의 소비 효과를 낸 것으로 집계됐다. ‘완도 반값 여행’은 일정 요건을 충족한 관광객에게 여행경비의 절반을 완도사랑상품권으로 돌려주는...","Mon, 06 Jul 2026 15:30:00 +0900",2026-07-06 15:30:00
"'비판 여론 바람을 타고 번지나'…""홍명보는 출입금지"" LA 한식당에도 붙...",http://www.wowtv.co.kr/NewsCenter/News/Read?articleId=A202607060103&t=NN,https://n.news.naver.com/mnews/article/215/0001257791?sid=104,"앞서 온라인상에는 '홍명보 출입금지' 안내문을 내건 편의점과 카페 사진 등이 공유되면서 화제를 모았다. 반면 한 정신건강의학과 의원은 '홍명보 출입 환영'이라는 안내문을 내걸고 ""도대체 왜 그랬던 건지 마음을...","Mon, 06 Jul 2026 15:29:00 +0900",2026-07-06 15:29:00
"공효진·신민아 서촌 데이트 코스, 카페부터 레스토랑·쇼룸까지",https://www.harpersbazaar.co.kr/article/1905670,https://www.harpersbazaar.co.kr/article/1905670,"카페부터 쇼룸, 레스토랑까지 감각적인 서촌 스폿을 모았다. 신민아의 올드머니 룩과 공효진의 여름... 감각적인 카페와 쇼룸, 레스토랑을 둘러보고 골목을 걷는 모습은 서촌 특유의 분위기를 고스란히 담아냈다. 눈길을...","Mon, 06 Jul 2026 15:28:00 +0900",2026-07-06 15:28:00
"‘학생 자기주도학습, 지역에서 답 찾는다’…경기교육청, 전국 최다 22...",https://www.seoul.co.kr/news/society/education-news/2026/07/06/20260706500150?wlog_tag3=naver,https://n.news.naver.com/mnews/article/081/0003658707?sid=102,"자기주도학습센터는 교육 지원이 필요한 지역의 중·고 학생을 위한 공공형 스터디카페로, 자기주도학습 역량을 키우고 교육 격차 해소와 사교육 부담 완화에 기여하고 있다. 지자체와 협력해 지원하는 주요 사항은...","Mon, 06 Jul 2026 15:26:00 +0900",2026-07-06 15:26:00
메뉴부터 매장까지…조용히 한국 체력 키우는 팀홀튼,https://www.newspim.com/news/view/20260706000855,https://www.newspim.com/news/view/20260706000855,"조 팀장은 ""랍스터는 일반 프랜차이즈 카페에서 쉽게 다루기 어려운 식재료""라며 ""카페에서도 제대로 된 식재료를 활용해 키친에서 직접 조리한 메뉴를 제공할 수 있다는 점을 보여주는 제품""이라고 강조했다. [서울...","Mon, 06 Jul 2026 15:26:00 +0900",2026-07-06 15:26:00
"송영훈 제주도의장, 관권선거 의혹에 ""심려 끼쳐 송구""",https://www.newsis.com/view/NISX20260706_0003697603,https://n.news.naver.com/mnews/article/003/0014048981?sid=102,"송영훈 의장은 이날 제주도의회 도민카페에서 열린 취임 후 첫 기자간담회에서 관련 질의를 받고 ""관련 사항은 절차가 진행 중인 만큼 필요한 부분이 있다면 성실히 임하도록 하겠다""며 이같이 밝혔다. 해당 논란은 6·3...","Mon, 06 Jul 2026 15:26:00 +0900",2026-07-06 15:26:00
"""시어머니 냉장고 검문 왜 싫지?""…'김승현♥' 장정윤, 대한민국 며느리...",https://www.mydaily.co.kr/page/view/2026070615200851737,https://m.entertain.naver.com/article/117/0004081910,"예의가 아니다""라며 온라인 커뮤니티나 맘카페 등에서 대표적인 고부갈등의 시발점으로 꼽히는 예민한 문제를 꼬집었다. 하지만 장정윤의 반응은 대다수의 요즘 며느리들과는 사뭇 달랐다. 그녀는 ""근데 저희 어머님은...","Mon, 06 Jul 2026 15:26:00 +0900",2026-07-06 15:26:00
왕과 캠핑하고 브이로그 찍고…궁중문화 AI 영상 공모,http://www.kwangju.co.kr/article.php?aid=1783318800800932007,http://www.kwangju.co.kr/article.php?aid=1783318800800932007,"창덕궁 후원에서 왕과 캠핑을 하거나, 궁궐 안 카페에서 왕에게 커피를 내려주는 장면도 상상해볼 수... 옆 카페 바리스타 등 다양한 설정이 가능하다. 궁중문화축전에 관심 있는 국민 누구나 참여 가능하며, 한 사람 당...","Mon, 06 Jul 2026 15:24:00 +0900",2026-07-06 15:24:00
"경기도교육청, 자기주도학습센터 22곳으로 확대…전국 최다 운영",https://www.mhj21.com/news/articleView.html?idxno=252988,https://www.mhj21.com/news/articleView.html?idxno=252988,"스터디카페로, 학생들이 학습 코디네이터의 도움을 받아 개인별 학습 계획을 수립하고 관리받을 수 있는 공간이다. 센터에서는 개별 열람실과 북카페 등 학습 공간을 제공하며, EBS 연계 교육 콘텐츠와 대학생 멘토링...","Mon, 06 Jul 2026 15:22:00 +0900",2026-07-06 15:22:00
탈북 여성의 정착기 ‘하나 코리아’…한국·덴마크 공동제작,https://www.hani.co.kr/arti/culture/culture_general/1266903.html,https://n.news.naver.com/mnews/article/028/0002812850?sid=103,최근 서울 종로구 한 카페에서 만난 쇨베르 감독은 “당시의 깊은 인상과 얼마 뒤 탈북자들이 남한에 오면 들어가는 하나원에 대한 기사를 보면서 생긴 궁금증이 ‘영화가 될 수 있겠다’는 믿음으로 구체화됐다”고...,"Mon, 06 Jul 2026 15:22:00 +0900",2026-07-06 15:22:00
"[포토뉴스]이장희 홍제동 자율방범대장, 사랑의 성금 28만원 기탁",https://www.kwnews.co.kr/article/20260706500756,https://n.news.naver.com/mnews/article/087/0001203358?sid=102,이번 기부금은 이장희 대장이 ‘카페 곳간’을 운영하며 매일 발생하는 매출액 일부를 조금씩 저금통에 저축해 모아온 것이라 그 의미를 더했다. 해당 성금은 관내 취약계층을 위한 지원 사업에 소중하게 사용될 예정이다....,"Mon, 06 Jul 2026 15:22:00 +0900",2026-07-06 15:22:00
"[HOT 마켓 트렌드] 호텔업계, 펫캉스 차별화 경쟁…""숙박에서 경험으로...",http://www.bizwnews.com/news/articleView.html?idxno=140067,http://www.bizwnews.com/news/articleView.html?idxno=140067,입장권 ▲카페 스니프 10% 할인 쿠폰 등이 포함됐다. 이용 대상은 15㎏ 이하 반려동물이다. 아울러 키녹은 여름 성수기를 맞아 투숙객과 반려동물이 함께 즐길 수 있는 '치킨타임 패키지'도 내놨다. 객실 1박과 함께 순살...,"Mon, 06 Jul 2026 15:22:00 +0900",2026-07-06 15:22:00
"이동건, 제주 카페 1년여 만에 휴업…무슨 일?",https://www.sportsworldi.com/newsView/20260706512069,https://m.entertain.naver.com/article/396/0000748852,사진 = 이동건 SNS 계정 배우 이동건이 운영 중인 제주 카페가 휴업 소식을 전했다. 6일 이동건이 운영하는 카페 공식 SNS에는 “7월 9일부터 재정비의 시간을 갖게 됐다”며 “그동안 아껴주시고 찾아주셔서 진심으로...,"Mon, 06 Jul 2026 15:17:00 +0900",2026-07-06 15:17:00
제주·양양 바다를 곡성에서 만난다... 시민과학 수중사진전,https://www.polinews.co.kr/news/articleView.html?idxno=736145,https://www.polinews.co.kr/news/articleView.html?idxno=736145,사단법인 해양시민과학조사단 산하 '달팽이반' 조사원 14명이 참여한 '제주·양양 갯민숭달팽이 수중사진전'이 6일(오늘)부터 내달 5일까지 갤러리카페 푸른낙타와 문화지소곡성에서 개최된다. 이번 전시는 시민과학...,"Mon, 06 Jul 2026 15:16:00 +0900",2026-07-06 15:16:00
"[인터뷰]윤경희 ""지속가능한 청송, 지금이 도약의 골든타임""",https://view.asiae.co.kr/article/2026070615070470815,https://n.news.naver.com/mnews/article/277/0005786099?sid=102,"특히 올해는 '산소 카페 청송정원'이 아시아경제 상반기 히트상품에 선정되며 청송의 자연 친화적 도시브랜드 경쟁력을 인정받았고, '아시아경제 TOP 브랜드 대상'에서는 청송군청과 청송 사과가 각각 수상하며 행정...","Mon, 06 Jul 2026 15:16:00 +0900",2026-07-06 15:16:00
"유동균 마포구청장 ""정비사업 신속 추진…보여주기식 아닌 든든한 일꾼...",https://news.cpbc.co.kr/article/1174136?division=NAVER,https://news.cpbc.co.kr/article/1174136?division=NAVER,"유 구청장은 ""더 많이 즐기고 다시 찾는 마포를 만들기 위해 경의선숲길이 시작되는 공덕, 공연 예술 콘텐츠가 살아 있는 홍대, 카페와 맛집, 쇼핑이 어우러진 합정, 로컬 상권 매력이 숨쉬는 망원, 여가와 휴식을 즐길 수...","Mon, 06 Jul 2026 15:10:00 +0900",2026-07-06 15:10:00
"이동건, 제주 카페 1년 3개월 만에 문 닫는다…""7월 9일부터 재정비 돌입...",https://www.tvreport.co.kr/entertainment/article/1059225/,https://m.entertain.naver.com/article/213/0001393328,"배우 이동건이 운영 중인 제주 카페가 재정비를 위해 영업을 잠시 중단한다. 6일 이동건이 운영하는 카페 공식 계정에는 ""7월 9일부로 재정비의 시간을 가지게 됐다""며 ""그동안 아껴주시고 찾아주셔서 진심으로...","Mon, 06 Jul 2026 15:10:00 +0900",2026-07-06 15:10:00
"SK에코플랜트, 교육·카페 접목한 주민시설 도입…“주거 모델 차별화”",https://www.g-enews.com/view.php?ud=202607061420021909514e0091f6_1,https://www.g-enews.com/view.php?ud=202607061420021909514e0091f6_1,SK에코플랜트가 앞으로 시공하는 아파트 단지에 교육과 카페 전문 서비스를 적용한 주민공동시설을... 아이엔지스토리는 스터디카페 브랜드 ‘작심’의 프리미엄 인테리어와 서비스를 커뮤니티 공간에 적용한다....,"Mon, 06 Jul 2026 15:08:00 +0900",2026-07-06 15:08:00
"[티조챗] 장윤기 사건 '경찰 게이트'로 비화?…국수본 ""유착 의혹, 명운...",https://news.tvchosun.com/site/data/html_dir/2026/07/06/2026070690209.html,https://n.news.naver.com/mnews/article/448/0000624676?sid=102,잠시 후 스터디카페에서 공부하다 귀가하던 여고생 A양을 등 뒤에서 목을 감아 제압하고 차량 쪽으로 끌고 가며 흉기를 휘둘렀다. 장윤기는 A양을 납치하기 전 15분간 미행하고 있었다. A양의 비명소리를 듣고 한 남학생이...,"Mon, 06 Jul 2026 15:08:00 +0900",2026-07-06 15:08:00
"사일삼마케팅, 네이버 메이트 IT·테크 분야 선정",https://www.gokorea.kr/news/articleView.html?idxno=871309,https://www.gokorea.kr/news/articleView.html?idxno=871309,"네이버 메이트는 블로그, 카페, 지식iN, 프리미엄콘텐츠 등 네이버 사용자 제작 콘텐츠 서비스에서 활동하는... 사일삼마케팅은 변호사와 법무법인 등 전문직을 대상으로 브랜드 블로그, 카페 운영, 홈페이지 SEO, 네이버...","Mon, 06 Jul 2026 15:08:00 +0900",2026-07-06 15:08:00
[정보보안 연재소설-로그아웃되지 않는 밤] 제2화 프롤로그 · 새벽 세 ...,https://www.dailysecu.com/news/articleView.html?idxno=207466,https://www.dailysecu.com/news/articleView.html?idxno=207466,"명품 매장의 쇼윈도는 불을 끈 채 잠들어 있고, 카페의 의자들은 테이블 위에 거꾸로 얹힌 채 밤새 지낸 모양이다. 화려함이 잠시 화장을 지운 얼굴. 도윤은 그 민낯의 도시를 7년째 보아 왔다. 사람들이 가장 화려한 낮만...","Mon, 06 Jul 2026 15:06:00 +0900",2026-07-06 15:06:00
"""아아 팔다 김치볶음밥 판다""… 밥장사 뛰어든 저가 커피숍의 ‘변신’",https://www.dt.co.kr/article/12071359?ref=naver,https://n.news.naver.com/mnews/article/029/0003035517?sid=101,고물가로 점심 한 끼 가격이 1만원을 훌쩍 넘으면서 단돈 몇천원에 끼니를 해결할 수 있는 카페의 식사... 직장인들 대표 점심 메뉴들이 1만원을 훌쩍 넘어가면서 상대적으로 저렴한 카페 식사 메뉴가 고물가의 대안으로...,"Mon, 06 Jul 2026 15:05:00 +0900",2026-07-06 15:05:00
"SK에코플랜트, 주민공동시설 중심 주거서비스 확대",https://www.100ssd.co.kr/news/articleView.html?idxno=210881,https://www.100ssd.co.kr/news/articleView.html?idxno=210881,"SK에코플랜트가 교육·카페 전문서비스 기업과 손잡고 주거서비스 경쟁력 강화에 나선다. SK에코플랜트는... 아이엔지스토리는 스터디카페 브랜드 '작심'의 프리미엄 인테리어와 서비스를 제공하며, 공무원시험과 영어...","Mon, 06 Jul 2026 15:04:00 +0900",2026-07-06 15:04:00
"SK에코플랜트, '3개사와 맞손' 주거서비스 경쟁력 강화",https://www.fetv.co.kr/news/articleView.html?idxno=305851,https://www.fetv.co.kr/news/articleView.html?idxno=305851,SK에코플랜트는 각 사의 카페·교육 전문서비스를 공동주택 주민공동시설에 적용해 운영한다. 커뮤니티... 스터디카페 브랜드 '작심'의 인테리어와 콘텐츠를 제공한다. 학산은 스페셜티 브랜드 테라로사의 커피...,"Mon, 06 Jul 2026 15:04:00 +0900",2026-07-06 15:04:00
"[연예PICK] 임성근 셰프, 전과 논란 딛고 식당 개업…""뻔뻔하다""vs""본업...",https://news.sbs.co.kr/news/endPage.do?news_id=N1008643326&plink=ORI&cooper=NAVER,https://m.entertain.naver.com/article/055/0001370034,"총 3층 규모의 식당 사진도 공개했는데, 1,2층은 식당, 3층은 카페로 꾸몄습니다. 임성근 셰프는 2015년 tvN '한식대첩3' 우승자로 이름을 알렸고, 지난해엔 넷플릭스 '흑백요리사2'에서 활약했지만, 올 초 자신의 유튜브...","Mon, 06 Jul 2026 15:04:00 +0900",2026-07-06 15:04:00
'경북 국제AI·메타버스영상 공모전' 국제 위상 높아졌다,https://www.newsis.com/view/NISX20260706_0003697539,https://n.news.naver.com/mnews/article/003/0014048853?sid=102,"AI광고 영상으로는 경산카페축제, 구미라면축제, 포항불빛축제가 264건, 9개 기업의 광고 130건, 경산공설시장, 구미대마을중앙시장, 포항죽도시장 등 전통시장 광고가 52건으로 나타났다. 접수된 작품은 이달 중...","Mon, 06 Jul 2026 15:02:00 +0900",2026-07-06 15:02:00
"SK에코플랜트, 대교CNS·아이엔지스토리·학산과 ‘주거서비스’ 협력",http://www.lawissue.co.kr/view.php?ud=20260706145934929667191f6c6e_12,http://www.lawissue.co.kr/view.php?ud=20260706145934929667191f6c6e_12,아이엔지스토리는 스터디카페 브랜드 ‘작심’의 프리미엄 인테리어와 서비스를 커뮤니티 공간에... 학산은 테라로사와 함께 개발한 ‘드파인 블렌딩 원두’를 단지 커뮤니티 카페에 준공 후 2년간 공급하고...,"Mon, 06 Jul 2026 15:02:00 +0900",2026-07-06 15:02:00
"""수료생 88% '홀로서기' 성공""...서울시, 프렙아카데미 11기 모집",http://www.fnnews.com/news/202607061104092568,https://n.news.naver.com/mnews/article/014/0005544262?sid=102,모집 대상은 서울시에 거주하는 만 19~39세 청년(의무복무 제대군인 최대 3년 연장 가능) 중 외식·카페 등 식음료 분야 예비 창업자다. 참여 희망자는 오는 8월 3일까지 '서울시 소상공인 종합지원 포털'에서 온라인으로...,"Mon, 06 Jul 2026 15:01:00 +0900",2026-07-06 15:01:00
‘방송인 새 출발’ 황재균 “박수 받고 떠난 야구인생…예능으로 홈런...,https://sports.khan.co.kr/article/202607061458003?pt=nv,https://m.entertain.naver.com/article/144/0001124605,"구글 맵으로 동네 맛집을 검색해 찾아가 혼밥을 먹기도 하고, 분위기 좋은 카페에서 커피를 마시며 좋아하는 음악을 듣는 게 소소한 힐링이었죠.” - 비인기 팀 넥센 히어로즈에서 가장 인기 있던 롯데 자이언츠로...","Mon, 06 Jul 2026 15:00:00 +0900",2026-07-06 15:00:00
"'돌싱' 이동건, 1년 만에 제주 카페 휴업 결정… ""그동안 아껴주시고 찾...",https://www.tenasia.co.kr/article/2026070677834,https://m.entertain.naver.com/article/312/0000766614,"배우 이동건(45)이 운영 중인 제주 카페가 재정비를 위해 휴업에 들어간다. 6일 이동건 카페 공식 계정에는 ""7월 9일부로 재정비의 시간을 가지게 됐다""며 ""그동안 아껴주시고 찾아주셔서 진심으로 감사드린다""는 매장...","Mon, 06 Jul 2026 15:00:00 +0900",2026-07-06 15:00:00
"성남야탑유스센터, 자원순환 성과전시회 성료",https://biz.heraldcorp.com/article/10799606?ref=naver,https://n.news.naver.com/mnews/article/016/0002666369?sid=100,성남시청소년청년재단(대표이사 양경석) 야탑유스센터는 지난 7월 4일 야탑유스센터 1층 풋:별별카페에서 초등학교 4~6학년 청소년 16명이 참여한 자원순환 프로젝트 ‘Re-Ceramic(다시 쓰는 흙의 기록)’ 성과전시회를...,"Mon, 06 Jul 2026 14:59:00 +0900",2026-07-06 14:59:00
"여원, 빗속 카페에서 여유로운 오후…입대 앞두고 '빌드업' 활약도",https://www.topstarnews.net/news/articleView.html?idxno=16125125,https://www.topstarnews.net/news/articleView.html?idxno=16125125,"그룹 펜타곤(YEOONE) 여원(여창구, 29세)이 카페에서 촬영한 사진으로 근황을 전했다. 실내에서 편안한 복장으로 앉아 한가로운 시간을 보내는 모습이 담겼다. 6일 올라온 게시물에는 창가 자리에 기대 앉아...","Mon, 06 Jul 2026 14:58:00 +0900",2026-07-06 14:58:00
"“아이는 체험, 부모는 휴식”…호텔가 여름방학 특화 프로그램 쏟아진...",http://digitalchosun.dizzo.com/site/data/html_dir/2026/07/06/2026070680135.html,http://digitalchosun.dizzo.com/site/data/html_dir/2026/07/06/2026070680135.html,"호텔 레스토랑 파크카페에서는 장어·전복·랍스터 등 제철 보양 식재료를 활용한 코스 '썸머 바이탈리티'를 런치·디너로 선보이며, 네이버 사전 예약 시 10% 할인이 적용된다. 수피트니스&스파는 9월까지 가족 단위로...","Mon, 06 Jul 2026 14:56:00 +0900",2026-07-06 14:56:00
서울시청 하늘전망대에서 도심 풍경을 한눈에 [뉴시스Pic],https://www.newsis.com/view/NISX20260706_0003697467,https://n.news.naver.com/mnews/article/003/0014048832?sid=102,북쪽으로는 광화문 광장 일대까지 볼 수 있어 서울 도심 풍경을 감상할 수 있다. 전망대는 평일 오전 7시 30분부터 오후 6시까지 이용할 수 있으며 시청 1층에서 9층 하늘광장 카페로 연결되는 엘리베이터를 이용하면 된다.,"Mon, 06 Jul 2026 14:55:00 +0900",2026-07-06 14:55:00
"그라비티, '라그나로크M: 클래식' 국내 이용자 간담회 개최",https://zdnet.co.kr/view/?no=20260706145311,https://n.news.naver.com/mnews/article/092/0002429413?sid=105,"이번 행사는 오는 12일 오후 2시부터 서울 강남에 위치한 알베르 카페에서 열린다. 최근 진행한 CBT 기간 동안 이용자들이 보내준 성원에 보답하기 위해 기획했다. 그라비티, '라그나로크M: 클래식' 국내 이용자 간담회...","Mon, 06 Jul 2026 14:54:00 +0900",2026-07-06 14:54:00
"한국임업진흥원 블로그, 7월도 '네이버 메이트'에 선정",https://www.imwood.co.kr/news/articleView.html?idxno=41359,https://www.imwood.co.kr/news/articleView.html?idxno=41359,"에이아이(AI) 브리핑에 자주 인용되는 콘텐츠를 생산하는 창작자나 커뮤니티(블로그, 지식iN, 카페 등)를 지원·육성하기 위해 도입됐다. AI 인용 수를 중심으로 주제 전문성, 서비스 활동성, 콘텐츠 신뢰도, 이용자 반응...","Mon, 06 Jul 2026 14:54:00 +0900",2026-07-06 14:54:00
"천연원목 음향 패널 기업 우리참나무, 건축박람회 ‘2026 코리아빌드위...",https://www.socialvalue.kr/news/view/1065592034833686,https://www.socialvalue.kr/news/view/1065592034833686,"교회와 성당 등 종교시설에서는 설교와 찬양의 전달력을 높이는 데 활용할 수 있으며, 학원과 스터디카페에서는 울림을 줄이는 마감재로 제안된다. 회의실과 사무공간에서는 대화의 명료도를 높이는 음향 인테리어...","Mon, 06 Jul 2026 14:52:00 +0900",2026-07-06 14:52:00
"경기도교육청, 자기주도학습센터 전국 최다 운영",https://biz.heraldcorp.com/article/10799588?ref=naver,https://n.news.naver.com/mnews/article/016/0002666364?sid=102,"특히 개별 열람실과 북카페 등 쾌적한 학습 공간에서 EBS 연계 교육 콘텐츠를 활용한 학습, 대학생 멘토링 등을 지원받을 수 있다. 지역 특성을 반영한 ‘1지역 1브랜드’ 교육활동의 대표 사례로 가평 ‘대제학...","Mon, 06 Jul 2026 14:52:00 +0900",2026-07-06 14:52:00
"[위클리오늘] ""와아~! 신난다!!"" 하남시, 미사3동 공공형 키즈카페 '맘대...",http://www.weeklytoday.com/news/articleView.html?idxno=783666,http://www.weeklytoday.com/news/articleView.html?idxno=783666,카페 '맘대로A+놀이터' 문이 열리자마자 아이들의 자지러지는 웃음소리와 활기찬 함성이 공간 전체로 번졌다. 하남시는 이날 아이들이 원하는 놀이를 주도적으로 선택해 자유롭게 즐길 수 있는 공공형 키즈카페인...,"Mon, 06 Jul 2026 14:50:00 +0900",2026-07-06 14:50:00
"원룸 주방도 OK…크룹스, 15cm 초슬림 전자동 커피머신 한국 첫 출시",https://www.megaeconomy.co.kr/news/newsview.php?ncode=1065592016824619,https://www.megaeconomy.co.kr/news/newsview.php?ncode=1065592016824619,이번 제품은 가정에서도 갓 갈아낸 원두커피를 간편하게 즐기려는 홈카페 수요를 겨냥한 전자동... 일반 원두뿐 아니라 분쇄 원두도 사용할 수 있어 디카페인 커피 등 다양한 취향도 반영할 수 있다. 사용 편의성도...,"Mon, 06 Jul 2026 14:50:00 +0900",2026-07-06 14:50:00
"송영훈 제주도의장, 관권선거 개입 의혹에 ""심려끼쳐 송구""",https://www.yna.co.kr/view/AKR20260706089000056?input=1195m,https://n.news.naver.com/mnews/article/001/0016178128?sid=100,"송 의장은 이날 제주도의회 도민카페에서 연 기자간담회에서 관련 질문에 ""법보다 무거운 것이 도민 신뢰다. 현재 관련 사항에 대한 절차가 진행 중인 만큼 필요한 부분이 있다면 성실히 임하도록 하겠다""며 이같이 밝혔다....","Mon, 06 Jul 2026 14:49:00 +0900",2026-07-06 14:49:00
"""위고비·마운자로 맞고 배가 아파요"" 이상반응 19배 늘었다",https://www.todayeconomic.com/news/article.html?no=31203,https://www.todayeconomic.com/news/article.html?no=31203,"실제로 위고비/마운자로 실제 사용자 카페에서는 ""용량보다 더 맞고 싶다. 부작용 있을까요?"" ""야메(임의)로... 네이버 위고비/마운자로 카페에서 ""기름진 음식 먹으면 설사를 심하게 한다"" ""가려움증이 심해졌다...","Mon, 06 Jul 2026 14:48:00 +0900",2026-07-06 14:48:00
"1만500명 마라토너의 열정, 기장의 새로운 랜드마크 '카페 팜트리'에 영...",https://www.smartbizn.com/news/articleView.html?idxno=147846,https://www.smartbizn.com/news/articleView.html?idxno=147846,| 스마트비즈 = 정선 기자 | 부산 기장의 푸른 바다를 배경으로 달린 1만500명 마라토너들의 이름이 예술 작품이 돼 기장의 명소인 카페 팜트리 광장에 새겨졌다. 6일 오전 부산 기장군 기장읍 기장해안로 832 카페 팜트리...,"Mon, 06 Jul 2026 14:48:00 +0900",2026-07-06 14:48:00
'올리브영N 성수'가 외국인 성지가 된 이유 [이원희의 데이터로 보는 도...,https://www.hankyung.com/article/202607019739i,https://n.news.naver.com/mnews/article/015/0005306638?sid=103,"면세점보다 한국인들이 많이 찾는 브랜드를 찾고, 한국식 카페에 가고, 한국인들이 받는 관리를 받고, 화장품을 구매한다. 이제 K뷰티는 하나의 현상을 넘어 미적인 라이프스타일로 자리 잡고 있다. 전 세계 사람들이...","Mon, 06 Jul 2026 14:44:00 +0900",2026-07-06 14:44:00
"SK에코플랜트, AI 독서실·테라로사 카페 갖춘 커뮤니티 확대",https://www.seoultimes.news/news/article.html?no=2000097441,https://www.seoultimes.news/news/article.html?no=2000097441,대교CNS·아이엔지스토리·학산과 주민공동시설 협력 AI 학습관리·스터디카페·브랜드 카페 순차 도입 교육·휴식 결합한 커뮤니티로 입주민 편의 높여 [서울타임즈뉴스 = 서연옥 기자] 아파트 주민공동시설이 운동과...,"Mon, 06 Jul 2026 14:43:00 +0900",2026-07-06 14:43:00
"[안성소식]한경국립대, 장애인 창업지원체계 본격운영 등",https://www.newsis.com/view/NISX20260706_0003697487,https://n.news.naver.com/mnews/article/003/0014048784?sid=102,"로봇상생카페, AI 스마트팜팩토리 등 5개 분야의 예비창업 교육과 장애인 최고경영자과정(AMP)을 운영하게 된다. AI 이커머스 전자상거래 창업교육은 15일, AI 로봇상생카페 창업교육 8월1일, AI 스마트팜팩토리 창업교육...","Mon, 06 Jul 2026 14:42:00 +0900",2026-07-06 14:42:00
"대구서 국내 대형마트 시대를 연 홈플러스, 결국 폐업 위기…상권도 일...",https://www.kbmaeil.com/article/20260706500353,https://www.kbmaeil.com/article/20260706500353,"공실이 장기화되면 주변 식당과 카페, 편의점 등 상권 전체가 함께 위축될 수밖에 없다”고 우려했다. 유통업계는 홈플러스 사태가 단순히 대형마트 한 곳의 존폐를 넘어 지역경제 전반에 영향을 미칠 수 있다고 보고 있다....","Mon, 06 Jul 2026 14:42:00 +0900",2026-07-06 14:42:00
"글로벌 치킨 전쟁 2라운드… BBQ·bhc, 해외서 승부 건다",https://www.ddaily.co.kr/page/view/2026070614082821257,https://n.news.naver.com/mnews/article/138/0002233258?sid=101,"반면 콜롬비아 'BBQ 프로벤사'점은 고급 레스토랑과 루프탑 바가 밀집한 상권 특성을 살려 프리미엄 카페형 'CDR(Casual Dining Restaurant)' 모델로 운영한다. bhc의 경우, 최근 주로 출점하는 매장 형태는 식사와 대화를...","Mon, 06 Jul 2026 14:41:00 +0900",2026-07-06 14:41:00
"'사교육 없는 공공 스터디카페'… 경기도, 자기주도학습센터 22곳 확대",https://www.g-enews.com/view.php?ud=2026070614185913968fbfc802b3_1,https://www.g-enews.com/view.php?ud=2026070614185913968fbfc802b3_1,"아울러 독서실 형태의 개별 집중 열람실과 개방형 북카페 등 쾌적한 학습 환경을 무상으로 편리하게 이용할 수 있다. 학습 콘텐츠 역시 한층 입체적이다. EBS 연계 교재 기반의 교과 커리큘럼은 물론, 인공지능(AI) 기술을...","Mon, 06 Jul 2026 14:38:00 +0900",2026-07-06 14:38:00
“학생만 혼내선 안돼”…감독·부모도 스포츠맨십 배우는 나라들,https://www.joongang.co.kr/article/25442741,https://n.news.naver.com/mnews/article/025/0003535612?sid=102,"사건 이후 야구선수 학부모들의 온라인 카페에는 “이겨야 한다며 어른들이 야지 문화를 허용한 것”, “여기 책임 없는 사람이 없다” 등의 글이 이어지고 있다. 일부 학부모들은 조롱성 더그아웃 문화란 오래된 악습을...","Mon, 06 Jul 2026 14:37:00 +0900",2026-07-06 14:37:00
"양천구, 용왕산 근린공원 새단장…'러닝트랙·매력정원' 조성",https://www.news1.kr/local/moi/6218987,https://n.news.naver.com/mnews/article/421/0009042932?sid=102,서울 양천구가 용왕산 근린공원 리모델링을 마무리하고 스카이워크와 숲속카페를 잇는 도심 속 복합... 이번 정비로 용왕산은 지난해 문을 연 숲속카페와 지난 4월 개방한 스카이워크에 이어 공원 리모델링까지...,"Mon, 06 Jul 2026 14:37:00 +0900",2026-07-06 14:37:00
"[커피음료 트렌드] 오래 앉아 있는 사람, 커피 안 마시면 만성 콩팥병 위...",https://www.ibabynews.com/news/articleView.html?idxno=152654,https://www.ibabynews.com/news/articleView.html?idxno=152654,"'게이샤 G 블렌드 룽고', '게이샤 G 블렌드 카페라떼', '누텔라 아이스크림'이 대표 메뉴다. 프랜차이즈 커피 브랜드에서 쉽게 접하기 어려운 게이샤 원두를 폴 바셋 시그니처 메뉴인 룽고와 라떼로 선보이고, 오리지널...","Mon, 06 Jul 2026 14:36:00 +0900",2026-07-06 14:36:00
"이동건 제주 카페, 약 1년 만 휴업 ""7월 9일부터 재정비""",https://www.hankookilbo.com/news/article/A2026070614010002764?did=NA,https://m.entertain.naver.com/article/469/0000940627,"배우 이동건이 운영하는 제주 카페가 휴업한다. 6일 이동건이 운영하는 카페 공식 SNS 계정에는 ""7월 9일부터 재정비의 시간을 갖게 됐다""며 ""그동안 아껴주시고 찾아주셔서 진심으로 감사드린다""는 내용의 공지가...","Mon, 06 Jul 2026 14:36:00 +0900",2026-07-06 14:36:00
"[아이들과 가볼만한 곳] ""세계 최초 Physical AI 테마파크 시대 연다""…...",https://www.ibabynews.com/news/articleView.html?idxno=152656,https://www.ibabynews.com/news/articleView.html?idxno=152656,구는 자연을 배경으로 휴식을 취할 수 있는 '용왕산 숲속카페'와 숲 속 하늘길 '용왕산 스카이워크' 조성에... 지난해 12월 문을 연 '용왕산 숲속카페'는 공원 내 장기간 방치돼 있던 옛 배수지 관사시설을 리모델링해...,"Mon, 06 Jul 2026 14:36:00 +0900",2026-07-06 14:36:00
"[청소년뉴스] 인천광역시청소년활동진흥센터, 개소 30주년 기념식 개최...",https://www.ibabynews.com/news/articleView.html?idxno=152627,https://www.ibabynews.com/news/articleView.html?idxno=152627,수성구청소년수련관은 카페·외식·디저트 분야에 관심 있는 청소년을 대상으로 청소년 주도형 진로탐색 프로젝트 「진로의 역주행: 먹는 즐거움에서 만드는 가치로!」 참가자를 모집한다. 이번 사업은 청소년이 카페와...,"Mon, 06 Jul 2026 14:36:00 +0900",2026-07-06 14:36:00
"광양시, ‘섬진강별빛스카이’ 운영 중단 위기 넘겼다…위탁료 조정으...",https://www.viva100.com/article/20260706500869,https://www.viva100.com/article/20260706500869,또한 ▲배알도별빛야영장 ▲섬진강요트체험장 ▲배알도 섬 정원 ▲주변 음식점과 카페 등과 연계한 프로그램을 확대할 예정이다. 이현주 관광과장은 “운영사와 긴밀히 협력해 관광객 편의를 개선하고 다양한 체험...,"Mon, 06 Jul 2026 14:32:00 +0900",2026-07-06 14:32:00
"전북도, 6~24일 휴가철 불법 숙박업 집중단속",http://www.jeonmin.co.kr/news/articleView.html?idxno=442788,http://www.jeonmin.co.kr/news/articleView.html?idxno=442788,주요 단속 대상은 ▲공유숙박 플랫폼을 통해 운영되는 미신고 숙박업소 ▲아파트·주택 등 숙박업 신고 대상이 아닌 시설에서의 불법 숙박 영업 ▲룸카페 등에서 이뤄지는 유사 숙박 영업 ▲숙박업 변경신고 미이행...,"Mon, 06 Jul 2026 14:30:00 +0900",2026-07-06 14:30:00
"SK에코플랜트, '교육·카페' 결합 모델 도입...주거서비스 차별화",https://www.newspost.kr/news/articleView.html?idxno=224014,https://www.newspost.kr/news/articleView.html?idxno=224014,아이엔지스토리는 스터디카페 브랜드 '작심'의 인테리어와 운영 노하우를 커뮤니티 공간에 접목한다.... 스페셜티 커피 브랜드 테라로사의 원두 공급사인 학산은 단지 내 커뮤니티 카페에 '드파인 블렌딩 원두'를 준공...,"Mon, 06 Jul 2026 14:28:00 +0900",2026-07-06 14:28:00
"기업대출 제때 돈 못갚는 곳, 10건 중 9건은 ‘골목상권’",https://www.mk.co.kr/article/12091186,https://n.news.naver.com/mnews/article/009/0005703254?sid=101,"기업대출 연체율, 가계대출보다 높아 고금리·내수 부진에 자영업 부실 확산 경기 침체가 장기화하면서 은행권 기업대출 연체가 가계보다 빠르게 늘어나는 가운데, 실제 부실은 제조업보다 동네 식당과 카페, 소매점...","Mon, 06 Jul 2026 14:27:00 +0900",2026-07-06 14:27:00
"코보시스, 타사 스터디카페 키오스크 교체 프로모션 진행…무인 운영 안...",https://www.gosiweek.com/article/1065590308772532,https://www.gosiweek.com/article/1065590308772532,▲코보시스 제공 유·무인 운영 솔루션 전문 기업 코보시스가 현재 타사의 키오스크를 도입해 운영 중인 스터디카페 점주들을 대상으로 시스템의 안정성을 강화하고 교체 비용 부담을 완화하기 위한 ‘스터디카페 키오스크...,"Mon, 06 Jul 2026 14:26:00 +0900",2026-07-06 14:26:00
"경기교육청, 자기주도학습센터 9곳 추가 개소",https://www.newsis.com/view/NISX20260706_0003697446,https://n.news.naver.com/mnews/article/003/0014048729?sid=102,"자기주도학습센터는 교육지원이 필요한 지역의 중·고등학교 학생을 위한 공공형 스터디카페로... 또 개별 열람실과 북카페 등 쾌적한 학습 공간에서 EBS 연계 교육 콘텐츠를 활용한 학습, 대학생 멘토링 등을 지원받을 수...","Mon, 06 Jul 2026 14:26:00 +0900",2026-07-06 14:26:00
"공무원 선거 개입 의혹 묵인 비판, 송영훈 의장의 답변은?",https://www.mediajeju.com/news/articleView.html?idxno=365055,https://www.mediajeju.com/news/articleView.html?idxno=365055,"송영훈 제주도의회 의장은 7일 오전 제주도의회 도민카페에서 열린 기자간담회 자리에서 이와 같은 입장을 보였다. 송 의장은 먼저 이날 기자간담회에서 모두발언을 통해 ""제주가 처한 현실히 참으로 엄중하다""며...","Mon, 06 Jul 2026 14:26:00 +0900",2026-07-06 14:26:00
"HJ중공업, 2572억 규모 '부산 벡스코 제3전시장 건립사업' 수주 [건설오...",https://www.sisaon.co.kr/news/articleView.html?idxno=202437,https://www.sisaon.co.kr/news/articleView.html?idxno=202437,"SK에코플랜트, 교육·카페 전문서비스 브랜드와 주거서비스 모델 차별화 SK에코플랜트가 6일 대교CNS... SK에코플랜트는 이번 협약을 통해 교육, 스터디카페, 커뮤니티 카페 서비스를 공동주택 주민공동시설에 적용할...","Mon, 06 Jul 2026 14:26:00 +0900",2026-07-06 14:26:00
"제물포구, 여름방학 맞아 '잉글리시 페스타' 4주간 운영",http://www.newstown.co.kr/news/articleView.html?idxno=708288,http://www.newstown.co.kr/news/articleView.html?idxno=708288,이어 8월 8일에는 키즈카페 '동구랑 스틸랜드'에서 초등학생을 대상으로 '찾아가는 꿈영도 영어캠프'가 진행된다. 참가 어린이들은 영어 체험을 마친 뒤 키즈카페 시설을 이용하며 놀이와 학습을 함께 경험할 수 있다....,"Mon, 06 Jul 2026 14:25:00 +0900",2026-07-06 14:25:00
하늘전망대에서 바라보는 덕수궁,https://www.newsis.com/view/NISI20260706_0021351991,https://n.news.naver.com/mnews/article/003/0014048722?sid=102,하늘전망대는 평일 오전 7시 30분부터 오후 6시까지 무료로 이용할 수 있으며 별도 예약은 필요 없다. 서울시청 1층에서 9층 ‘하늘광장’ 카페로 연결되는 엘리베이터를 이용하면 바로 이용할 수 있다. 2026.07.06.,"Mon, 06 Jul 2026 14:24:00 +0900",2026-07-06 14:24:00
하늘전망대 첫 개방,https://www.newsis.com/view/NISI20260706_0021351992,https://n.news.naver.com/mnews/article/003/0014048721?sid=102,하늘전망대는 평일 오전 7시 30분부터 오후 6시까지 무료로 이용할 수 있으며 별도 예약은 필요 없다. 서울시청 1층에서 9층 ‘하늘광장’ 카페로 연결되는 엘리베이터를 이용하면 바로 이용할 수 있다. 2026.07.06.,"Mon, 06 Jul 2026 14:24:00 +0900",2026-07-06 14:24:00
하늘전망대 첫 개방,https://www.newsis.com/view/NISI20260706_0021351994,https://n.news.naver.com/mnews/article/003/0014048723?sid=102,하늘전망대는 평일 오전 7시 30분부터 오후 6시까지 무료로 이용할 수 있으며 별도 예약은 필요 없다. 서울시청 1층에서 9층 ‘하늘광장’ 카페로 연결되는 엘리베이터를 이용하면 바로 이용할 수 있다. 2026.07.06.,"Mon, 06 Jul 2026 14:24:00 +0900",2026-07-06 14:24:00
"[위클리오늘] 경기도교육청, 자기주도학습센터 22개로 확대…전국 최다...",http://www.weeklytoday.com/news/articleView.html?idxno=783655,http://www.weeklytoday.com/news/articleView.html?idxno=783655,"특히 개별 열람실과 북카페 등 쾌적한 학습 공간에서 EBS 연계 교육 콘텐츠를 활용한 학습, 대학생 멘토링... 자기주도학습센터는 교육지원이 필요한 지역의 중·고 학생을 위한 공공형 스터디카페로 자기주도학습 역량을...","Mon, 06 Jul 2026 14:24:00 +0900",2026-07-06 14:24:00
"""그동안 찾아주셔서…"" 이동건 제주 카페, 재정비 시간 갖는다",http://www.stoo.com/article.php?aid=107581429411,http://www.stoo.com/article.php?aid=107581429411,"배우 이동건이 운영하는 카페가 휴업한다. 6일 이동건 카페 SNS에는 ""찾아주신 고객님들께 감사드리며 오는 9일 부로 재정비의 시간을 갖게 됐다""며 ""그동안 아껴주시고 찾아주셔서 진심으로 감사드린다""는 글이...","Mon, 06 Jul 2026 14:24:00 +0900",2026-07-06 14:24:00
서울시청 하늘전망대 개방,https://www.newsis.com/view/NISI20260706_0021351995,https://n.news.naver.com/mnews/article/003/0014048724?sid=102,하늘전망대는 평일 오전 7시 30분부터 오후 6시까지 무료로 이용할 수 있으며 별도 예약은 필요 없다. 서울시청 1층에서 9층 ‘하늘광장’ 카페로 연결되는 엘리베이터를 이용하면 바로 이용할 수 있다. 2026.07.06.,"Mon, 06 Jul 2026 14:24:00 +0900",2026-07-06 14:24:00
"용인특례시, ‘제11회 대한민국 국제 관광박람회’서 홍보관 운영",https://www.siminilbo.co.kr/news/newsview.php?ncode=1160272955663986,https://www.siminilbo.co.kr/news/newsview.php?ncode=1160272955663986,"용인투어패스는 모바일 티켓 하나로 지역의 유료 관광지와 미술관, 테마파크, 이색 카페 등을 이용할 수 있는 통합 이용권으로, 12·24·48시간권 등 시간 선택형 기본권과 한국민속촌·에버랜드 등 테마 패키지권으로...","Mon, 06 Jul 2026 14:24:00 +0900",2026-07-06 14:24:00
"영천시, 11일 '청춘예술제' 열어 청년과 소통...취·창업 기회 제공",https://daily.hankooki.com/news/articleView.html?idxno=1383126,https://daily.hankooki.com/news/articleView.html?idxno=1383126,"지난 5월 시작한 '꿈이음 청춘카페 지원사업'도 상시 모집하고 있다. 지역 카페를 청년들의 활동 공간으로 만들고, 청년 간 네트워크 형성을 지원한다. 선정된 카페는 음료 포인트와 취·창업 프로그램도 받을 수 있다.","Mon, 06 Jul 2026 14:24:00 +0900",2026-07-06 14:24:00
서울시청 하늘전망대 첫 개방,https://www.newsis.com/view/NISI20260706_0021351990,https://n.news.naver.com/mnews/article/003/0014048717?sid=102,하늘전망대는 평일 오전 7시 30분부터 오후 6시까지 무료로 이용할 수 있으며 별도 예약은 필요 없다. 서울시청 1층에서 9층 ‘하늘광장’ 카페로 연결되는 엘리베이터를 이용하면 바로 이용할 수 있다. 2026.07.06.,"Mon, 06 Jul 2026 14:24:00 +0900",2026-07-06 14:24:00
"[처음 그 곳]⑦ 스타벅스 이대점, 자판기 커피 100원시절, 3000원짜리 '문...",https://www.greenpostkorea.co.kr/news/articleView.html?idxno=307044,https://www.greenpostkorea.co.kr/news/articleView.html?idxno=307044,"카페에서 시간을 보내는 방식 자체가 달랐다. 당시 한국의 다방 문화는 종업원이 자리까지 커피를... 이디야커피 2002년, 탐앤탐스 2004년, 카페베네마저 2008년에야 설립됐다. 스타벅스 이대점이 문을 연 1999년은 그 모든...","Mon, 06 Jul 2026 14:24:00 +0900",2026-07-06 14:24:00
서울시청 하늘전망대 개방,https://www.newsis.com/view/NISI20260706_0021351989,https://n.news.naver.com/mnews/article/003/0014048718?sid=102,하늘전망대는 평일 오전 7시 30분부터 오후 6시까지 무료로 이용할 수 있으며 별도 예약은 필요 없다. 서울시청 1층에서 9층 ‘하늘광장’ 카페로 연결되는 엘리베이터를 이용하면 바로 이용할 수 있다. 2026.07.06.,"Mon, 06 Jul 2026 14:24:00 +0900",2026-07-06 14:24:00
하늘전망대 첫 개방,https://www.newsis.com/view/NISI20260706_0021351993,https://n.news.naver.com/mnews/article/003/0014048719?sid=102,하늘전망대는 평일 오전 7시 30분부터 오후 6시까지 무료로 이용할 수 있으며 별도 예약은 필요 없다. 서울시청 1층에서 9층 ‘하늘광장’ 카페로 연결되는 엘리베이터를 이용하면 바로 이용할 수 있다. 2026.07.06.,"Mon, 06 Jul 2026 14:24:00 +0900",2026-07-06 14:24:00
[광주 소식] 전남광주통합특별시 '식중독 예방' 컨설팅·광산구 '얼음 생...,https://www.newsworks.co.kr/news/articleView.html?idxno=846228,https://www.newsworks.co.kr/news/articleView.html?idxno=846228,이어 서남예술촌은 오는 7월 9일 오후 2시 북카페 사유의 숲에서 '로컬 아트 창작 실험실: 인쇄 발주 노하우 강의'를 열고 참여자 15명을 모집한다. 지역 인쇄소 대표가 강사로 참여해 홍보물 제작에 필요한 실무 노하우를...,"Mon, 06 Jul 2026 14:24:00 +0900",2026-07-06 14:24:00
"SK에코플랜트, 인공지능 독서실·스터디카페 도입 …입주민 서비스 강화",https://news.tvchosun.com/site/data/html_dir/2026/07/06/2026070690191.html,https://n.news.naver.com/mnews/article/448/0000624658?sid=101,아이엔지스토리는 스터디카페 전문 브랜드 ‘작심’의 프리미엄 인테리어와 서비스를 커뮤니티 공간에... 스페셜티 브랜드 ‘테라로사’의 커피 공급사인 학산은 단지 커뮤니티 카페에 ‘드파인 블렌딩 원두’를 준공...,"Mon, 06 Jul 2026 14:22:00 +0900",2026-07-06 14:22:00
장애가 무의미해지는 세상을 꿈꾸는 '사단법인 무의',https://www.ohmynews.com/NWS_Web/View/at_pg.aspx?CNTN_CD=A0003249093&CMPT_CD=P0010&utm_source=naver&utm_medium=newsearch&utm_campaign=naver_news,https://n.news.naver.com/mnews/article/047/0002521636?sid=102,"홍윤희 이사장은 ""작은 단차조차 휠체어·유아차 이용자, 노인, 수레를 끄는 배송기사 등에겐 높은 턱이 될 수 있다""며 ""식당·편의점·카페 등에 경사로를 설치한 뒤 이용자들로부터 '도시가 나를 반기고 환영하는 느낌을...","Mon, 06 Jul 2026 14:21:00 +0900",2026-07-06 14:21:00
외국인들이 한국에서 가장 신기해하는 '공짜 문화'의 정체,https://www.wikitree.co.kr/articles/1144983,https://www.wikitree.co.kr/articles/1144983,""" 편의점에서는 하나를 사면 하나를 더 주고, 식당에서는 주문하지 않은 음식이 함께 나오고, 카페에서는... 식당에서 ""서비스입니다""라고 말하며 음료나 계란찜을 가져다주거나, 카페에서 디저트를 추가로 제공하는 모습은...","Mon, 06 Jul 2026 14:20:00 +0900",2026-07-06 14:20:00
"영천시, 청춘콘서트 개최…청년 예술가 공연·창업가 전시 진행",https://www.gukjenews.com/news/articleView.html?idxno=3627447,https://www.gukjenews.com/news/articleView.html?idxno=3627447,"또한, 미취업 청년은 영천청년센터 홈페이지를 통해 '영천시 꿈이음 청춘카페 지원사업'에도 참여할 수 있다. 이 사업은 지역 카페를 거점으로 활동 공간을 제공하고, 음료 포인트와 취·창업 프로그램을 지원한다....","Mon, 06 Jul 2026 14:20:00 +0900",2026-07-06 14:20:00
하늘전망대에서 바라보는 덕수궁,https://www.newsis.com/view/NISI20260706_0021351951,https://n.news.naver.com/mnews/article/003/0014048667?sid=102,하늘전망대는 평일 오전 7시 30분부터 오후 6시까지 무료로 이용할 수 있으며 별도 예약은 필요 없다. 서울시청 1층에서 9층 ‘하늘광장’ 카페로 연결되는 엘리베이터를 이용하면 바로 이용할 수 있다. 2026.07.06.,"Mon, 06 Jul 2026 14:19:00 +0900",2026-07-06 14:19:00
하늘전망대 일반시민에 첫 개방,https://www.newsis.com/view/NISI20260706_0021351947,https://n.news.naver.com/mnews/article/003/0014048672?sid=102,하늘전망대는 평일 오전 7시 30분부터 오후 6시까지 무료로 이용할 수 있으며 별도 예약은 필요 없다. 서울시청 1층에서 9층 ‘하늘광장’ 카페로 연결되는 엘리베이터를 이용하면 바로 이용할 수 있다. 2026.07.06.,"Mon, 06 Jul 2026 14:19:00 +0900",2026-07-06 14:19:00
서울시청 하늘전망대 개방,https://www.newsis.com/view/NISI20260706_0021351949,https://n.news.naver.com/mnews/article/003/0014048670?sid=102,하늘전망대는 평일 오전 7시 30분부터 오후 6시까지 무료로 이용할 수 있으며 별도 예약은 필요 없다. 서울시청 1층에서 9층 ‘하늘광장’ 카페로 연결되는 엘리베이터를 이용하면 바로 이용할 수 있다. 2026.07.06.,"Mon, 06 Jul 2026 14:19:00 +0900",2026-07-06 14:19:00
하늘전망대 개방,https://www.newsis.com/view/NISI20260706_0021351948,https://n.news.naver.com/mnews/article/003/0014048669?sid=102,하늘전망대는 평일 오전 7시 30분부터 오후 6시까지 무료로 이용할 수 있으며 별도 예약은 필요 없다. 서울시청 1층에서 9층 ‘하늘광장’ 카페로 연결되는 엘리베이터를 이용하면 바로 이용할 수 있다. 2026.07.06.,"Mon, 06 Jul 2026 14:19:00 +0900",2026-07-06 14:19:00
서울시청 하늘전망대 개방,https://www.newsis.com/view/NISI20260706_0021351950,https://n.news.naver.com/mnews/article/003/0014048668?sid=102,하늘전망대는 평일 오전 7시 30분부터 오후 6시까지 무료로 이용할 수 있으며 별도 예약은 필요 없다. 서울시청 1층에서 9층 ‘하늘광장’ 카페로 연결되는 엘리베이터를 이용하면 바로 이용할 수 있다. 2026.07.06.,"Mon, 06 Jul 2026 14:19:00 +0900",2026-07-06 14:19:00
하늘전망대 개방,https://www.newsis.com/view/NISI20260706_0021351952,https://n.news.naver.com/mnews/article/003/0014048665?sid=102,하늘전망대는 평일 오전 7시 30분부터 오후 6시까지 무료로 이용할 수 있으며 별도 예약은 필요 없다. 서울시청 1층에서 9층 ‘하늘광장’ 카페로 연결되는 엘리베이터를 이용하면 바로 이용할 수 있다. 2026.07.06.,"Mon, 06 Jul 2026 14:19:00 +0900",2026-07-06 14:19:00
SM의 레몬 유니버스: 에스파부터 NCT까지,https://www.marieclairekorea.com/celebrity/2026/07/smloveslemon/?utm_source=naver&utm_medium=partnership,https://www.marieclairekorea.com/celebrity/2026/07/smloveslemon/?utm_source=naver&utm_medium=partnership,2021년 서울숲으로 사옥을 이전하기 직전까지 사용했던 청담 사옥이 처음 문을 열었을 때 사옥 지하에는 탄산수와 초콜릿 뿐 아니라 '엑소 손짜장' 등 PB 상품을 판매하는 SUM 마켓이 카페와 함께 문을...,"Mon, 06 Jul 2026 14:18:00 +0900",2026-07-06 14:18:00
원광대학교 앞 대학로 상권도 무너졌다,http://www.jeollailbo.com/news/articleView.html?idxno=804558,http://www.jeollailbo.com/news/articleView.html?idxno=804558,더욱이 여름방학이 시작되면서 학생들의 발길이 크게 줄어든 데다 일반 시민들의 방문도 감소해 저녁 식사시간임에도 상당수 음식점과 카페에는 손님을 찾아보기 어려운 실정이다. 특히 대학로 중심 사거리와 대로변 등...,"Mon, 06 Jul 2026 14:18:00 +0900",2026-07-06 14:18:00
"양천구, 용왕산 스카이워크 개장 이어 근린공원도 새단장",https://www.yna.co.kr/view/AKR20260706093000004?input=1195m,https://n.news.naver.com/mnews/article/001/0016177973?sid=102,서울 양천구(구청장 이기재)는 용왕산 숲속카페와 스카이워크 조성에 이어 용왕산 근린공원 일대의 노후시설... 앞서 구는 공원 내 장기간 방치돼 있던 옛 배수지 관사시설을 리모델링해 지난해 12월 용왕산 숲속카페를...,"Mon, 06 Jul 2026 14:17:00 +0900",2026-07-06 14:17:00
"개발 기대감 더한 노량진뉴타운 '드파인 아르티아', 오는 8일(수) 당첨자...",https://www.apnews.kr/news/articleView.html?idxno=3049539,https://www.apnews.kr/news/articleView.html?idxno=3049539,여기에 입주민을 위해 '드파인 아르티아' 주민카페에 '커피머신'과 '드파인 블렌딩 원두'를 준공 후 2년간 매월 10kg씩 무상으로 제공 할 예정이다. 앞서 지난 2024년 SK에코플랜트는 커피 브랜드 테사로사와 협업해 '드파인...,"Mon, 06 Jul 2026 14:12:00 +0900",2026-07-06 14:12:00
"완도군, '반값 여행·단체 관광' 사업…경제 활력 '톡톡'",https://www.cnbnews.com/news/articleView.html?idxno=1007018,https://www.cnbnews.com/news/articleView.html?idxno=1007018,"'완도 반값 여행'은 개별 관광객이 완도 내 숙박시설, 식당, 카페를 이용하거나 특산품을 구매하는 등 여행 과정에서 지출한 비용의 50%를 모바일 완도사랑상품권으로 환급해 주는 제도이며, '단체 관광객 유치 인센티브...","Mon, 06 Jul 2026 14:12:00 +0900",2026-07-06 14:12:00
"그라비티, '라그나로크M: Classic' 16일 출시",https://www.etnews.com/20260706000311,https://n.news.naver.com/mnews/article/030/0003444817?sid=105,그라비티가 MMORPG '라그나로크M: Classic' 론칭을 오는 16일로 확정하고 12일 서울 강남 알베르 카페에서 유저 간담회 'Fun & Fan Day'를 개최한다고 6일 밝혔다. 간담회는 오후 2시부터 6시까지 진행되며 지식 퀴즈...,"Mon, 06 Jul 2026 14:11:00 +0900",2026-07-06 14:11:00
"대전의 상징이 된 성심당, 오후 10시에도 긴 줄...이유 있었네",https://www.ekoreanews.co.kr/news/articleView.html?idxno=86894,https://www.ekoreanews.co.kr/news/articleView.html?idxno=86894,"대전역 인근 중앙시장과 원도심, 은행동 상권, 인근 카페 등을 함께 둘러보며 자연스럽게 소비가 이어진다. 성심당 하나가 지역 상권과 관광을 연결하는 플랫폼 역할을 하고 있는 셈이다. 하나의 향토 빵집이 도시 전체의...","Mon, 06 Jul 2026 14:10:00 +0900",2026-07-06 14:10:00
"광주신세계, 호남권 첫 '영어키즈카페' 문 열어",https://www.jnilbo.com/news/articleView.html?idxno=90000048011,https://www.jnilbo.com/news/articleView.html?idxno=90000048011,광주신세계는 플레이스팟 2층에 영어 키즈카페 '더 블루타이거'를 6일 개장한다고 밝혔다. 호남권 첫 매장인 만큼 지역 학부모들의 관심이 이어질 것으로 기대하고 있다. 더 블루타이거는 놀이와 체험을 통해 유아들이...,"Mon, 06 Jul 2026 14:10:00 +0900",2026-07-06 14:10:00
"경북 북부권, 민선 9기 혁신부터 문화·먹거리·의정 새 출발",https://www.ekn.kr/web/view.php?key=20260706028479574,https://www.ekn.kr/web/view.php?key=20260706028479574,"특색 있는 디저트가 개발되면 축제와 관광지, 카페, 로컬푸드 매장 등 다양한 유통·소비 공간으로 확장할 가능성도 있다. 교육에 참여하는 영양군우리음식연구회는 지역 농산물을 활용한 향토음식과 특화음식을 연구해 온...","Mon, 06 Jul 2026 14:10:00 +0900",2026-07-06 14:10:00
[발언대]3대 메가프로젝트 투자의 성공을 위한 공간전략,https://view.asiae.co.kr/article/2026070614072459882,https://n.news.naver.com/mnews/article/277/0005786054?sid=110,"재능있는 혁신인력이 암묵지와 혁신적 아이디어를 키우고 나눌 수 있는 카페나 공원, 광장 등 개성 있고 미려한 도시환경이다. 셋째, 쾌적한 정주 환경이다. 아이 학교와 학원, 공원과 체육시설, 병원과 문화시설을 고루...","Mon, 06 Jul 2026 14:07:00 +0900",2026-07-06 14:07:00
[서형숙 문화칼럼] 교육의 본질,https://www.kbsm.net/news/view.php?idx=525690,https://www.kbsm.net/news/view.php?idx=525690,특정 카페 이름이 든 응원 문구로 조롱하듯 응원한 것이 운동장을 넘어 정치권의 공방으로까지 이어지고 있습니다. 5월 18일을 기해 실시한 해당 카페의 이벤트 명칭을 하필이면 '탱크 데이'로 하는 바람에 그 기업 총수가...,"Mon, 06 Jul 2026 14:06:00 +0900",2026-07-06 14:06:00
"'모래 퍼포먼스' 이동건, 제주 카페 1년만 휴업..""재정비 시간""[스타이슈...",https://www.starnewskorea.com/star/2026/07/06/2026070613421835331,https://m.entertain.naver.com/article/108/0003450378,"배우 이동건이 운영하는 제주 카페가 기약 없이 휴업한다. 6일 이동건 카페 공식 SNS에는 ""7월 9일비 부로 재정비의 시간을 가지게 됐다. 그동안 아껴주시고 찾아주셔서 진심으로 감사드린다""라고 공지가 올라왔다. 이동건...","Mon, 06 Jul 2026 14:06:00 +0900",2026-07-06 14:06:00
잘츠부르크 페스티벌 개막…45일간 '사랑' 조명,https://www.m-i.kr/news/articleView.html?idxno=1388421,https://www.m-i.kr/news/articleView.html?idxno=1388421,구시가지에는 오랜 역사를 지닌 카페와 레스토랑이 자리해 공연 관람 전후로 현지 문화를 함께 경험할 수 있다. 여름철 잘츠부르크 여행객을 위한 교통 혜택도 제공된다. 잘츠부르크 주 내 숙박객은 무료로...,"Mon, 06 Jul 2026 14:04:00 +0900",2026-07-06 14:04:00
"이동건, 제주 카페 휴업 “7월 9일부터 재정비” [셀럽톡]",http://www.celuvmedia.com/article.php?aid=1783313524523485005,http://www.celuvmedia.com/article.php?aid=1783313524523485005,배우 이동건이 운영 중인 제주 카페가 재정비를 위해 잠시 문을 닫는다. 6일 이동건이 운영하는 카페 공식 SNS에는 “7월 9일부터 재정비의 시간을 갖게 됐다”라며 “그동안 매장을 찾아주시고 아껴주신 모든 분들께...,"Mon, 06 Jul 2026 14:04:00 +0900",2026-07-06 14:04:00
"지갑 대신 스마트폰 쓴다…네이버페이, 소비자 10명 중 6명 사용",https://www.kgnews.co.kr/news/article.html?no=902716,https://www.kgnews.co.kr/news/article.html?no=902716,"이 밖에 편의점(49.7%), 키오스크(54.3%), 카페·식당(52.7%), 대형마트·쇼핑몰(56.3%)에서도 경쟁사들과 격차를 벌리며 1순위를 차지했다. 네이버페이를 주로 쓰는 이유로는 포인트 적립과 할인 혜택이 주로 선택됐다....","Mon, 06 Jul 2026 14:04:00 +0900",2026-07-06 14:04:00
"이동건 제주 카페, 15개월 만에 재정비 휴업",https://www.mediafine.co.kr/news/articleView.html?idxno=82778,https://www.mediafine.co.kr/news/articleView.html?idxno=82778,"배우 이동건이 제주 애월읍에서 운영 중인 카페가 개업 약 1년 3개월 만에 '재정비'를 이유로 일시 휴업에... 6일 이동건 카페 공식 계정에는 ""7월 9일부로 재정비의 시간을 가지게 됐다""는 공지와 함께 ""그동안 찾아주신...","Mon, 06 Jul 2026 14:02:00 +0900",2026-07-06 14:02:00
"서툴러도 글쓰기를 멈추지 않았다, 그 결과",https://www.ohmynews.com/NWS_Web/View/at_pg.aspx?CNTN_CD=A0003248847&CMPT_CD=P0010&utm_source=naver&utm_medium=newsearch&utm_campaign=naver_news,https://n.news.naver.com/mnews/article/047/0002521631?sid=103,▲ 글쓰기 나는 글을 쓸때 주로 카페를 이용하고 있다. 그곳이 나의 서재다. ⓒ 박승일 경찰관이 된 뒤 오랜... 며칠 뒤 서울의 한 카페에서 편집자를 만났다. 그 무렵 나는 서울을 떠나 세종에서 근무하고 있었다. 평일에는...,"Mon, 06 Jul 2026 14:01:00 +0900",2026-07-06 14:01:00
"동구 '서남예술촌', 청년마을 만들기 '인사이트 오브 서남' 확장",https://view.asiae.co.kr/article/2026070613460370343,https://n.news.naver.com/mnews/article/277/0005786045?sid=102,이와 함께 서남예술촌은 오는 9일 오후부터 비테라 인테라스 3층 북카페 '사유의 숲'에서 '로컬 아트 창작 실험실: 인쇄 발주 노하우 강의'를 운영하고 참여자 15명을 모집한다. 이번 프로그램에는 서남동 인쇄거리에서...,"Mon, 06 Jul 2026 13:58:00 +0900",2026-07-06 13:58:00
"파스쿠찌, 여름 음료 '그라니따' 특별 프로모션 진행",https://news.bbsi.co.kr/news/articleView.html?idxno=4093281,https://news.bbsi.co.kr/news/articleView.html?idxno=4093281,"이탈리아 정통 카페 브랜드 파스쿠찌가 여름 대표 시그니처 메뉴인 '그라니따'를 중심으로 대대적인 특별 캠페인과 프로모션을 진행합니다. 그라니따는 얼음을 곱게 갈아 만든 이탈리아 전통 디저트 음료로, 지난달...","Mon, 06 Jul 2026 13:56:00 +0900",2026-07-06 13:56:00
"인천 제물포구, 꿈드림영어도서관 2주년 영어축제 개최",https://www.m-i.kr/news/articleView.html?idxno=1388519,https://www.m-i.kr/news/articleView.html?idxno=1388519,키즈카페 '동구랑 스틸랜드'에서 초등학생을 대상으로 '찾아가는 꿈영도 영어캠프'가 진행된다. 참가 어린이들은 영어 체험 활동을 마친 뒤 키즈카페 시설을 자유롭게 이용하며 놀이와 학습을 함께 경험하게 된다. 미취학...,"Mon, 06 Jul 2026 13:56:00 +0900",2026-07-06 13:56:00
"백억커피, 유세윤 단독 콘서트 '간주점프' 공식 협찬하며 이색 마케팅 ...",https://www.stardailynews.co.kr/news/articleView.html?idxno=541667,https://www.stardailynews.co.kr/news/articleView.html?idxno=541667,"지난 20일 라이브카페에서 진행된 이번 공연은 42석 규모로 확장되어 열렸으며, 백억커피는 이날 콘서트를 찾은 관객들을 위해 브랜드 시그니처 메뉴인 카라멜 팝콘을 비롯해 음료와 간식을 지원했다. 특히 이번...","Mon, 06 Jul 2026 13:56:00 +0900",2026-07-06 13:56:00
"SK에코플랜트, 수도권 자연친화 단지 ‘의왕역 SK VIEW’ 7월 분양 예정",https://www.sentv.co.kr/article/view/sentv202607060075,https://www.sentv.co.kr/article/view/sentv202607060075,"더불어 게스트룸, 샤워실, 냉·온탕 시설, 작은도서관, 독서실, 스터디룸, 주민카페 등의 편의시설도 함께 구축될 계획이다. 한편, ‘의왕역 SK VIEW’의 견본주택은 경기도 의왕시 삼동 현장 인근에 마련될 예정이다.","Mon, 06 Jul 2026 13:56:00 +0900",2026-07-06 13:56:00
공연산업 중심지로 부상한 고양… 올해 하반기도 뜨겁다,https://www.kyeonggi.com/article/20260706580181,https://n.news.naver.com/mnews/article/666/0000114100?sid=102,"공연 관객의 상당수가 공연 전후로 고양 시내 식당과 카페를 찾고 원거리 관람객은 지역 내 숙박시설을 이용한다. BTS 월드투어 일정 발표 후 고양지역 숙소 검색량이 전주 대비 약 8배 증가했고 소노캄 고양, 글러스터...","Mon, 06 Jul 2026 13:55:00 +0900",2026-07-06 13:55:00
"그라비티, MMORPG '라그나로크M: 클래식' 16일 출시",https://www.newsis.com/view/NISX20260706_0003697367,https://n.news.naver.com/mnews/article/003/0014048601?sid=105,"이번 행사는 12일 오후 2시부터 6시까지 서울 강남구 알베르 카페에서 진행된다. 행사는 지식 퀴즈, 개발진과의 질의응답, 럭키 드로우, 이용자 간 자유 교류 등 다양한 프로그램으로 구성된다. 질의응답 순서에서는...","Mon, 06 Jul 2026 13:55:00 +0900",2026-07-06 13:55:00
20년 만의 새 아파트⋯'포레나힐스테이트 진주' 8월 분양,https://www.etoday.co.kr/news/view/2600629,https://www.etoday.co.kr/news/view/2600629,"커뮤니티 시설로는 중앙광장과 펫파크, 어린이놀이터, 주민운동시설을 비롯해 게스트하우스, 펫케어존, 사우나, 공유오피스, 스크린골프, 피트니스클럽, 키즈카페 등이 조성될 예정이다. ﻿이중석 한화 건설부문...","Mon, 06 Jul 2026 13:54:00 +0900",2026-07-06 13:54:00
"""사기꾼 호의호식, 피해자 자살 고민"" 아파트 투자 잔혹사",https://www.nocutnews.co.kr/news/6543575?utm_source=naver&utm_medium=article&utm_campaign=20260706014945,https://n.news.naver.com/mnews/article/079/0004165232?sid=102,""" 지난 4일 제주시 노형동 한 카페에서 만난 '유명 브랜드 아파트 투자사기' 피해자는 CBS노컷뉴스 취재진에게 이같이 토로했다. 그는 ""수사는 더디기만 하고 돈은 수년째 돌려받지 못하고 있다. 그런데도 사기꾼은 밖에서...","Mon, 06 Jul 2026 13:50:00 +0900",2026-07-06 13:50:00
"송영훈 ""제2공항 갈등 치유와 합의 도출하는 조정자 역할""",https://www.nocutnews.co.kr/news/6543574?utm_source=naver&utm_medium=article&utm_campaign=20260706014845,https://n.news.naver.com/mnews/article/079/0004165231?sid=102,"송영훈 의장은 6일 오전 제주도의회 도민카페에서 취임 기자간담회를 열고 ""제2공항 사업의 최종 관문은 도의회 동의인 만큼 엄격하고 철저한 검증으로 도민의 자기결정권을 지켜내겠다""고 강조했다. 또 ""상임위원회를...","Mon, 06 Jul 2026 13:49:00 +0900",2026-07-06 13:49:00
"야탑유스센터, 자원순환 프로젝트 성과전시회 개최",https://www.m-i.kr/news/articleView.html?idxno=1388487,https://www.m-i.kr/news/articleView.html?idxno=1388487,사진=성남시청소년청년재단 매일일보 = 김길수 기자  |  성남시청소년청년재단 야탑유스센터는 4일 야탑유스센터 1층 풋:별별카페에서 자원순환 프로젝트 'Re-Ceramic(다시 쓰는 흙의 기록)' 성과전시회를 개최했다. 이번...,"Mon, 06 Jul 2026 13:48:00 +0900",2026-07-06 13:48:00
서울시 프렙 아카데미 11기 모집,https://news.skbroadband.com/news/articleView.html?idxno=231220,https://news.skbroadband.com/news/articleView.html?idxno=231220,"프렙 아카데미는 외식업과 베이커리, 카페 분야 예비창업자를 대상으로 12주 동안 메뉴 개발과 상권 분석, 원가 관리, 사업계획 수립 등을 교육하는 실전형 프로그램입니다. 올해는 생성형 AI 활용 교육과 외식업 박람회...","Mon, 06 Jul 2026 13:44:00 +0900",2026-07-06 13:44:00
"주거서비스 모델 차별화...SK에코, 전문서비스 결합",http://www.fnnews.com/news/202607061331225933,https://n.news.naver.com/mnews/article/014/0005544184?sid=101,스터디카페 전문 브랜드 '작심'의 프리미엄 인테리어와 서비스를 적용한다. 프리미엄 주거 브랜드 드파인만의 전문서비스도 있다. 스페셜티 브랜드 '테라로사'의 커피 공급사 학산은 단지 커뮤니티 카페에 '드파인...,"Mon, 06 Jul 2026 13:42:00 +0900",2026-07-06 13:42:00
‘69억원 혈세’ 광양 ‘섬진강 별빛 스카이’ 운영 정상화···관광 활...,https://www.seoul.co.kr/news/publicnews/2026/07/06/20260706500097?wlog_tag3=naver,https://n.news.naver.com/mnews/article/081/0003658654?sid=100,"특히 인근 ▲배알도 별빛야영장 ▲섬진강요트체험장 ▲배알도 섬 정원 ▲지역 음식점·카페 등 주변 관광자원과 연계한 체험 프로그램을 확대하고, 홍보·마케팅을 강화해 섬진강권 관광 활성화를 추진할 방침이다....","Mon, 06 Jul 2026 13:38:00 +0900",2026-07-06 13:38:00
"광명스피돔, 어린이 문화교실 '상상라운지' 7월 운영",https://news.tf.co.kr/read/sports/2340090.htm,https://m.sports.naver.com/esports/article/629/0000513475,"매주 토요일 구연동화·창의 만들기 프로그램5~9세 대상, 오후 1~4시 하루 4차례 진행 서울올림픽기념국민체육진흥공단 경륜경정총괄본부는 7월 매주 토요일 광명스피돔 2층 어린이 북카페에서 어린이 문화교실 '스피돔...","Mon, 06 Jul 2026 13:37:00 +0900",2026-07-06 13:37:00
"완도군, 차별화된 관광 지원책 지역 경제 살렸다",https://daily.hankooki.com/news/articleView.html?idxno=1383082,https://daily.hankooki.com/news/articleView.html?idxno=1383082,"이 제도는 관광객이 숙박, 식당, 카페 이용이나 특산품 구매 등에 소비한 금액의 절반을 모바일 완도사랑상품권으로 환급해 주는 방식으로 진행됐으며, 이를 통해 약 33억 원의 소비 유발 효과를 거둔 것으로 집계됐다....","Mon, 06 Jul 2026 13:36:00 +0900",2026-07-06 13:36:00
"패스오더, 브릭샌드와 맞손...커피 넘어 디저트 시장 공략",https://idsn.co.kr/news/view/1065583184790666,https://idsn.co.kr/news/view/1065583184790666,국내 카페 플랫폼 ‘패스오더’가 K-디저트 브랜드 브릭샌드와 손잡고 커피를 넘어 디저트 시장으로 서비스 영역을 확대한다. 패스오더는 브릭샌드와 제휴를 맺고 디저트 주문 서비스를 선보인다고 밝혔다. 브릭샌드는...,"Mon, 06 Jul 2026 13:36:00 +0900",2026-07-06 13:36:00
"한난영 작가 개인전…꽃이 피면, 희망이 온다",https://www.newswhoplus.com/news/articleView.html?idxno=63935,https://www.newswhoplus.com/news/articleView.html?idxno=63935,순천팔마체육관 옆 큰 도로변에 위치한 카페 '순정'에서 지난 7월 2일부터 오는 9월 30일까지 열리는 이번... 일상 속 작은 갤러리 카페 '순정'에서 열리는 이번 전시는 커피 한 잔과 함께 자연스럽게 미술을 만날 수 있는 생활...,"Mon, 06 Jul 2026 13:30:00 +0900",2026-07-06 13:30:00
"SK에코플랜트, 주거서비스 확대…AI 학습부터 드파인 카페까지",https://www.viva100.com/article/20260706500502,https://www.viva100.com/article/20260706500502,"아이엔지스토리는 스터디카페 브랜드 ‘작심’의 프리미엄 인테리어와 운영 서비스를 적용하고, 공무원... 테라로사 원두 공급사인 학산은 단지 내 커뮤니티 카페에 ‘드파인 블렌딩 원두’를 준공 후 2년간 공급하고...","Mon, 06 Jul 2026 13:30:00 +0900",2026-07-06 13:30:00
"인천시, 도시재생사업 사후관리 지침 마련",http://www.lak.co.kr/news/boardview.php?id=23438,http://www.lak.co.kr/news/boardview.php?id=23438,"지원 분야는 지역공동체 활성화를 위한 ▲커뮤니티시설, 쉼터, 공부방, 경로당, 다목적실, 도서관 등 공동이용시설 운영 ▲플리마켓·축제 등 주민 참여 프로그램 ▲공동작업장·공유카페·공유주방 등 일자리 창출 사업...","Mon, 06 Jul 2026 13:20:00 +0900",2026-07-06 13:20:00
"제물포구, 영어교육 특화도시 잰걸음",http://www.enewstoday.co.kr/news/articleView.html?idxno=2445769,http://www.enewstoday.co.kr/news/articleView.html?idxno=2445769,참가 초등학생들은 영어 체험활동을 마친 뒤 키즈카페 시설을 자유롭게 이용하며 놀이와 학습을 함께 경험하게 된다. 부모들을 위한 교육 프로그램도 마련됐다. 미취학 자녀를 둔 학부모를 대상으로 이설희...,"Mon, 06 Jul 2026 13:20:00 +0900",2026-07-06 13:20:00
"완도군, 반값 여행·관광객 유치 효과…상반기 4만여 명 방문",https://www.siminsori.com/news/articleView.html?idxno=400214,https://www.siminsori.com/news/articleView.html?idxno=400214,"'완도 반값 여행'은 관광객이 숙박과 음식점, 카페 이용, 특산품 구매 등 여행 과정에서 지출한 비용의 절반을 완도사랑상품권(모바일)으로 환급해 주는 관광 활성화 사업이다. 여행사를 대상으로 운영하는 단체 관광객...","Mon, 06 Jul 2026 13:18:00 +0900",2026-07-06 13:18:00
"대전 중구, 원도심 상권활성화 답을 찾다",http://www.cctimes.kr/news/articleView.html?idxno=915122,http://www.cctimes.kr/news/articleView.html?idxno=915122,특히 '개항로 프로젝트'에서 빈 점포와 노후 건축물을 카페·서점·복합문화공간 등으로 재생해 청년 창업과 로컬브랜드를 육성하고 지역에 새로운 활력을 불어넣은 민간 주도 도시재생 사례를 확인했다. 배다리...,"Mon, 06 Jul 2026 13:12:00 +0900",2026-07-06 13:12:00
성내천에 휴게공간 더해진다,https://www.naeil.com/news/read/594246?ref=naver,https://www.naeil.com/news/read/594246?ref=naver,"전체 764.15㎡ 규모로 1층에는 주민을 위한 공동체 공간과 운동 공간을, 2층에는 한강 노을을 감상할 수 있는 카페를 배치한다. 옥상은 전망대로 꾸며 강 너머 풍경을 가까이에서 볼 수 있도록 한다. 성내천 수변활력거점의...","Mon, 06 Jul 2026 13:10:00 +0900",2026-07-06 13:10:00
"광양시, '섬진강별빛스카이' 운영 정상화",https://www.mhns.co.kr/news/articleView.html?idxno=752460,https://www.mhns.co.kr/news/articleView.html?idxno=752460,"광양시는 앞으로 운영사와 협력해 시설 운영과 이용객 편의를 개선하고, 배알도별빛야영장과 섬진강요트체험장, 배알도 섬 정원, 지역 음식점·카페 등 주변 관광자원과 연계한 체험 프로그램과 홍보·마케팅도 확대할...","Mon, 06 Jul 2026 13:06:00 +0900",2026-07-06 13:06:00
"송영훈 제주도의장 ""'읍면동지' 의혹 피하지 않겠다…제2공항 의회가 조...",https://news.bbsi.co.kr/news/articleView.html?idxno=4093245,https://news.bbsi.co.kr/news/articleView.html?idxno=4093245,"송영훈 의장은 취임 후 첫 기자회견을 오늘(6일) 도민카페에서 열고, 이번 읍면동지 사건과 관련해 ""법보다 무거운 것이 도민의 신뢰""라며 ""현재 관련 사항의 절차가 진행 중인 만큼, 필요한 부분이 있다면 성실히 조사(혹은...","Mon, 06 Jul 2026 13:04:00 +0900",2026-07-06 13:04:00
"광명스피돔, ‘복합문화공간’ 변신…7월 어린이 참여형 문화교실 운영",https://www.kyeonggi.com/article/20260706580156,https://n.news.naver.com/mnews/article/666/0000114087?sid=102,서울올림픽기념국민체육진흥공단 경륜경정총괄본부는 7월 한 달간 스피돔 2층 어린이 북카페에서 여름·자연·여행을 주제로 한 아동 참여형 문화 프로그램을 전개한다고 6일 밝혔다. 이번 프로그램은 전문 강사의 동화...,"Mon, 06 Jul 2026 13:04:00 +0900",2026-07-06 13:04:00
"SK에코플랜트, 공동주택 커뮤니티에 교육·카페 특화서비스 도입",https://www.bizwork.co.kr/news/articleView.html?idxno=417135,https://www.bizwork.co.kr/news/articleView.html?idxno=417135,"SK에코플랜트가 교육·스터디카페·커피 전문기업과 협력해 공동주택 커뮤니티 특화 서비스 확대에 나선다.... 커뮤니티 독서실, 스터디카페, 단지 내 카페 등 입주민 이용 빈도가 높은 공간을 중심으로 서비스 품질을...","Mon, 06 Jul 2026 13:04:00 +0900",2026-07-06 13:04:00
"제니처럼 잘 쉬고 싶다면, 지금 예약 할 전세계 힙한 사우나 4",https://www.wkorea.com/2026/07/06/%ec%a0%9c%eb%8b%88%ec%b2%98%eb%9f%bc-%ec%9e%98-%ec%89%ac%ea%b3%a0-%ec%8b%b6%eb%8b%a4%eb%a9%b4-%ec%a7%80%ea%b8%88-%ec%98%88%ec%95%bd-%ed%95%a0-%ec%a0%84%ec%84%b8%ea%b3%84-%ed%9e%99%ed%95%9c-%ec%82%ac/?utm_source=naver&utm_medium=partnership,https://www.wkorea.com/2026/07/06/%ec%a0%9c%eb%8b%88%ec%b2%98%eb%9f%bc-%ec%9e%98-%ec%89%ac%ea%b3%a0-%ec%8b%b6%eb%8b%a4%eb%a9%b4-%ec%a7%80%ea%b8%88-%ec%98%88%ec%95%bd-%ed%95%a0-%ec%a0%84%ec%84%b8%ea%b3%84-%ed%9e%99%ed%95%9c-%ec%82%ac/?utm_source=naver&utm_medium=partnership,"커피 한 잔을 마시기 위해 카페에 들르듯, 바쁜 일상 속 잠시 걸음을 멈추고 몸과 마음의 속도를 다시 맞추는 곳. 회복을 특별한 이벤트가 아니라 누구나 반복할 수 있는 일상의 루틴으로 제안합니다. @recessthermalstation...","Mon, 06 Jul 2026 13:02:00 +0900",2026-07-06 13:02:00
취약계층 주거환경 개선하고 일자리 창출,https://www.naeil.com/news/read/594256?ref=naver,https://www.naeil.com/news/read/594256?ref=naver,"지역특화 물품 판매, 구청 내 ‘강감찬카페’ 운영, 행정재산 청소용역 등 수익사업도 진행 중이다. 박준희 관악구청장은 “일자리야말로 최고의 복지”라며 “양질의 일자리 창출과 주민들에게 도움이 되는 다양한...","Mon, 06 Jul 2026 13:02:00 +0900",2026-07-06 13:02:00
"송영훈 의장 ""발로 뛰는 '현장 의정' 실현...결과로 증명하겠다""",https://www.jejudomin.co.kr/news/articleView.html?idxno=320431,https://www.jejudomin.co.kr/news/articleView.html?idxno=320431,"송영훈 제주도의회 의장이 6일 오전 제주도의회 도민카페에서 기자간담회를 갖고 ""오직 도민만을 바라보는 '책임 정치', 발로 뛰는 '현장 의정'을 통해 결과로 증명해 내겠다""고 밝혔다. 송 의장은 모두발언을 통해...","Mon, 06 Jul 2026 13:02:00 +0900",2026-07-06 13:02:00
"이동건, 제주 카페 개업 1년 3개월 만 '재정비'…""그동안 찾아주셔서 감...",https://www.xportsnews.com/article/2168651,https://m.entertain.naver.com/article/311/0002030427,"배우 이동건이 운영 중인 제주 카페가 재정비를 위한 휴업에 들어간다. 6일 이동건 카페의 계정에는 ""7월 9일부로 재정비의 시간을 가지게 됐다""며 ""그동안 아껴주시고 찾아주셔서 진심으로 감사드린다""는 매장운영...","Mon, 06 Jul 2026 13:01:00 +0900",2026-07-06 13:01:00
"""세종 행복도시 캠퍼스공원, 대학로처럼 청년문화 심장부로""",https://www.newsis.com/view/NISX20260706_0003696843,https://n.news.naver.com/mnews/article/003/0014048481?sid=102,"서울 대학로가 연극과 공연, 카페와 서점이 어우러진 청년문화의 상징이라면 세종 캠퍼스공원은 공동캠퍼스와 복합캠퍼스, 삼성천을 잇는 대규모 문화공원과 건축계획을 유기적으로 연결해 '세종형 대학로'를 구현한다는...","Mon, 06 Jul 2026 13:01:00 +0900",2026-07-06 13:01:00
"SK에코플랜트, 교육·카페 브랜드와 주거서비스 차별화 협력",https://www.webeconomy.co.kr/news/articleView.html?idxno=2222798,https://www.webeconomy.co.kr/news/articleView.html?idxno=2222798,"대교CNS는 AI 기반 학습 케어 서비스 '터그보트'를, 아이엔지스토리는 스터디카페 브랜드 '작심'의 인테리어와 서비스를 제공한다. 학산은 커뮤니티 카페에 '드파인 블렌딩 원두'를 2년간 공급하고, 커피머신도 무상...","Mon, 06 Jul 2026 13:00:00 +0900",2026-07-06 13:00:00
"관악구, 경력단절여성과 취약가구 잇는 주거스타일링 사업 추진",https://www.gukjenews.com/news/articleView.html?idxno=3627298,https://www.gukjenews.com/news/articleView.html?idxno=3627298,"지역특화 물품 판매와 청사 내 '강감찬카페' 운영, 샤로수길 로컬브랜드 육성사업, 행정재산 청소용역 등도 함께 수행하고 있다. 박준희 구청장은 ""일자리야말로 최고의 복지""라며 ""취업취약계층을 위한 양질의 일자리...","Mon, 06 Jul 2026 12:58:00 +0900",2026-07-06 12:58:00
"패스오더, 선물용 디저트 '브릭샌드' 입점…커피 넘어 디저트까지 플랫...",http://www.bizwnews.com/news/articleView.html?idxno=140045,http://www.bizwnews.com/news/articleView.html?idxno=140045,국내 카페 플랫폼 '패스오더'가 K-디저트 브랜드 '브릭샌드'와 제휴를 체결하면서 커피를 넘어 디저트·선물형... 이에 따라 가까운 카페와 디저트 매장 정보를 확인하고 원하는 제품을 미리 주문·결제할 수 있는 플랫폼...,"Mon, 06 Jul 2026 12:52:00 +0900",2026-07-06 12:52:00
"여름날 단양에서 만나는 자연과 액티비티, 가볼 만한 곳들",https://www.cbci.co.kr/news/articleView.html?idxno=586824,https://www.cbci.co.kr/news/articleView.html?idxno=586824,"가곡면 사평리의 해발 600m 고지에 자리한 카페산 패러글라이딩 이륙장은 단양의 시원한 바람을 맞으며... 패러글라이딩 이용객에게는 카페산 음료 및 굿즈 할인, 인생네컷 부스 이용권, 무료 사진 인화 등의 혜택이...","Mon, 06 Jul 2026 12:50:00 +0900",2026-07-06 12:50:00
"한강의 바람이 머무는 고양, 여름날의 힐링 가볼 만한 곳",https://www.cbci.co.kr/news/articleView.html?idxno=586825,https://www.cbci.co.kr/news/articleView.html?idxno=586825,"경치를 감상하며 브런치와 스페셜티 커피를 즐길 수 있는 카페는 편안한 휴식을 제공하며, 개성 넘치는 팝업스토어는 방문객에게 새로운 발견의 즐거움을 안겨준다. 직원들의 세심한 서비스와 청결한 환경이 돋보이며...","Mon, 06 Jul 2026 12:50:00 +0900",2026-07-06 12:50:00
"옥천의 여름, 숲과 물이 어우러진 가볼 만한 곳",https://www.cbci.co.kr/news/articleView.html?idxno=586816,https://www.cbci.co.kr/news/articleView.html?idxno=586816,내부에는 '카페더레이크'가 있어 아름다운 풍경을 배경으로 여유로운 시간을 보낼 수 있다. 자연의 고요함... 저수지 경치를 바라보며 음료와 베이커리를 즐길 수 있는 대형 카페도 인근에 있어 가족 단위의 나들이...,"Mon, 06 Jul 2026 12:50:00 +0900",2026-07-06 12:50:00
[민주 유통가] 이랜드·블랙야크·롯데마트,http://www.iminju.net/news/articleView.html?idxno=166248,http://www.iminju.net/news/articleView.html?idxno=166248,이 가운데 3종은 카페인이 없어 시간대와 관계없이 즐길 수 있도록 구성했다. 나우 티 컬렉션은 현재 제주와 양재 나우 카페에서 음료와 티백 제품으로 판매되고 있다. 앞으로 프리미엄 편집숍과 온라인몰로 판매 채널을...,"Mon, 06 Jul 2026 12:44:00 +0900",2026-07-06 12:44:00
"아파트에 유명 카페가? SK에코플랜트, 주거서비스 모델 차별화",http://www.segyebiz.com/newsView/20260706508035?OutUrl=naver,http://www.segyebiz.com/newsView/20260706508035?OutUrl=naver,"SK에코플랜트 제공 SK에코플랜트가 인공지능(AI) 독서실, 유명 카페 전문서비스를 결합한 주민공동시설을... 아이엔지스토리는 스터디카페 전문 브랜드 ‘작심’의 프리미엄 인테리어와 서비스를 커뮤니티 공간에...","Mon, 06 Jul 2026 12:42:00 +0900",2026-07-06 12:42:00
"대구한의대 메디푸드HMR산업학과, 전국 칵테일대회 참가자 전원 수상",https://www.kbsm.net/news/view.php?idx=525608,https://www.kbsm.net/news/view.php?idx=525608,"한편 대구한의대학교 미래라이프융합대학 메디푸드HMR산업학과는 메디푸드, HMR(가정간편식), 고령친화식품, 기능성 음료, 카페·외식창업, 전통주·칵테일, 푸드테크 분야를 융합 교육하며 성인학습자 중심의 실무 교육과...","Mon, 06 Jul 2026 12:42:00 +0900",2026-07-06 12:42:00
"최희진, 카페에서 포근한 비주얼…'아이돌아이' 빌런 활약 잇는 휴식",https://www.topstarnews.net/news/articleView.html?idxno=16124981,https://www.topstarnews.net/news/articleView.html?idxno=16124981,배우 최희진(29세)이 카페에서 촬영한 사진으로 근황을 전했다. 실내 공간에서 디저트와 함께한 모습을 담아 여유로운 일상을 공개했다. 6일 올라온 게시물에는 카페 테이블에 앉아 카메라를 바라보는 최희진의 모습이...,"Mon, 06 Jul 2026 12:40:00 +0900",2026-07-06 12:40:00
"""성수는 저물고, 북촌이 뜬다""… 서울 상권 지각변동",https://monthly.chosun.com/news/articleView.html?idxno=70615,https://monthly.chosun.com/news/articleView.html?idxno=70615,"반면 북촌·서촌은 골목을 걷다가 작은 서점, 공방, 한옥 카페, 예약제 다이닝을 발견하는 상권이다. 성수가... 오래된 한옥을 세련되게 개조한 카페, 전통 차 브랜드, 파인다이닝, 공방 등이 지역성과 결합해 깊이 있는 취향...","Mon, 06 Jul 2026 12:40:00 +0900",2026-07-06 12:40:00
운영 중단 위기 넘긴 광양 짚와이어…위탁료 3179만원으로 조정,https://www.betanews.net/article/view/beta202607060032,https://www.betanews.net/article/view/beta202607060032,"광양시는 배알도별빛야영장, 섬진강요트체험장, 배알도 섬 정원, 인근 음식점·카페 등과 묶은 체험 프로그램을 확대하고 홍보·마케팅도 강화할 계획이다. 이현주 광양시 관광과장은 “운영사와 협력해 이용객 편의를...","Mon, 06 Jul 2026 12:40:00 +0900",2026-07-06 12:40:00
"송영훈 의장 ""공무원 선거운동 사건 연루, 이유 막론하고 송구스럽다""",https://www.headlinejeju.co.kr/news/articleView.html?idxno=595557,https://www.headlinejeju.co.kr/news/articleView.html?idxno=595557,"송 의장은 이날 오전 제주도의회 도민카페에서 진행된 기자 간담회에서 관련 입장을 묻는 기자의 질문에 이같은 입장을 밝혔다. 그는 ""비판을 피하지 않겠다""며 ""무엇보다 무거운 것은 도민의 신뢰인데, 현재 관련 사항은...","Mon, 06 Jul 2026 12:40:00 +0900",2026-07-06 12:40:00
"[팜투어] 하반기 허니문 시장, '발리' 선호도 지속… 리조트 직거래 서...",https://www.discoverynews.kr/news/articleView.html?idxno=1095326,https://www.discoverynews.kr/news/articleView.html?idxno=1095326,"대한항공과 가루다 귀국편은 새벽 1시 경 출발하기 때문에 체크아웃 후 반나절을 짐과 함께 쇼핑몰로, 카페로, 마사지 샾으로 떠돌아야 했다. 캠핀스키와 사마야, 바이스로이에 머물 경우 공항 출국장과 바로 연결된...","Mon, 06 Jul 2026 12:40:00 +0900",2026-07-06 12:40:00
"영주시, '일주일 살아보기·숙박형 투어' 사업 재개...""체류형 관광"" 박...",https://www.kbsm.net/news/view.php?idx=525623,https://www.kbsm.net/news/view.php?idx=525623,지원을 받기 위해서는 유료 관광지 1개소를 포함한 관광지 2개소 이상을 방문하고 음식점과 카페 3개소 이상을 이용해야 한다. 또한 사진이 포함된 여행 후기를 숙박일 기준 1박당 1회 이상 개인 SNS에 게시하는 등...,"Mon, 06 Jul 2026 12:38:00 +0900",2026-07-06 12:38:00
"SK에코플랜트, 입주민시설 내 교육·카페 도입...3사 MOU 진행",http://www.popcornnews.net/news/articleView.html?idxno=125688,http://www.popcornnews.net/news/articleView.html?idxno=125688,"스페셜티 커피 브랜드 '테라로사'의 운영사인 학산은 단지 내 커뮤니티 카페에 '드파인 블렌딩 원두'를 준공 후 2년간 공급하며, 에스프레소 머신 등 관련 장비도 무상 지원할 예정이다. SK에코플랜트는 커뮤니티 운영의...","Mon, 06 Jul 2026 12:36:00 +0900",2026-07-06 12:36:00
"[ASIA BIZ] ""한국이랑 비교되네""...베트남, 카페 음악료 두고 누리꾼 갑...",https://www.ajunews.com/view/20260703200846601,https://www.ajunews.com/view/20260703200846601,"com 호찌민 시내의 한 카페 전경 [사진=김혜인 통신원] 베트남 내에서 카페와 음식점의 음악 재생을 두고 저작권료 논쟁이 다시 불붙고 있다. 음악 플랫폼 구독료를 냈더라도, 영업장에서 손님에게 들려주는 행위는...","Mon, 06 Jul 2026 12:30:00 +0900",2026-07-06 12:30:00
"찬란한 백제 유적부터 푸른 자연까지, 익산에서 가볼 만한 곳",https://www.topstarnews.net/news/articleView.html?idxno=16119912,https://www.topstarnews.net/news/articleView.html?idxno=16119912,"이야기를 들려드립니다' 프로그램도 무료로 이용 가능하며, 체험관 맞은편에는 유아숲체험원이 조성되어 가족 단위 방문객에게 좋다. 카페 숲속의쉼터에서는 향긋한 녹차를 포함한 여러 종류의 차를 즐길 수 있다.","Mon, 06 Jul 2026 12:30:00 +0900",2026-07-06 12:30:00
롯데마트 작정했다…딱 3일만 '반값'에 풀린다는 '이 제품',https://www.wikitree.co.kr/articles/1144866,https://www.wikitree.co.kr/articles/1144866,"조금 더 색다른 홈카페 분위기를 내고 싶다면, 먹기 좋게 썬 복숭아 위로 부라타 치즈나 모차렐라 치즈를 올리고 올리브오일, 후추, 발사믹 글레이즈를 가볍게 뿌려 고급스러운 '복숭아 샐러드'로 즐기는 방법이 있다....","Mon, 06 Jul 2026 12:28:00 +0900",2026-07-06 12:28:00
"송영훈 의장 ""제2공항 갈등해소, '조정자' 역할에 충실...발로 뛰는 현장...",https://www.headlinejeju.co.kr/news/articleView.html?idxno=595550,https://www.headlinejeju.co.kr/news/articleView.html?idxno=595550,"송 의장은 6일 오전 11시 제주도의회 도민카페에서 취임 기자간담회를 열고 각종 현안 등에 대해 이같이 말했다. 그는 ""제2공항은 도민 사회의 오랜 갈등 현안""이라며 ""의회는 이런 갈등을 치유하고 합의를 도출하는 '조정자...","Mon, 06 Jul 2026 12:26:00 +0900",2026-07-06 12:26:00
"완도군, 지역상권 활성화 ""반값 여행·단체 관광객 유치 인센티브""...33억...",http://www.jeollailbo.com/news/articleView.html?idxno=804519,http://www.jeollailbo.com/news/articleView.html?idxno=804519,"'완도 반값 여행'은 완도를 방문한 관광객이 숙박, 식당, 카페 이용, 특산품 구매 등 여행 과정에서 지출한 비용의 절반을 지역 화폐인 완도사랑상품권(모바일)으로 환급해 주는 체류형 관광 마케팅 사업이다. 실질적인...","Mon, 06 Jul 2026 12:26:00 +0900",2026-07-06 12:26:00
"그라비티, '라그나로크M: Classic' 유저 간담회 개최…7월16일 정식 출시",https://www.nextdaily.co.kr/news/articleView.html?idxno=251056,https://www.nextdaily.co.kr/news/articleView.html?idxno=251056,이번 행사는 7월 12일 오후 2시부터 6시까지 서울 강남에 위치한 알베르 카페에서 진행된다. 그라비티는 라그나로크M: Classic의 국내 정식 론칭을 앞두고 CBT 기간 동안 유저들이 보내준 성원에 보답하고자 이번...,"Mon, 06 Jul 2026 12:24:00 +0900",2026-07-06 12:24:00
"커피전문점 2026년 7월 브랜드평판...메가커피, 투썸플레이스, 컴포즈커...",https://www.energy-news.co.kr/news/articleView.html?idxno=226597,https://www.energy-news.co.kr/news/articleView.html?idxno=226597,"커피에반하다, 카페베네, 드롭탑, 커피명가, 커피스미스, 더카페, 만랩커피, 셀렉토커피, 달콤커피, 커피베이, 토프레소, 그라찌에, 전광수커피 순으로 분석됐다. 커피전문점 브랜드평판 1위를 기록한...","Mon, 06 Jul 2026 12:24:00 +0900",2026-07-06 12:24:00
"""음료 맛은 물론 위생도 좌우한다""…정수기 이젠 얼음으로 승부",http://www.mbn.co.kr/pages/news/newsView.php?news_seq_no=5204068,https://n.news.naver.com/mnews/article/057/0001957125?sid=101,"홈술, 홈카페 문화가 확산하고 계절을 따지지 않는 아이스 음료 사랑에 소비자들 시선은 자연스럽게 얼음정수기로 쏠리고 있습니다. ▶ 인터뷰 : 고한서 / 직장인 - ""회사에 얼음정수기 비치돼 있어서 전부 아이스커피...","Mon, 06 Jul 2026 12:17:00 +0900",2026-07-06 12:17:00
"완도군, ‘반값 여행’ 효과 가시화…상반기 관광소비 40억 유발",https://www.betanews.net/article/view/beta202607060013,https://www.betanews.net/article/view/beta202607060013,"숙박과 음식점, 카페, 특산품 구매 등 실제 여행 지출을 지역 상품권으로 되돌려주는 방식이 개별 관광객의 방문을 끌어내고, 단체 관광객 유치 지원까지 더해지면서 지역 상권에 일정한 파급 효과를 낸 것으로 분석된다....","Mon, 06 Jul 2026 12:10:00 +0900",2026-07-06 12:10:00
수산물 코너에 생선 대신 주방용품…“2주째 물건 안 들어와”,https://www.munhwa.com/article/11600593?ref=naver,https://n.news.naver.com/mnews/article/021/0002802663?sid=101,"‘임대 매장은 정상 영업 중’이라는 매장 내 안내문과 안내방송이 무색할 정도로, 포토 스튜디오·키즈카페 등은 청산을 예상했다는 듯 문을 닫은 상태였다. 여행사 점포는 아예 ‘7월 12일까지 해외 출장 중’이라는...","Mon, 06 Jul 2026 12:04:00 +0900",2026-07-06 12:04:00
"인천 제물포구, 꿈드림어린이영어도서관 개관 2주년 '반짝반짝 잉글리시...",https://www.kmaeil.com/news/articleView.html?idxno=644405,https://www.kmaeil.com/news/articleView.html?idxno=644405,"8월 8일에는 키즈카페 '동구랑 스틸랜드'에서 '찾아가는 꿈영도 영어캠프'가 진행된다. 초등학생들은 영어 체험활동에 참여한 뒤 키즈카페 시설을 이용하며 놀이와 독서, 영어를 함께 경험할 수 있도록 프로그램이...","Mon, 06 Jul 2026 12:04:00 +0900",2026-07-06 12:04:00
"파크골프도 해외로…모두투어, 중국서 첫 대회 개최",https://www.newsis.com/view/NISX20260706_0003697098,https://n.news.naver.com/mnews/article/003/0014048406?sid=103,"인천항에서 국제 카페리로 약 15~17시간이면 닿을 수 있으며, 11월 초에는 한국의 초가을과 비슷한 쾌적한 기후를 보여 야외 스포츠를 즐기기에 적합한 시기로 꼽힌다. 참가자들은 국제 카페리인 화동페리를 이용해...","Mon, 06 Jul 2026 12:03:00 +0900",2026-07-06 12:03:00
"송영훈 제주도의회 의장, 관권선거 개입 의혹에 ""심려 끼쳐 송구""",https://www.news1.kr/local/jeju/6218821,https://n.news.naver.com/mnews/article/421/0009042594?sid=102,송 의장은 이날 제주도의회 도민카페에서 열린 취임 후 첫 기자간담회에서 제9회 전국동시지방선거 당시 오영훈 제주도지사의 선거운동 조직으로 지목된 SNS 단체대화방 '읍면동지'에서 핵심적으로 활동했다는 의혹과...,"Mon, 06 Jul 2026 12:01:00 +0900",2026-07-06 12:01:00
"파스쿠찌, 여름 시그니처 '그라니따' 캠페인 진행...판매·협업 프로모션...",http://www.popcornnews.net/news/articleView.html?idxno=125653,http://www.popcornnews.net/news/articleView.html?idxno=125653,이탈리아 정통 카페 브랜드 파스쿠찌가 여름 대표 메뉴인 '그라니따'를 앞세워 시즌 캠페인을 전개하며 여름 음료 수요 공략에 나섰다. 파스쿠찌는 얼음을 곱게 갈아 만든 이탈리아 전통 디저트 음료 '그라니따'를...,"Mon, 06 Jul 2026 11:58:00 +0900",2026-07-06 11:58:00
"제주 교육위원회 '기피 현상'에 송영훈 의장 ""더 많이 지원""",https://www.jejusori.net/news/articleView.html?idxno=504512,https://www.jejusori.net/news/articleView.html?idxno=504512,"송 의장은 6일 오전 11시 제주도의회 도민카페에서 취임 기자회견을 갖고 ""오직 도민만을 바라보는 '책임정치', 발로 뛰는 '현장 의정'을 통해 결과로 증명해 내겠다""고 강조했다. 서귀포시 남원읍 태흥리 출신인 송 의장은...","Mon, 06 Jul 2026 11:58:00 +0900",2026-07-06 11:58:00
"SK에코플랜트, 아파트 안에 AI 독서실·테라로사 커피 들인다",http://www.whitepaper.co.kr/news/articleView.html?idxno=264260,http://www.whitepaper.co.kr/news/articleView.html?idxno=264260,"화이트페이퍼, WHITEPAPER작심 스터디카페 내부 모습 (사진=SK에코플랜트)  SK에코플랜트가 아파트 커뮤니티 시설을 교육과 카페 서비스가 결합된 생활 공간으로 바꾼다. AI 학습 관리, 프리미엄 스터디카페, 스페셜티 커피를...","Mon, 06 Jul 2026 11:54:00 +0900",2026-07-06 11:54:00
"'전과 6범' 흑백 2 임성근 셰프, 파주서 3층 규모 식당 오픈",https://www.wikitree.co.kr/articles/1144936,https://www.wikitree.co.kr/articles/1144936,"1층은 부뚜막 짜글이찌개 전문점, 2층은 박포갈빗집, 3층은 카페로 각각 꾸며졌다. 짜글이찌개는 임 셰프가 운영하는 유튜브 채널에서 꾸준히 인기를 끌었던 레시피이고, 박포갈비는 '흑백요리사2'에서 화제를 모았던...","Mon, 06 Jul 2026 11:54:00 +0900",2026-07-06 11:54:00
"광양시, '섬진강별빛스카이' 정상화 돌입",http://www.newsworker.co.kr/news/articleView.html?idxno=434777,http://www.newsworker.co.kr/news/articleView.html?idxno=434777,"광양시는 앞으로 운영사와 협력해 시설 운영 개선과 이용객 편의 향상에 나서는 한편, 인근 배알도별빛야영장 섬진강요트체험장 배알도 섬 정원 지역 음식점·카페 등 주변 관광자원과 연계한 체험 프로그램 확대에도 힘을...","Mon, 06 Jul 2026 11:52:00 +0900",2026-07-06 11:52:00
"""AI 학습부터 커피까지"" SK에코플랜트, 차별화 주거서비스 제공",https://www.cnbnews.com/news/articleView.html?idxno=1006986,https://www.cnbnews.com/news/articleView.html?idxno=1006986,"교육·카페 등 전문서비스를 결합한 주민공동시설을 도입한다고 6일 밝혔다. 이번 협약에 따라 대교CNS는 독서실 내 AI 기반 학습 케어 서비스인 '터그보트'를 공급하고, 아이엔지스토리는 스터디카페 브랜드 '작심'의...","Mon, 06 Jul 2026 11:50:00 +0900",2026-07-06 11:50:00
"거제시자원봉사센터 '향기애담다 중곡점, 카페수월리', 은빛 나눔으로 ...",https://www.newsgn.com/news/articleView.html?idxno=560692,https://www.newsgn.com/news/articleView.html?idxno=560692,"거제시자원봉사센터는 7월을 기해 거제시장 인증기관인 실버카페 '향기애담다 중곡점''카페수월리'와 할인가맹점 협약을 체결하고, 경남도자원봉사증을 소지한 봉사자들을 위한 실질적인 혜택 확대에 적극적으로 나선다....","Mon, 06 Jul 2026 11:48:00 +0900",2026-07-06 11:48:00
타인 계정으로 불법 배달한 외국인 5개월간 734명…유학생이 56%,https://www.datasom.co.kr/news/articleView.html?idxno=209106,https://www.datasom.co.kr/news/articleView.html?idxno=209106,"허가를 받아 식당·카페 같은 시간제 일자리를 구하는 절차와 달리, 타인 명의 배달 계정을 확보하면 플랫폼의 본인 확인과 등록 절차를 우회해 즉시 주문을 받을 수 있다. 수입에 대한 기대도 적지 않아서...","Mon, 06 Jul 2026 11:46:00 +0900",2026-07-06 11:46:00
광양시 '섬진강 별빛 스카이' 정상 운영,http://www.breaknews.com/1219353,http://www.breaknews.com/1219353,"특히 인근 ▲배알도별빛야영장 ▲섬진강요트체험장 ▲배알도 섬 정원 ▲지역 음식점·카페 등 주변 관광자원과 연계한 체험 프로그램을 확대하고, 홍보·마케팅을...","Mon, 06 Jul 2026 11:46:00 +0900",2026-07-06 11:46:00
"송영훈 ""집행부 감시 타협 없다""…제13대 제주도의회 첫발",https://www.newsjeju.net/news/articleView.html?idxno=422940,https://www.newsjeju.net/news/articleView.html?idxno=422940,"송 의장은 6일 제주도의회 도민카페에서 열린 제13대 제주도의회 출범 기자간담회에서 ""집행부에 대한 비판과 감시에는 결코 타협이나 양보가 없을 것""이라며 ""책임 정치와 발로 뛰는 현장 의정을 결과로 증명하겠다""고...","Mon, 06 Jul 2026 11:46:00 +0900",2026-07-06 11:46:00
'제7회 제일창업박람회 in 부산' 개최…영남 프랜차이즈·신규카페·샵인...,https://www.gosiweek.com/article/1065580775327702,https://www.gosiweek.com/article/1065580775327702,"이와 함께 '신규카페창업존'도 운영된다. 경상권의 카페 및 디저트 시장 동향을 반영해, 이번 박람회에서는 2024년부터 2026년까지 정보공개서를 신규 등록한 카페 프랜차이즈와 해당 박람회에 처음 참가하는 브랜드들을...","Mon, 06 Jul 2026 11:44:00 +0900",2026-07-06 11:44:00
"황병직 영주시장, 하반기 '일주일 살아보기·반값 여행' 파격 재개",https://www.eroun.net/news/articleView.html?idxno=84680,https://www.eroun.net/news/articleView.html?idxno=84680,"영주 관내의 유료 관광지 1개소를 포함해 총 2개소 이상의 관광지를 방문하고, 지역 음식점 및 카페를 3개소 이상 이용한 영수증으로 증빙하면 된다. 사진이 포함된 생생한 여행 후기를 숙박일 기준 1박당 1회 이상 개인...","Mon, 06 Jul 2026 11:42:00 +0900",2026-07-06 11:42:00
광양 '섬진강 별빛 스카이' 운영 정상화…관광 활력 기대,https://view.asiae.co.kr/article/2026070611303189937,https://n.news.naver.com/mnews/article/277/0005785986?sid=102,"특히 인근 배알도별빛야영장, 섬진강요트체험장, 배알도 섬 정원, 지역 음식점·카페 등 주변 관광자원과 연계한 체험 프로그램을 확대하고, 홍보·마케팅을 강화해 섬진강권 관광 활성화를 추진할 방침이다. 이현주...","Mon, 06 Jul 2026 11:42:00 +0900",2026-07-06 11:42:00
"비 오는 날이면, 연인들이 모여드는 서울의 미술관 3",https://www.gqkorea.co.kr/2026/07/06/%eb%b9%84-%ec%98%a4%eb%8a%94-%eb%82%a0%ec%9d%b4%eb%a9%b4-%ec%97%b0%ec%9d%b8%eb%93%a4%ec%9d%b4-%eb%aa%a8%ec%97%ac%eb%93%9c%eb%8a%94-%ec%84%9c%ec%9a%b8%ec%9d%98-%eb%af%b8%ec%88%a0%ea%b4%80-3/?utm_source=naver&utm_medium=partnership,https://www.gqkorea.co.kr/2026/07/06/%eb%b9%84-%ec%98%a4%eb%8a%94-%eb%82%a0%ec%9d%b4%eb%a9%b4-%ec%97%b0%ec%9d%b8%eb%93%a4%ec%9d%b4-%eb%aa%a8%ec%97%ac%eb%93%9c%eb%8a%94-%ec%84%9c%ec%9a%b8%ec%9d%98-%eb%af%b8%ec%88%a0%ea%b4%80-3/?utm_source=naver&utm_medium=partnership,"전시장과 휴게 공간, 카페가 자연스럽게 이어지는 동선 덕분에 작품을 감상하다 잠시 쉬어가거나 여운을 곱씹기에도 좋다. 신지선, 서서울피디아, 안양천, 2026, AR, 컬러...","Mon, 06 Jul 2026 11:41:00 +0900",2026-07-06 11:41:00
"시도 때도 없는 오토바이 소음, 카메라로 단속한다",https://www.munhwa.com/article/11600524?ref=naver,https://n.news.naver.com/mnews/article/021/0002802595?sid=102,"음식점과 카페, 유흥시설이 밀집한 경기 의정부시의 중심 상권에선 배달 오토바이로 인한 소음 민원이 쇄도하고 있다. 특히 심야 시간에 소음이 더 크게 발생하는 머플러 불법 개조 오토바이를 타며 급가속을 즐기는...","Mon, 06 Jul 2026 11:39:00 +0900",2026-07-06 11:39:00
영주에서 머물수록 커지는 혜택…체류형 관광 지원 확대,https://www.asiatoday.co.kr/kn/view.php?key=20260706010001835,https://www.asiatoday.co.kr/kn/view.php?key=20260706010001835,"지원 대상은 유료 관광지 1곳을 포함해 관광지 2곳 이상을 방문하고, 음식점과 카페 3곳 이상을 이용해야 한다. 또 숙박일 기준 1박당 1회 이상 사진이 포함된 여행 후기를 개인 SNS에 게시하는 등 인증 조건을 충족해야...","Mon, 06 Jul 2026 11:36:00 +0900",2026-07-06 11:36:00
"BNK부산은행, 초록우산과 2026년 사회공헌사업 지원식 개최…6억 규모",https://www.viva100.com/article/20260706500622,https://www.viva100.com/article/20260706500622,"지난 2월에는 부산시, 초록우산과 함께 부산시민공원에 영유아 놀이공간인 ‘당신처럼 애지중지 공공형 키즈카페’를 열었으며, 이는 지난해 3월 부산시와 체결한 ‘당신처럼 애지중지-두근두근 아이사랑 사업’...","Mon, 06 Jul 2026 11:36:00 +0900",2026-07-06 11:36:00
"그라비티, MMORPG '라그나로크M: Classic' 국내 유저 간담회 'Fun & Fan Day'...",https://www.thisisgame.com/articles/427508,https://www.thisisgame.com/articles/427508,이번 행사는 7월 12일 오후 2시부터 6시까지 서울 강남에 위치한 알베르 카페에서 진행한다. 그라비티는 <라그나로크M: Classic>의 국내 정식 론칭을 앞두고 CBT 기간 동안 유저들이 보내준 성원에 보답하고자 기획했다....,"Mon, 06 Jul 2026 11:36:00 +0900",2026-07-06 11:36:00
"SK에코플랜트, 교육·카페 결합한 주거 모델 도입",https://www.businesskorea.co.kr/news/articleView.html?idxno=272505,https://www.businesskorea.co.kr/news/articleView.html?idxno=272505,SK에코플랜트가 교육과 카페 등 전문 서비스를 결합한 주민공동시설을 도입하며 주거서비스 모델 차별화에... 이와 함께 아이엔지스토리는 스터디카페 브랜드 '작심'의 인테리어와 운영 노하우를 커뮤니티 공간에...,"Mon, 06 Jul 2026 11:34:00 +0900",2026-07-06 11:34:00
‘포레나힐스테이트 진주’ 8월 분양,https://biz.heraldcorp.com/article/10799295?ref=naver,https://n.news.naver.com/mnews/article/016/0002666232?sid=101,"커뮤니티시설로는 중앙광장, 펫파크, 어린이놀이터, 주민운동시설, 게스트하우스, 펫케어존, 사우나, 공유오피스, 스크린골프, 피트니스클럽, 키즈카페 등이 들어설 예정이다. 이중석 ㈜한화 건설부문 분양소장은...","Mon, 06 Jul 2026 11:33:00 +0900",2026-07-06 11:33:00
"제물포구 꿈영도, '반짝반짝 잉글리시 페스타' 개최",https://www.gukjenews.com/news/articleView.html?idxno=3627251,https://www.gukjenews.com/news/articleView.html?idxno=3627251,초등학생들은 영어 체험 활동 후 키즈카페 시설을 자유롭게 이용할 수 있다. 이와 함께 미취학 자녀를 둔 부모를 대상으로 꿈드림어린이영어도서관 이설희 팀장의 '엄마표 영어 특강'도 열린다. 특강에서는 가정 내 영어...,"Mon, 06 Jul 2026 11:32:00 +0900",2026-07-06 11:32:00
[패트롤] 경기도-고양시-김포시-남양주시-파주시,https://www.ekn.kr/web/view.php?key=20260706024259532,https://www.ekn.kr/web/view.php?key=20260706024259532,"네이버 메이트는 네이버가 올해 6월부터 새롭게 시작한 프로그램으로, 블로그-카페-지식iN 등 네이버 사용자 제작 콘텐츠(UGC) 서비스 전반에서 주제별 전문성과 차별성과 다양성을 갖춘 창작자를 선정한다. 남양주시 공식...","Mon, 06 Jul 2026 11:32:00 +0900",2026-07-06 11:32:00
"임성근, 음주운전 논란 딛고 새 출발…오늘(6일) 식당 오픈",https://isplus.com/article/view/isp202607060062,https://m.entertain.naver.com/article/241/0003518417,"1층에서는 짜글이, 2층에서는 박포갈비를 선보이며, 3층은 카페로 운영된다. 임 셰프는 전날 자신의 SNS를 통해 식당 오픈 소식을 전했다. 그는 “오랫동안 저희의 개업을 기다려주시고 응원해주신 모든 분들께 진심으로...","Mon, 06 Jul 2026 11:30:00 +0900",2026-07-06 11:30:00
"""'라그나로크M: 클래식' 국내 론칭 전 첫 만남""…그라비티, 국내 유저 간...",https://www.apnews.kr/news/articleView.html?idxno=3049534,https://www.apnews.kr/news/articleView.html?idxno=3049534,그라비티는 오는 12일 서울 강남에 위치한 알베르 카페에서 MMORPG '라그나로크M: 클래식'의 국내 유저 간담회 'Fun & Fan Day'를 개최한다고 6일 밝혔다. 이번 행사는 라그나로크M: 클래식의 국내 정식 론칭을 앞두고 CBT 기간...,"Mon, 06 Jul 2026 11:30:00 +0900",2026-07-06 11:30:00
"유저와 직접 소통한다, 라그나로크M 클래식 간담회 예고",https://www.gamemeca.com/mv.php?inflow=naver_s&gid=1777435,https://m.sports.naver.com/esports/article/356/0000083917,"이번 행사는 오는 7월 12일 오후 2시부터 6시까지 서울 강남에 위치한 알베르 카페에서 진행되며, 국내 정식 출시를 앞두고 비공개 테스트 기간 동안 이용자들이 보낸 성원에 보답하고자 마련됐다. 간담회는 환영...","Mon, 06 Jul 2026 11:29:00 +0900",2026-07-06 11:29:00
"[건설브리핑] 동부건설, 춘천 주상복합 신축공사 수주 외",https://www.seoulfn.com/news/articleView.html?idxno=632728,https://www.seoulfn.com/news/articleView.html?idxno=632728,"SK에코플랜트, 교육·카페 브랜드와 업무협약 체결 SK에코플랜트는 대교CNS, 아이엔지스토리, 학산과... 아이엔지스토리는 스터디카페 전문 브랜드 작심의 프리미엄 인테리어와 서비스를 커뮤니티 공간에 적용한다....","Mon, 06 Jul 2026 11:29:00 +0900",2026-07-06 11:29:00
완도 반값여행 효과 톡톡…상반기 관광객 몰려,https://www.newsis.com/view/NISX20260706_0003697200,https://n.news.naver.com/mnews/article/003/0014048308?sid=102,"'완도 반값여행'은 관광객이 숙박·식당·카페, 특산품 구매 등에 사용한 비용의 절반을 완도사랑상품권으로 환급해주는 사업으로 참여 관광객이 꾸준히 늘고 있다. 완도군이 단체 관광객을 유치한 여행사에 지원하는...","Mon, 06 Jul 2026 11:29:00 +0900",2026-07-06 11:29:00
"인천시, 도시재생사업 사후관리 체계화…“주민 주도 자생력 키운다”",https://www.asiatoday.co.kr/kn/view.php?key=20260706010001829,https://www.asiatoday.co.kr/kn/view.php?key=20260706010001829,"지원 분야는 △커뮤니티시설, 쉼터, 공부방, 경로당, 도서관 등 공동이용시설의 운영 및 유지보수 △플리마켓·축제 등 주민 참여 프로그램 △공동작업장·공유카페·공유주방 등 일자리 창출 사업 △주민 및 현장 전문가...","Mon, 06 Jul 2026 11:28:00 +0900",2026-07-06 11:28:00
"관악구, '2026년 주거공간 스타일링 서비스 사업 추진...경력보유여성 ...",https://www.cnbizm.com/news/articleView.html?idxno=307668,https://www.cnbizm.com/news/articleView.html?idxno=307668,"이외에도 수익사업으로 ▲지역특화 물품 판매 ▲청사 내 '강감찬카페' 운영, 공동대행사업으로 ▲샤로수길 로컬브랜드 육성사업 ▲행정재산 청소용역 수행 등 다각적인 사업을 펼치며 지역 내 일자리 기반 조성과 주민...","Mon, 06 Jul 2026 11:28:00 +0900",2026-07-06 11:28:00
"영주시, 체류형 관광 지원으로 관광객 유치 나서",https://www.hidomin.com/news/articleView.html?idxno=712079,https://www.hidomin.com/news/articleView.html?idxno=712079,"지원 대상은 유료 관광지 1개소를 포함한 관광지 2개소 이상을 방문하고, 음식점과 카페 3개소 이상을 이용하는 등 인증 조건을 충족해야 한다. 또한 숙박일 기준 1박당 1회 이상 사진이 포함된 여행 후기를 개인 SNS에...","Mon, 06 Jul 2026 11:28:00 +0900",2026-07-06 11:28:00
"결혼정보회사 듀오, 올여름 연인 위한 데이트 코스 제안…“무더위도 추...",https://isplus.com/article/view/isp202607060060,https://n.news.naver.com/mnews/article/241/0003518415?sid=103,"워터슬라이드와 바나나보트, 블롭점프 등 다양한 액티비티를 즐길 수 있으며, 인근 카페와 글램핑장을 함께 이용하면 하루 일정의 데이트 코스로 활용하기 좋다. 드라이브 코스로는 제부도가 추천됐다. 바닷길과...","Mon, 06 Jul 2026 11:25:00 +0900",2026-07-06 11:25:00
"'20kg 감량' 소유, 프랑스 홀린 '끈 하나' 백리스 쇼킹…'역시 '갓소유!...",https://www.mydaily.co.kr/page/view/2026070611111867159,https://m.entertain.naver.com/article/117/0004081842,소유는 도발적인 뒤태와 달리 우아한 앞모습을 노출하며 카페에서 식사를 하거나 관광지를 배경으로 한 자유로운 모습도 앵글에 담았다. 관광지 아름다운 분수대를 배경으로 소유의 완벽한 S라인 자태도 시선을...,"Mon, 06 Jul 2026 11:25:00 +0900",2026-07-06 11:25:00
"붕괴: 스타레일, 페이트 & 스테이 나이트 2차 콜라보 예고",https://www.inven.co.kr/webzine/news/?news=318151,https://m.sports.naver.com/esports/article/442/0000194092,은하열차가 지나온 여정을 담은 영상 콘텐츠를 비롯해 몰입형 체험 공간과 동행했던 캐릭터들의 설계도 및 무기 전시 등 다채로운 콘텐츠를 만나볼 수 있다. 보다 자세한 정보는 공식 카페를 통해 확인할 수 있다.,"Mon, 06 Jul 2026 11:24:00 +0900",2026-07-06 11:24:00
"인천시, 도시재생사업 사후관리 지침 마련…29곳 체계 관리",https://news.ifm.kr/news/articleView.html?idxno=474438,https://news.ifm.kr/news/articleView.html?idxno=474438,"공동작업장과 공유카페·주방 등 일자리 창출 사업과 주민·현장 전문가 양성을 위한 역량강화 교육, 공동이용시설 유지·보수와 운영관리도 지원 대상에 포함된다. 시는 각 군·구에 사후관리 공통 지침을 안내하고, 이달...","Mon, 06 Jul 2026 11:24:00 +0900",2026-07-06 11:24:00
"SK에코플랜트, 교육·카페 전문서비스 브랜드와 업무협약…'주민공동시...",http://www.sisacast.kr/news/articleView.html?idxno=97479,http://www.sisacast.kr/news/articleView.html?idxno=97479,카페 전문 브랜드 '작심'의 프리미엄 인테리어와 서비스를 커뮤니티 공간에 적용한다. 하이엔드 주거 브랜드 '드파인'만의 전문서비스도 있다. 스페셜티 브랜드 '테라로사'의 커피 공급사인 학산은 단지 커뮤니티 카페...,"Mon, 06 Jul 2026 11:22:00 +0900",2026-07-06 11:22:00
"인천시, 여름방학 맞아 청소년 유해환경 집중 수사",https://www.kmaeil.com/news/articleView.html?idxno=644389,https://www.kmaeil.com/news/articleView.html?idxno=644389,"수사 대상은 유흥주점과 룸카페, OTT방 등 장소 제공업소를 비롯해 홀덤펍, 노래연습장, PC방, 일반음식점 등이다. 중점 수사 내용은 ▲청소년 출입·고용 금지업소의 청소년 출입 및 고용 ▲청소년 대상 주류·담배 등...","Mon, 06 Jul 2026 11:20:00 +0900",2026-07-06 11:20:00
"[인터뷰] '하나 코리아' 김민하 ""탈북인 계셔, 더 소중한 마음으로 연기...",http://www.srtimes.kr/news/articleView.html?idxno=206817,http://www.srtimes.kr/news/articleView.html?idxno=206817,"SR타임스는 최근 서울 종로구 한 카페에서 김민하 배우를 만나 이번 작품과 관련된 다양한 이야기를 들어봤다. Q. 처음 대본을 읽었을 때 어떤 느낌을 받았는지, 그리고 극 중 내레이션에서 신경 쓴 부분은 실화 모티브라서...","Mon, 06 Jul 2026 11:20:00 +0900",2026-07-06 11:20:00
[푸드컬처N] 'K-컬처' 입은 'K-푸드' 쾌속 순항… 170억 亞 시장 수출 잭...,https://www.nc.press/news/articleView.html?idxno=619878,https://www.nc.press/news/articleView.html?idxno=619878,카자흐스탄 내 한국형 편의점과 라면 카페 등 신규 유통 플랫폼 확산세가 매섭다. 올해 1~5월 수출액은 전년 대비 6.6% 뛴 2200만 달러(약 303억 원)로 역대 최고치를 갈아치웠다. 라면과 스낵 위주 편중을 탈피해...,"Mon, 06 Jul 2026 11:19:00 +0900",2026-07-06 11:19:00
"듀오, 여름휴가 시즌 맞춤 데이트 코스 제안…물놀이부터 축제까지",https://www.seoul.co.kr/news/economy/2026/07/06/20260706500065?wlog_tag3=naver,https://n.news.naver.com/mnews/article/081/0003658620?sid=101,"워터슬라이드와 바나나보트, 블롭점프 등 다양한 수상레저 시설을 이용할 수 있으며, 인근 글램핑장과 카페를 연계하면 하루 일정으로도 여유로운 시간을 보낼 수 있다. 드라이브를 선호하는 이들에게는 제부도가...","Mon, 06 Jul 2026 11:18:00 +0900",2026-07-06 11:18:00
"[뮤즈이슈]‘전과 6범’ 임성근, 오늘(6일) 대규모 식당 오픈..“최선 다...",https://www.heraldmuse.com/article/10799212?ref=naver,https://m.entertain.naver.com/article/112/0003800611,"건물 1층과 2층에 각각 짜글이와 박포갈비를 제공하고, 3층에는 카페를 운영한다. 이 식당은 8일 가오픈을 시작으로 9일 정식 오픈을 한다. 이에 지난 5일 임성근은 자신의 채널에 “오랫동안 저희의 개업을 기다려주시고...","Mon, 06 Jul 2026 11:17:00 +0900",2026-07-06 11:17:00
직선의 경외로움과 곡선의 위로… 파주 건축 탐방기,https://www.ohmynews.com/NWS_Web/View/at_pg.aspx?CNTN_CD=A0003247676&CMPT_CD=P0010&utm_source=naver&utm_medium=newsearch&utm_campaign=naver_news,https://n.news.naver.com/mnews/article/047/0002521604?sid=103,"넓은 마을을 헤매다 여행자스테이션 직원의 추천으로 발길이 닿은 곳은 바로 카페 '아다마스 253(ADAMAS 253)... 1층의 오픈형 북카페에서 도서들을 둘러보며 마시는 차 한 잔은, 고요한 사색의 완성 같았다. ▲  직선과 곡선...","Mon, 06 Jul 2026 11:16:00 +0900",2026-07-06 11:16:00
"태안군 ""경로당이 '스터디카페'로"" 어르신 인지건강 프로그램 운영",https://www.ccdailynews.com/news/articleView.html?idxno=2426100,https://www.ccdailynews.com/news/articleView.html?idxno=2426100,▲ 태안군 경로당에서 어르신들이 인지건강 프로그램에 참여하고 있다 충남 태안군이 경로당을 어르신 학습 공간으로 꾸미는 민관협력 치매예방 프로그램 '경로당 스터디카페' 운영에 들어갔다. 이번 사업은 충청남도...,"Mon, 06 Jul 2026 11:16:00 +0900",2026-07-06 11:16:00
나우 패션웨어 매장에서 뜬금없이 고소한 보리차 냄새,https://sports.donga.com/life/article/all/20260706/134243040/1,https://n.news.naver.com/mnews/article/382/0001281817?sid=103,나우는 소비자가 브랜드 철학을 직접 경험할 수 있도록 라이프스타일 공간인 나우 카페를 운영하고 있다.... 이 중 녹차가 들어간 감귤 그린티를 제외한 3종은 카페인이 없어 언제든 즐기기 좋다. 제품 포장에는 생분해성...,"Mon, 06 Jul 2026 11:15:00 +0900",2026-07-06 11:15:00
"청년층은 더 안 만난다…美 15~24세 사교 시간, 1일 1시간→ 35분 '뚝'",https://www.newsis.com/view/NISX20260706_0003697137,https://n.news.naver.com/mnews/article/003/0014048258?sid=104,"액시오스는 콜로라도대 볼더 연구진의 2025년 보고서를 인용해 최근 10년 안팎 동안 도서관, 카페, 박물관 등 사람들이 모이던 장소가 곳곳에서 문을 닫았다고 전했다. 교회도 전례 없는 속도로 문을 닫고 있다. 액시오스는...","Mon, 06 Jul 2026 11:14:00 +0900",2026-07-06 11:14:00
GTX-B(예정)와 도시계획도로 추진… 교통여건 좋은 '마석역 극동스타클...,https://www.apnews.kr/news/articleView.html?idxno=3049533,https://www.apnews.kr/news/articleView.html?idxno=3049533,"인근에는 대형마트와 병원, 체육문화센터, 카페거리 등이 위치하며, 마석초·마석중·심석중·심석고 등 교육시설도 가까운 거리에 있다. 송라산과 천마산 등 자연환경도 인접해 쾌적한 주거환경을 누릴 수 있다. 분양...","Mon, 06 Jul 2026 11:14:00 +0900",2026-07-06 11:14:00
"마른파이브, ‘마요르카 비치 클럽’ 팝업 오픈",http://www.apparelnews.co.kr/news/news_view/?idx=226217,http://www.apparelnews.co.kr/news/news_view/?idx=226217,"성수동 카페 해례커피와 협업해 팝업 한정 레몬에이드를 제공하며, 쇼핑과 체험 사이 잠시 쉬어갈 수 있는 여유로운 휴식 공간을 마련했다. 마른파이브(MARUN5)는 이너웨어를 중심으로 홈웨어, 레깅스, 양말 등...","Mon, 06 Jul 2026 11:14:00 +0900",2026-07-06 11:14:00
"[건설 레이더] SK에코플랜트·두산건설·롯데건설, 차별화 주거 서비스...",http://www.thevaluenews.co.kr/news/view.php?idx=199876,http://www.thevaluenews.co.kr/news/view.php?idx=199876,"SK에코플랜트는 교육·카페 등 서비스를 아파트 커뮤니티에 접목하는 업무협약을 체결하며 주거 서비스... ◆ SK에코플랜트, 교육·카페 전문서비스 브랜드와 주거서비스 모델 차별화 아이엔지스토리가 선보이는...","Mon, 06 Jul 2026 11:14:00 +0900",2026-07-06 11:14:00
"태안군, 경로당 2곳서 치매예방 프로그램 '스터디카페' 운영",https://www.ggilbo.com/news/articleView.html?idxno=1167619,https://www.ggilbo.com/news/articleView.html?idxno=1167619,"태안군 제공 태안군이 경로당 2곳에서 어르신 치매예방 프로그램으로 '스터디카페'를 운영한다. 이번 사업은 충청남도 광역치매센터가 수행하고 태안군과 보건의료원 치매안심센터가 참여하는 사업으로, 코스모스...","Mon, 06 Jul 2026 11:14:00 +0900",2026-07-06 11:14:00
[뉴스워커_동원F&B] 하이볼족 겨냥… 강탄산 플레인 탄산수 출시,http://www.newsworker.co.kr/news/articleView.html?idxno=434747,http://www.newsworker.co.kr/news/articleView.html?idxno=434747,"동원F&B는 최근 건강을 이유로 탄산음료 대신 플레인 탄산수를 선택하거나, 하이볼과 에이드 등 홈카페·홈술 문화에 활용하는 소비자가 늘어난 점에 주목해 이번 제품을 선보였다고 설명했다. '미네마인 스파클링...","Mon, 06 Jul 2026 11:14:00 +0900",2026-07-06 11:14:00
“5억대에 e편한세상이?”…분당 신혼희망타운에 신혼부부 발길 ‘북적...,https://www.ekn.kr/web/view.php?key=20260706028559520,https://www.ekn.kr/web/view.php?key=20260706028559520,"커뮤니티 시설은 카페·피트니스·스크린골프룸·게스트하우스 등으로 구성된다. 판교 테크노밸리, 분당 업무지구와 인접해 입지적으로도 우수하고, 차로 10분 거리에 분당서울대학교 병원을 이용할 수 있다는 점에서...","Mon, 06 Jul 2026 11:12:00 +0900",2026-07-06 11:12:00
"그라비티, '라그나로크M: Classic' 유저 간담회 개최…7월 16일 정식 출시",https://www.khgames.co.kr/news/articleView.html?idxno=306081,https://www.khgames.co.kr/news/articleView.html?idxno=306081,행사는 오는 7월 12일 오후 2시부터 6시까지 서울 강남구 알베르 카페에서 열린다. 그라비티는 국내 정식 출시를 앞두고 CBT(비공개 테스트)에 참여한 이용자들의 성원에 보답하고 개발진과 이용자가 직접 소통하는...,"Mon, 06 Jul 2026 11:12:00 +0900",2026-07-06 11:12:00
"영칼로리포케, 여름 맞아 '무설탕 말차 라떼' 7월 6일 출시",https://www.enetnews.co.kr/news/articleView.html?idxno=52067,https://www.enetnews.co.kr/news/articleView.html?idxno=52067,"최근 프랜차이즈 카페의 말차 라떼 가격이 5,000~7,000원대에 형성된 가운데, 영칼로리는 세트 메뉴 주문 시 2,900원, 단품 주문 시 3,500원이라는 가격으로 소비자 접근성을 높였다.대형 프랜차이즈 대비 절반 이하 수준의...","Mon, 06 Jul 2026 11:12:00 +0900",2026-07-06 11:12:00
"“외국인도 MZ도 다 잡겠다”…백화점, 패션 강화하는 이유는",https://www.mk.co.kr/article/12091059,https://n.news.naver.com/mnews/article/009/0005703184?sid=103,"미래 콘셉트를 구현한 공간과 전 세계 최초 공개 캐릭터, 자체 카페 브랜드와의 협업 메뉴 등을 선보이며 단순 쇼핑을 넘어 경험을 제공하는 공간으로 꾸몄다. 갤러리아백화점도 명품 중심의 공간 구성에 변화를 주고...","Mon, 06 Jul 2026 11:11:00 +0900",2026-07-06 11:11:00
"결혼정보회사 듀오, 여름 데이트 명소 5곳 제안",https://edu.donga.com/news/articleView.html?idxno=109618,https://edu.donga.com/news/articleView.html?idxno=109618,인근 글램핑장과 카페를 함께 방문하면 하루 일정으로 활용할 수 있다는 설명이다. 제부도는 드라이브와 해상케이블카를 함께 즐길 수 있는 장소로 제안됐다. 특히 저녁 시간에는 서해 낙조를 감상할 수 있는 점이 특징으로...,"Mon, 06 Jul 2026 11:10:00 +0900",2026-07-06 11:10:00
"광양시, 인서리공원 원도심 문화관광 거점 역할 톡톡",https://www.jeonmae.co.kr/news/articleView.html?idxno=1271692,https://www.jeonmae.co.kr/news/articleView.html?idxno=1271692,"광양시가 인서리공원을 중심으로 전시와 한옥, 카페 등을 연계한 문화관광 콘텐츠 운영에 나섰다. 전남 광양시(시장 박광현)가 원도심 대표 문화관광지인 인서리공원을 중심으로 전시와 한옥, 카페 등을 연계한 문화관광...","Mon, 06 Jul 2026 11:10:00 +0900",2026-07-06 11:10:00
그라비티 'Fun & Fan Day' 12일 개최,https://www.tgdaily.co.kr/news/articleView.html?idxno=405466,https://www.tgdaily.co.kr/news/articleView.html?idxno=405466,"그라비티(대표 박현철)는 '라그나로크M: Classic' 국내 유저 간담회 'Fun & Fan Day'를 이달 12일 오후 2시부터 6시까지 서울 강남에 위치한 알베르 카페에서 가질 예정이다. 환영 인사를 시작으로 지식 퀴즈, 개발진과의...","Mon, 06 Jul 2026 11:10:00 +0900",2026-07-06 11:10:00
‘용도별 편의성’ 계절가전 완판 결정한다,https://biz.heraldcorp.com/article/10799177?ref=naver,https://n.news.naver.com/mnews/article/016/0002666160?sid=101,"홈카페, 홈술족 니즈를 발견한 것. 4월 말 출시한 ‘메가아이스 얼음정수기’는 일반 얼음보다 두배 큰 얼음(25g)을 만들어준다. 얼음이 쉽게 녹지 않아 음료의 풍미를 오래 유지해준다. 또한 하루 최대 제빙량 5.7kg, 대용량...","Mon, 06 Jul 2026 11:09:00 +0900",2026-07-06 11:09:00
"'그린닷' 자리 꿰찬 AI탭…네이버, 차세대 AI 검색 기술 3축 공개",https://www.getnews.co.kr/news/articleView.html?idxno=874214,https://www.getnews.co.kr/news/articleView.html?idxno=874214,"블로그·카페 등 콘텐츠, 쇼핑·플레이스 서비스 자산을 연결해 검색부터 실행까지 이어지는 경험을 제공하는 것이 네이버의 경쟁력""이라고 말했다. 네이버는 스마트렌즈를 중심으로 한 멀티모달 기술 고도화 계획도...","Mon, 06 Jul 2026 11:08:00 +0900",2026-07-06 11:08:00
‘라그나로크M:Classic’ 론칭 전 유저와 소통 나서,https://www.mk.co.kr/article/12091054,https://n.news.naver.com/mnews/article/009/0005703183?sid=105,그라비티는 MMORPG ‘라그나로크M: Classic’의 정식 론칭 전 오는 12일 서울 강남 알베르 카페에서 국내 유저 간담회 ‘Fun & Fan Day’를 개최한다. ‘라그나로크M’은 오는 16일 PC와 모바일 버전으로 출시된다....,"Mon, 06 Jul 2026 11:08:00 +0900",2026-07-06 11:08:00
"삼성, 첫 AI 스마트글라스…메타에 도전장",https://www.yonhapmidas.com/news/articleView.html?idxno=10442,https://www.yonhapmidas.com/news/articleView.html?idxno=10442,"목적지까지 길 안내를 받거나, 주변 카페 추천 및 음료 주문 등을 음성으로 처리할 수 있다. 탑재된 카메라로 사용자가 보는 화면을 즉시 촬영하는 기능도 지원한다. 행사장에서 AI 글라스를 쓴 채 '비치 보이스'(The Beach...","Mon, 06 Jul 2026 11:08:00 +0900",2026-07-06 11:08:00
[장혜원의 부동산현장] 토허제 맞은 동탄 가보니…“예상했던 규제” 차...,https://www.ekn.kr/web/view.php?key=20260706020529493,https://www.ekn.kr/web/view.php?key=20260706020529493,"일요일 오후였지만 회사 배지를 목에 건 직장인들이 거리 곳곳을 오갔고 카페에는 노트북을 펼친... 호수를 따라 산책하는 주민들과 대형 카페, 상가가 이어졌고 린스트라우스와 부영 단지 등은 호수 조망과 교육환경을...","Mon, 06 Jul 2026 11:08:00 +0900",2026-07-06 11:08:00
"크룹스, 초슬림 전자동 커피머신 '커피 크러쉬' 국내 첫 출시",http://www.dailysmart.co.kr/news/articleView.html?idxno=126519,http://www.dailysmart.co.kr/news/articleView.html?idxno=126519,홈카페 수요가 꾸준히 늘면서 공간 활용성과 편의성을 갖춘 전자동 커피머신 시장 경쟁도 한층... 크룹스는 초슬림 디자인과 자동 추출 기능을 앞세운 신제품을 국내에 가장 먼저 출시하며 프리미엄 홈카페 시장...,"Mon, 06 Jul 2026 11:08:00 +0900",2026-07-06 11:08:00
"광주신세계, 키즈영어카페 오픈기념 할인 프로모션",https://www.sidae.com/article/2026070610470572889,https://n.news.naver.com/mnews/article/417/0001150428?sid=102,2020년대 들어 영유아의 조기 영어교육을 위해 생겨난 영어유치원이 최근에는 재미와 학습을 겸한 키즈 영어카페로 변신하고 있다. 광주신세계는 6일 플레이스팟 2층에 키즈영어카페 '더 블루타이거'를 호남지역...,"Mon, 06 Jul 2026 11:05:00 +0900",2026-07-06 11:05:00
"인천시, 도시재생 사후관리 지침 마련…주민 주도 지속성 높인다",http://www.newstown.co.kr/news/articleView.html?idxno=708248,http://www.newstown.co.kr/news/articleView.html?idxno=708248,"지원 대상은 커뮤니티시설과 쉼터, 공부방, 경로당, 도서관 등 공동이용시설 운영을 비롯해 플리마켓과 축제 등 주민 참여 프로그램, 공동작업장·공유카페·공유주방 등 일자리 창출 사업, 주민과 현장 전문가 역량강화...","Mon, 06 Jul 2026 11:05:00 +0900",2026-07-06 11:05:00
"완도군, 상반기 관광 활성화 사업 성과 확인",https://www.jeonmae.co.kr/news/articleView.html?idxno=1271762,https://www.jeonmae.co.kr/news/articleView.html?idxno=1271762,"이 사업은 관광객이 숙박, 식당, 카페 이용 및 특산품 구매 등 여행 과정에서 사용한 비용의 절반을 모바일 완도사랑상품권으로 환급해주는 방식으로 운영됐다. 단체 관광객 유치 인센티브 지원 사업 역시 상반기에 15...","Mon, 06 Jul 2026 11:04:00 +0900",2026-07-06 11:04:00
"그라비티, MMORPG ‘라그나로크M: 클래식’ 국내 유저 간담회 ‘Fun & Fan...",https://www.gamechosun.co.kr/webzine/article/view.php?no=223202,https://www.gamechosun.co.kr/webzine/article/view.php?no=223202,이번 행사는 7월 12일 오후 2시부터 6시까지 서울 강남에 위치한 알베르 카페에서 진행한다. 그라비티는 라그나로크M: 클래식의 국내 정식 론칭을 앞두고 CBT 기간 동안 유저들이 보내준 성원에 보답하고자 기획했다....,"Mon, 06 Jul 2026 11:04:00 +0900",2026-07-06 11:04:00
"송파구, 성내천 수변활력거점 7월 착공…올해 12월 완공",https://www.newsis.com/view/NISX20260706_0003697124,https://n.news.naver.com/mnews/article/003/0014048195?sid=102,"전체 764.15㎡ 규모로 1층에는 주민을 위한 커뮤니티실과 운동 공간이, 2층에는 한강 노을을 감상할 수 있는 카페가 생긴다. 옥상은 전망대로 꾸민다. 롯데월드타워와 강변테크노마트를 비롯해 한강철교를 볼 수 있다....","Mon, 06 Jul 2026 11:03:00 +0900",2026-07-06 11:03:00
광주신세계 키즈영어카페 '더블루타이거' 오픈,https://www.yna.co.kr/view/AKR20260706064900054?input=1195m,https://n.news.naver.com/mnews/article/001/0016177556?sid=101,"광주신세계는 키즈영어카페 '더 블루타이거' 매장을 선보인다고 6일 밝혔다. 더 블루타이거는 외국인... 광주 신세계 측은 ""수도권에서 명성을 얻는 키즈영어카페 개점을 기념해 더 블루타이거가 기한을 정하지 않고...","Mon, 06 Jul 2026 11:02:00 +0900",2026-07-06 11:02:00
캐시닥 용돈퀴즈 정답 7월 6일 [단독],https://www.bntnews.co.kr/article/view/bnt202607060014,https://www.bntnews.co.kr/article/view/bnt202607060014,"소휘 전제품 애사비구미 용돈퀴즈 정답은 '살찌는, 모닝커피, 무카페인, 정제효소'이다. 소비자24 24시간 열린... 사용하여 카페/베이커리, 외식, 편의점, 뷰티, 상품권, 문화생활 등에서 사용 가능한 쿠폰으로 교환할 수...","Mon, 06 Jul 2026 11:02:00 +0900",2026-07-06 11:02:00
‘저렴한 한 끼’는 옛말…패스트푸드 가격 급등,https://www.koreadaily.com/article/20260705190109151,https://www.koreadaily.com/article/20260705190109151,"서브웨이의 6인치 블랙포레스트 햄 샌드위치는 3.50달러에서 5.25달러로 올랐으며 스타벅스 카페라테는 지역에 따라 차이가 있지만 약 4.45달러로 12년 전보다 약 80센트 상승했다. 업계에서는 식재료와 인건비, 물류비...","Mon, 06 Jul 2026 11:02:00 +0900",2026-07-06 11:02:00
"그라비티 '라그나로크M: Classic', 국내 유저 간담회 'Fun & Fan Day' 7월 1...",https://gamefocus.co.kr/detail.php?number=177245,https://gamefocus.co.kr/detail.php?number=177245,이번 행사는 7월 12일 오후 2시부터 6시까지 서울 강남에 위치한 알베르 카페에서 진행한다. 그라비티는 라그나로크M: Classic의 국내 정식 론칭을 앞두고 CBT 기간 동안 유저들이 보내준 성원에 보답하고자 기획했다....,"Mon, 06 Jul 2026 11:02:00 +0900",2026-07-06 11:02:00
"‘음주운전 논란’ 임성근 셰프, 파주에 한식당…방송 접은 후 첫 공개...",https://www.mk.co.kr/article/12091037,https://n.news.naver.com/mnews/article/009/0005703172?sid=103,"1층은 짜글이 전문 식당, 2층은 갈비 전문 식당, 3층은 카페로 꾸며졌다. 임 셰프는 “기다려주신 시간만큼 더 좋은 모습으로 찾아뵙기 위해 하나하나 정성을 다해 준비했다”며 “한 그릇, 한 접시마다 최고의 맛으로...","Mon, 06 Jul 2026 11:00:00 +0900",2026-07-06 11:00:00
[걸으며 서울을 생각하다]서울의 먹자골목은 왜 역사 속으로 퇴장하는가...,https://view.asiae.co.kr/article/2026070209344898126,https://n.news.naver.com/mnews/article/277/0005785929?sid=110,"변화의 규모는 대규모 재개발 지역 철거 작업처럼 거대하기도 하고, 단골 카페 폐업처럼 소소하기도 하다.... 이런 원리는 먹자골목과 외국인 상대 사업장만이 아니라 작은 카페, 공방, 동네책방 등의 다양한 사업 모두에...","Mon, 06 Jul 2026 11:00:00 +0900",2026-07-06 11:00:00
"송미령 농식품부 장관, 농어촌 기본소득 추진 성과 점검",https://www.aflnews.co.kr/news/articleView.html?idxno=323868,https://www.aflnews.co.kr/news/articleView.html?idxno=323868,"음식점, 카페 등 다양한 상점과 연계해 '마을호텔18번가'라는 브랜드를 탄생시킨 곳으로, 많은 관광객과 마을·단체에서 견학을 위해 방문하는 농촌 재생의 우수사례로 꼽히고 있다. 현재 마을호텔18번가 협동조합에서...","Mon, 06 Jul 2026 11:00:00 +0900",2026-07-06 11:00:00
"광명스피돔, 여름 맞아 어린이 문화교실 '상상라운지' 운영",http://www.queen.co.kr/news/articleView.html?idxno=459774,http://www.queen.co.kr/news/articleView.html?idxno=459774,프로그램은 매주 토요일 광명스피돔 2층 어린이 북카페에서 진행된다. '상상라운지'는 전문 강사의 구연동화와 창의 만들기를 결합한 참여형 문화교실이다. 아이들은 동화를 듣고 등장인물과 이야기를 직접 체험하며...,"Mon, 06 Jul 2026 11:00:00 +0900",2026-07-06 11:00:00
"‘붕괴: 스타레일’, 4.4 버전 ‘적막이 깃든 순간, 울리는 경적’ 출시...",https://www.gamechosun.co.kr/webzine/article/view.php?no=223200,https://www.gamechosun.co.kr/webzine/article/view.php?no=223200,"은하열차가 지나온 여정을 담은 영상 콘텐츠를 비롯해 몰입형 체험 공간, 동행했던 캐릭터들의 설계도와 무기 전시 등 다채로운 콘텐츠를 만나볼 수 있다. 보다 자세한 정보는 공식 카페를 통해 확인할 수 있다.","Mon, 06 Jul 2026 11:00:00 +0900",2026-07-06 11:00:00
고객을 우리 가게만의 오픈채팅방에 가둬라,http://www.kbiznews.co.kr/news/articleView.html?idxno=114461,http://www.kbiznews.co.kr/news/articleView.html?idxno=114461,"빵집은 당일 생산 수량, 갓 구운 시간, 단톡방 회원 선주문 혜택을 안내할 수 있으며, 카페는 신메뉴 시음단 모집이나 단골 전용 쿠폰을 제공할 수 있다. 업종에 맞는 정보와 혜택을 꾸준히 제공하면 고객과의 접점이...","Mon, 06 Jul 2026 11:00:00 +0900",2026-07-06 11:00:00
[#부동산 나들이] 이성훈 LH사장 취임·SK-대교-학산-아이엔지 'MOU'·롯데...,https://www.newsworks.co.kr/news/articleView.html?idxno=846198,https://www.newsworks.co.kr/news/articleView.html?idxno=846198,아이엔지스토리는 스터디카페 전문 브랜드 '작심'의 프리미엄 인테리어와 서비스를 커뮤니티 공간에... 커뮤니티 카페에 '드파인 블렌딩 원두'를 준공 후 2년간 공급한다. ◆롯데 '성수4지구 시공' 롯데건설이 서울...,"Mon, 06 Jul 2026 11:00:00 +0900",2026-07-06 11:00:00
"인천시, '도시재생사업 사후관리 공통 지침' 수립해 자생력 확보",https://www.discoverynews.kr/news/articleView.html?idxno=1095297,https://www.discoverynews.kr/news/articleView.html?idxno=1095297,"커뮤니티시설, 쉼터, 도서관, 공유카페·주방, 공동작업장 등이 포함된다. 시는 7월 중 사후관리 지원사업 공모를 추진하고, 도시재생지원센터 연구용역 결과를 반영한 '사후관리 통합 지침 2.0'도 마련할 계획이다. 유광조...","Mon, 06 Jul 2026 11:00:00 +0900",2026-07-06 11:00:00
"""보름 만에 5배 불어났다""…청년 노린 불법사채의 늪",https://view.asiae.co.kr/article/2026070521393197793,https://n.news.naver.com/mnews/article/277/0005785930?sid=102,"""돈을 보내지 않으면 당장 사진과 연락처까지 인스타그램에 올리겠다고 하더라고요."" 최근 경기 지역 한 카페에서 만난 심모씨(29)는 1년 전 기억을 떠올리며 고개를 저었다. 그가 불법 사금융에 손을 댄 건 10대 시절...","Mon, 06 Jul 2026 11:00:00 +0900",2026-07-06 11:00:00
일본인 모델 아키가 직접 쓴 자기소개 블로그 공개,https://www.esquirekorea.co.kr/article/1905393,https://www.esquirekorea.co.kr/article/1905393,한국에선 해방촌의 징가와 성수의 옹근달카페에 자주 방문했어요. 그리고 먹는 것 만큼 만드는 것도 좋아해서 베이킹을 자주 한답니다. 제일 자신 있는 건 치즈 케이크! 아키의 어린시절 휘낭시에를 만들고 있는 아키 사실...,"Mon, 06 Jul 2026 11:00:00 +0900",2026-07-06 11:00:00
"결혼정보회사 듀오, 연인 위한 여름 데이트 명소 5선 추천…계곡·동굴...",https://www.ikunkang.com/news/articleView.html?idxno=51145,https://www.ikunkang.com/news/articleView.html?idxno=51145,물놀이를 마친 뒤에는 인근 카페나 글램핑장을 방문해 여유로운 시간을 보내거나 바비큐를 즐기며 하루 일정을 마무리할 수 있다. 두 번째는 제부도 드라이브 코스다. 바닷길이 열리는 풍경으로 잘 알려진 제부도는 자동차...,"Mon, 06 Jul 2026 10:58:00 +0900",2026-07-06 10:58:00
이란 하메네이 장례 사흘째…'정권결속 과시'와 '체제 저항' 공존,https://www.news1.kr/world/usa-canada/6218639,https://n.news.naver.com/mnews/article/421/0009042349?sid=104,"테헤란 주요 도로와 길목, 카페·서점엔 하메네이의 초상화가 내걸렸다고 NYT가 전했다. 검은 수염을 기른 젊은 시절부터 백발이 된 노년까지 다양한 모습의 하메네이 초상이 등장했고, 일부 초상엔 현 최고지도자인 아들...","Mon, 06 Jul 2026 10:58:00 +0900",2026-07-06 10:58:00
강원 '춘천 리버뷰 아이파크' 7월 분양 예정,http://www.koreastocknews.com/news/articleView.html?idxno=119554,http://www.koreastocknews.com/news/articleView.html?idxno=119554,"단지 앞 MS마트를 걸어서 이용할 수 있고, 하나로마트, 후평동 상권, 춘천성심병원, 구봉산카페거리 등 다양한 편의시설도 쉽게 이용할 수 있다. 만천천 산책로가 바로 옆에 있으며 소양강, 구봉산, 너울숲공원...","Mon, 06 Jul 2026 10:58:00 +0900",2026-07-06 10:58:00
"음주운전 논란 후 근황 전한 임성근 ""한 접시마다 정성으로 보답""",https://view.asiae.co.kr/article/2026070610560880997,https://n.news.naver.com/mnews/article/277/0005785927?sid=102,"1층은 짜글이, 2층은 갈비, 3층은 카페로 꾸며진 모습이다. 특히 짜글이 찌개는 임성근이 운영하는 유튜브 채널에서 인기 레시피로 알려진 메뉴이며, 박포갈비는 '흑백요리사 2'에서 심사위원들의 호평을 받은 메뉴로...","Mon, 06 Jul 2026 10:58:00 +0900",2026-07-06 10:58:00
"가짜뉴스 잡으려다 게시글 지울라…네이버·카카오, 삭제 딜레마",https://www.mydaily.co.kr/page/view/2026070610035143562,https://n.news.naver.com/mnews/article/117/0004081828?sid=105,"네이버 카페·블로그·밴드, 카카오 오픈채팅·다음 댓글 등 이용자 게시물이 활발한 서비스에서는 신고 대상과 처리 결과를 둘러싼 갈등이 커질 수 있다. 특히 같은 유형의 게시물이라도 플랫폼별 운영정책과 판단 기준에...","Mon, 06 Jul 2026 10:56:00 +0900",2026-07-06 10:56:00
"SK에코플랜트, 교육·카페 브랜드와 주거서비스 모델 차별화",https://www.dizzotv.com/site/data/html_dir/2026/07/06/2026070680063.html,https://www.dizzotv.com/site/data/html_dir/2026/07/06/2026070680063.html,SK에코플랜트가 교육·카페 등 전문서비스를 결합한 주민공동시설을 도입해 주거서비스 모델 차별화에... 아이엔지스토리는 스터디카페 전문 브랜드 ‘작심’의 프리미엄 인테리어와 서비스를 커뮤니티 공간에...,"Mon, 06 Jul 2026 10:56:00 +0900",2026-07-06 10:56:00
"동구 서남예술촌, '로컬 아트 창작 실험실' 참여자 모집",https://www.jnilbo.com/news/articleView.html?idxno=90000047878,https://www.jnilbo.com/news/articleView.html?idxno=90000047878,서남예술촌 '로컬 아트 창작 실험실' 모집 6일 동구에 따르면 오는 9일 오후 2시부터 비테라 인테라스 3층 북카페 '사유의 숲'에서 '로컬 아트 창작 실험실: 인쇄 발주 노하우 강의'를 운영하고 참여자 15명을 모집한다. 이번...,"Mon, 06 Jul 2026 10:56:00 +0900",2026-07-06 10:56:00
"SK에코플랜트, 단지 내 'AI 독서실·스페셜티 카페' 도입",http://www.newslock.co.kr/news/articleView.html?idxno=132662,http://www.newslock.co.kr/news/articleView.html?idxno=132662,스터디카페 전문 브랜드 '작심'을 운영하는 아이엔지스토리는 특유의 프리미엄 인테리어를 커뮤니티... 스페셜티 브랜드 '테라로사'의 커피 공급사인 학산은 준공 후 2년간 단지 내 커뮤니티 카페에 '드파인 블렌딩 원두...,"Mon, 06 Jul 2026 10:56:00 +0900",2026-07-06 10:56:00
"“심학산서 기다린다”…‘방송 중단’ 임성근, 파주 새식당 개업",https://www.donga.com/news/Culture/article/all/20260706/134242254/2,https://n.news.naver.com/mnews/article/020/0003731753?sid=103,"그러면서 3층 규모의 건물에 1층은 부뚜막 짜글이찌개 전문점, 2층은 박포갈빗집, 3층은 카페로 꾸민 가게 영상과 사진을 공개했다. 짜글이찌개는 임 셰프가 운영하는 유튜브 채널에서 인기가 많은 레시피였고 박포갈비는...","Mon, 06 Jul 2026 10:55:00 +0900",2026-07-06 10:55:00
"독서실에 AI 학습관리, 카페엔 전용 원두까지…SK에코플랜트, 주거서비...",https://www.wolyo.co.kr/news/articleView.html?idxno=314618,https://www.wolyo.co.kr/news/articleView.html?idxno=314618,이번 협약에 따라 SK에코플랜트는 교육·카페 등 각 사의 전문서비스를 공동주택 주민공동시설에 적용해... 아이엔지스토리는 스터디카페 브랜드 '작심'의 인테리어와 서비스를 커뮤니티 공간에 적용한다. 공무원시험...,"Mon, 06 Jul 2026 10:54:00 +0900",2026-07-06 10:54:00
"SK에코플랜트, 학습·카페 서비스 결합한 주민공동시설 도입",https://www.cnbizm.com/news/articleView.html?idxno=307656,https://www.cnbizm.com/news/articleView.html?idxno=307656,SK에코플랜트가 교육·카페 등 전문 서비스를 공동주택 커뮤니티 시설에 도입하며 주거서비스 경쟁력... 아이엔지스토리는 스터디카페 브랜드 '작심'의 프리미엄 인테리어와 운영 서비스를 적용한다. 공무원 시험과 영어...,"Mon, 06 Jul 2026 10:50:00 +0900",2026-07-06 10:50:00
"""나는 자연으로 출근한다""… 경기도 '워케이션 명소' 6곳",https://www.g-enews.com/view.php?ud=2026070609513297758fbfc802b3_1,https://www.g-enews.com/view.php?ud=2026070609513297758fbfc802b3_1,일과 후에는 은은한 야간 조명이 켜진 유네스코 세계유산 수원화성 성곽길을 따라 걷거나 감성 넘치는 행리단길 골목 카페를 탐방하는 즐거움이 기다린다. 여행 꿀팁: 2층 소셜 라운지 내 공유 주방에 에어프라이어와...,"Mon, 06 Jul 2026 10:50:00 +0900",2026-07-06 10:50:00
"""여름 데이트 여기 어때요?""...듀오가 추천한 코스 5선",https://www.dailian.co.kr/news/view/1663682/?sc=Naver,https://n.news.naver.com/mnews/article/119/0003108278?sid=103,물놀이 후에는 인근 카페나 글램핑장에서 휴식을 취할 수 있어 여름철 데이트 명소로 꼽힌다. 드라이브와 산책을 동시에 즐기고 싶다면 제부도가 추천됐다. 바닷길이 열리는 풍경과 해상케이블카 '서해랑'을 통해 제부도와...,"Mon, 06 Jul 2026 10:50:00 +0900",2026-07-06 10:50:00
"경로당이 공부방으로···태안군, 치매 막는 ‘스터디카페’ 첫 운영",https://www.khan.co.kr/article/202607061050001,https://n.news.naver.com/mnews/article/032/0003456292?sid=102,스터디카페’ 운영에 나섰다. 태안군은 충남광역치매센터가 주관하고 태안군 및 태안군보건의료원 치매안심센터가 함께 참여하는 ‘경로당 스터디카페’ 사업을 운영한다고 6일 밝혔다. 이번 사업은 코스모스경로당과...,"Mon, 06 Jul 2026 10:50:00 +0900",2026-07-06 10:50:00
"""꼴랑 건물 한 개 부수는데 이 난리, 목동은?"" 양천 3선 의원 발언에 역...",https://realty.chosun.com/site/data/html_dir/2026/07/06/2026070601198.html,https://realty.chosun.com/site/data/html_dir/2026/07/06/2026070601198.html,"부동산스터디카페에서도 황 의원의 글이 올라오며 화제가 됐다. ""영상 봤는데 공사용 덤프트럭이 있어서 무슨 문제라는 건가"" ""재건축하지 말라는 말을 돌려서 하는 건가"" ""본인이 해결해야 하는 일들 아닌가""라는 등의...","Mon, 06 Jul 2026 10:50:00 +0900",2026-07-06 10:50:00
