original_food_name,business_category,product_group,view_type,image_path,bbox_found,bbox_ratio,bbox_40_70_match,center_score,blur_score,blur_score_normalized,actual_width,actual_height,resolution_score,representative_score
황태전골,restaurant,korean_food,front,data\raw\images\VS1\A\13\A13047\34\정위\A_13_A13047_황태전골_34_10.jpg,True,0.43748319568350175,True,0.8746214847310523,7756.9451223639335,1.0,3024,3024,0.5672892720306514,0.8974798362239134
황태전골,restaurant,korean_food,front,data\raw\images\VS1\A\13\A13047\34\정위\A_13_A13047_황태전골_34_09.jpg,True,0.42996559780910093,True,0.9158764008865733,5421.590570191549,0.695001006089834,3024,3024,0.5672892720306514,0.8488565122885363
황태전골,restaurant,korean_food,side,data\raw\images\VS1\A\13\A13047\34\측면\A_13_A13047_황태전골_34_01.jpg,True,0.38436335127137317,False,0.8330846442792949,5060.760293101053,0.647876310877043,3024,3024,0.5672892720306514,0.8009119786262462
푸팟퐁커리,restaurant,delivery_food,front,data\raw\images\VS1\A\14\A14140\40\정위\A_14_A14140_푸팟퐁커리_40_10.jpg,True,0.3465542640754733,False,0.8751572139860528,5680.986882422929,0.7288783521146521,3024,3024,0.5672892720306514,0.7966512064893831
치즈떡볶이,restaurant,korean_food,side,data\raw\images\VS1\B\11\B11103\07\측면\B_11_B11103_치즈떡볶이_07_06.jpg,True,0.5814129266326248,True,0.980085546807223,2336.99582850244,0.29215070142811955,3024,3024,0.5672892720306514,0.7875491951323884
치즈피자,restaurant,pizza,front,data\raw\images\VS1\B\11\B11107\06\정위\B_11_B11107_치즈피자_06_09.jpg,True,0.3931218910642781,False,0.9929017336472089,2284.706962575713,0.2853217377123017,3024,3024,0.5672892720306514,0.784009913122464
치킨퀘사디아,restaurant,chicken,front,data\raw\images\VS1\A\14\A14120\37\정위\A_14_A14120_치킨퀘사디아_37_09.jpg,True,0.32727666632230845,False,0.8059561507493929,6386.614006868212,0.8210337650181608,3024,3024,0.5672892720306514,0.7774540720650676
게살고로케,pub,fried_side,front,data\raw\images\VS1\C\02\C02004\10\단면\C_02_C02004_게살고로케_10_08.jpg,True,0.5091139217117359,True,0.9927911603491603,111.34135589808912,0.0014786172666217995,3456,3456,0.8582375478927203,0.7768687037419805
불고기파니니,restaurant,korean_food,front,data\raw\images\VS1\C\02\C02054\05\단면\C_02_C02054_불고기파니니_05_07.jpg,True,0.41228831958315226,True,0.975755233839599,305.60773574453566,0.02684994700694755,3456,3456,0.8582375478927203,0.7768321917371772
치즈피자,restaurant,pizza,front,data\raw\images\VS1\B\11\B11107\06\정위\B_11_B11107_치즈피자_06_10.jpg,True,0.41002297000486215,True,0.9498227298421014,2262.681108122245,0.2824451451871665,3024,3024,0.5672892720306514,0.7765292387946614
애플크럼블,restaurant,delivery_food,front,data\raw\images\VS1\C\02\C02080\13\단면\C_02_C02080_애플크럼블_13_08.jpg,True,0.4256961997260893,True,0.9789609453147811,251.61132084090306,0.01979797615950418,3456,3456,0.8582375478927203,0.7763835110102432
푸팟퐁커리,restaurant,delivery_food,front,data\raw\images\VS1\A\14\A14140\40\정위\A_14_A14140_푸팟퐁커리_40_09.jpg,True,0.38270616885393516,False,0.8718259959228892,3713.73453878055,0.4719537729237953,3024,3024,0.5672892720306514,0.7758998419134167
치킨마요덮밥,restaurant,japanese_food,front,data\raw\images\VS1\B\11\B11108\06\정위\B_11_B11108_치킨마요덮밥_06_09.jpg,True,0.43133749367515606,True,0.9883679403960655,110.85217025334742,0.0014147292675414354,3456,3456,0.8582375478927203,0.775528960156236
불고기피자(팬),restaurant,korean_food,front,data\raw\images\VS1\B\11\B11052\24\정위\B_11_B11052_불고기피자(팬)_24_10.jpg,True,0.47572861816040757,True,0.986331901726683,1783.1750859488934,0.21982131181647124,3024,3024,0.5672892720306514,0.7749572236858967
치즈떡볶이,restaurant,korean_food,side,data\raw\images\VS1\B\11\B11103\07\측면\B_11_B11103_치즈떡볶이_07_05.jpg,True,0.3999426297106388,False,0.9364874148634832,2347.2786324764534,0.29349364306571035,3024,3024,0.5672892720306514,0.7746881448735936
불고기파니니,restaurant,korean_food,front,data\raw\images\VS1\C\02\C02054\05\단면\C_02_C02054_불고기파니니_05_08.jpg,True,0.40724227925184864,True,0.9702997391915428,279.14172461869885,0.023393466808389825,3456,3456,0.8582375478927203,0.7745042473030488
치즈떡볶이,restaurant,korean_food,side,data\raw\images\VS1\B\11\B11103\07\측면\B_11_B11103_치즈떡볶이_07_08.jpg,True,0.6677271815755785,True,0.9826934948724789,1780.0552928742768,0.21941386458406673,3024,3024,0.5672892720306514,0.7737842121831546
치즈떡볶이,restaurant,korean_food,side,data\raw\images\VS1\B\11\B11103\07\측면\B_11_B11103_치즈떡볶이_07_02.jpg,True,0.5625000000000001,True,0.962269228591094,1994.8248730172847,0.247462927115147,3024,3024,0.5672892720306514,0.7732667448049552
모둠순대,restaurant,korean_food,side,data\raw\images\VS1\B\12\B12078\05\측면\B_12_B12078_모둠순대_05_06.jpg,True,0.5781469250495958,True,0.9914511112620852,1654.9377233676353,0.2030734194963976,3024,3024,0.5672892720306514,0.7731434080825028
치킨퀘사디아,restaurant,chicken,front,data\raw\images\VS1\A\14\A14120\37\정위\A_14_A14120_치킨퀘사디아_37_10.jpg,True,0.3227645360870134,False,0.8294034073584884,6097.1265160431185,0.7832264893010327,3024,3024,0.5672892720306514,0.7729786799484873
황태전골,restaurant,korean_food,side,data\raw\images\VS1\A\13\A13047\34\측면\A_13_A13047_황태전골_34_02.jpg,True,0.37174627772077196,False,0.8304354981559041,4330.307630362074,0.5524786647135728,3024,3024,0.5672892720306514,0.7699977661997588
모둠순대,restaurant,korean_food,side,data\raw\images\VS1\B\12\B12078\05\측면\B_12_B12078_모둠순대_05_04.jpg,True,0.6078310395499341,True,0.9664087637329899,1812.614962609944,0.22366618100522348,3024,3024,0.5672892720306514,0.7697492561255393
나가사끼짬뽕,restaurant,chinese_food,front,data\raw\images\VS1\A\14\A14018\44\정위\A_14_A14018_나가사끼짬뽕_44_09.jpg,True,0.3505749165346343,False,0.8252741764102649,5063.139992601173,0.6481871013532342,3024,3024,0.5672892720306514,0.7690661159661288
게살고로케,pub,fried_side,front,data\raw\images\VS1\C\02\C02004\10\단면\C_02_C02004_게살고로케_10_07.jpg,True,0.5446990682447747,True,0.9637972584918144,102.88981864907261,0.00037484038805468835,3456,3456,0.8582375478927203,0.7679497778090634
애플크럼블,restaurant,delivery_food,front,data\raw\images\VS1\C\02\C02080\13\단면\C_02_C02080_애플크럼블_13_07.jpg,True,0.46786048905369615,True,0.947786696882572,286.6488505897004,0.02437390289086067,3456,3456,0.8582375478927203,0.7679464218268518
부대떡볶이,restaurant,korean_food,front,data\raw\images\VS1\B\11\B11048\11\정위\B_11_B11048_부대떡볶이_11_09.jpg,True,0.4959372781065089,True,0.9948685907445668,1365.2015059909293,0.16523365991169986,3024,3024,0.5672892720306514,0.7666007000103077
부대떡볶이,restaurant,korean_food,front,data\raw\images\VS1\B\11\B11048\11\정위\B_11_B11048_부대떡볶이_11_10.jpg,True,0.5646544281155378,True,0.9771241574682301,1547.911610548413,0.18909573173947272,3024,3024,0.5672892720306514,0.7660497843929612
베이컨포테이토피자,restaurant,pizza,front,data\raw\images\VS1\B\11\B11047\28\정위\B_11_B11047_베이컨포테이토피자_28_09.jpg,True,0.4757789520553483,True,0.9931304505740761,1358.5721017008482,0.16436785491570147,3024,3024,0.5672892720306514,0.7659060969599607
모둠순대,restaurant,korean_food,side,data\raw\images\VS1\B\12\B12078\05\측면\B_12_B12078_모둠순대_05_02.jpg,True,0.5296471065440777,True,0.9875575961866091,1401.173451328006,0.16993162199484227,3024,3024,0.5672892720306514,0.7653469940595488
크림치즈호두빵,bakery,bread,front,data\raw\images\VS1\C\02\C02132\18\단면\C_02_C02132_크림치즈호두빵_18_08.jpg,True,0.49453722816455015,True,0.9684778509783469,1592.228386750293,0.19488353477021259,3024,3024,0.5672892720306514,0.7646134530521442
나가사끼짬뽕,restaurant,chinese_food,front,data\raw\images\VS1\A\14\A14018\44\정위\A_14_A14018_나가사끼짬뽕_44_10.jpg,True,0.35083581557840104,False,0.8214496772536978,4912.218158570852,0.6284766006519569,3024,3024,0.5672892720306514,0.7642049527421992
BLT샌드위치,cafe,brunch,side,data\raw\images\VS1\B\11\B11001\05\측면\B_11_B11001_BLT샌드위치_05_03.jpg,True,0.5608713373994257,True,0.9241885730452944,2079.0950845232956,0.258468677698938,3024,3024,0.5672892720306514,0.7640436982579736
치킨마요덮밥,restaurant,japanese_food,front,data\raw\images\VS1\B\11\B11108\06\정위\B_11_B11108_치킨마요덮밥_06_10.jpg,True,0.4538096482937524,True,0.943028807411337,137.487365360802,0.0048933050164862,3456,3456,0.8582375478927203,0.7626229354106063
불고기피자(팬),restaurant,korean_food,front,data\raw\images\VS1\B\11\B11052\24\정위\B_11_B11052_불고기피자(팬)_24_09.jpg,True,0.5277909908947769,True,0.9489543547436543,1727.0442466959505,0.21249058360496448,3024,3024,0.5672892720306514,0.7622778139486869
치즈떡볶이,restaurant,korean_food,front,data\raw\images\VS1\B\11\B11103\07\정위\B_11_B11103_치즈떡볶이_07_10.jpg,True,0.5720203246850961,True,0.9875104072056163,1271.5886334131771,0.15300775103345454,3024,3024,0.5672892720306514,0.7619480631729734
딸기샌드위치,cafe,brunch,front,data\raw\images\VS1\B\11\B11030\09\정위\B_11_B11030_딸기샌드위치_09_09.jpg,True,0.4483348171320125,True,0.982052907717546,1328.5956191258795,0.1604529046064106,3024,3024,0.5672892720306514,0.7617998440411435
황태전골,restaurant,korean_food,side,data\raw\images\VS1\A\13\A13047\34\측면\A_13_A13047_황태전골_34_08.jpg,True,0.3806098678405789,False,0.8293361744723015,3719.9294816029874,0.47276283693782983,3024,3024,0.5672892720306514,0.7614804448943606
베이컨포테이토피자,restaurant,pizza,front,data\raw\images\VS1\B\11\B11047\28\정위\B_11_B11047_베이컨포테이토피자_28_10.jpg,True,0.4471432602015968,True,0.9629309201242661,1526.8449707223504,0.18634441333857296,3024,3024,0.5672892720306514,0.761241549509592
치즈떡볶이,restaurant,korean_food,front,data\raw\images\VS1\B\11\B11103\07\정위\B_11_B11103_치즈떡볶이_07_09.jpg,True,0.5203598222533727,True,0.9699151911902416,1435.6513004987482,0.17443445403783162,3024,3024,0.5672892720306514,0.7609548389692364
치즈떡볶이,restaurant,korean_food,side,data\raw\images\VS1\B\11\B11103\07\측면\B_11_B11103_치즈떡볶이_07_04.jpg,True,0.6740471153501361,True,0.9696879390249749,1436.0435440170236,0.1744856813250675,3024,3024,0.5672892720306514,0.7608969087771036
생크림와플,dessert,cake,front,data\raw\images\VS1\C\02\C02062\24\단면\C_02_C02062_생크림와플_24_07.jpg,True,0.6453776986991097,True,0.9526183167656261,1605.644534437592,0.19663569336342063,3024,3024,0.5672892720306514,0.7602060245069695
황태전골,restaurant,korean_food,side,data\raw\images\VS1\A\13\A13047\34\측면\A_13_A13047_황태전골_34_06.jpg,True,0.36239361895858874,False,0.7985553019540017,4575.3292124252785,0.5844786605797415,3024,3024,0.5672892720306514,0.7586501300955115
모둠순대,restaurant,korean_food,side,data\raw\images\VS1\B\12\B12078\05\측면\B_12_B12078_모둠순대_05_05.jpg,True,0.38342560370850887,False,0.9694372031377156,1898.5428431255318,0.23488842436082366,3024,3024,0.5672892720306514,0.7583996398630223
바게트빵,bakery,bread,front,data\raw\images\VS1\C\02\C02046\23\단면\C_02_C02046_바게트빵_23_07.jpg,True,0.574910360092816,True,0.9857097862519706,1231.6706215662157,0.14779442980953503,2992,2992,0.5472807577692635,0.7573639355028876
치즈떡볶이,restaurant,korean_food,side,data\raw\images\VS1\B\11\B11103\07\측면\B_11_B11103_치즈떡볶이_07_07.jpg,True,0.4362062408750801,True,0.8944393598645087,2145.7025868492287,0.2671676656865997,3024,3024,0.5672892720306514,0.7568587319012702
모둠순대,restaurant,korean_food,side,data\raw\images\VS1\B\12\B12078\05\측면\B_12_B12078_모둠순대_05_03.jpg,True,0.4504871179930142,True,0.9577226908665099,1415.5927573348483,0.17181479379026784,3024,3024,0.5672892720306514,0.7567731568226042
레인보우케이크,dessert,cake,side,data\raw\images\VS1\C\02\C02033\16\측면\C_02_C02033_레인보우케이크_16_06.jpg,True,0.6136180688101417,True,0.9424373128435017,1574.9392024374968,0.19262555479195825,3024,3024,0.5672892720306514,0.7563496956160397
모둠순대,restaurant,korean_food,side,data\raw\images\VS1\B\12\B12078\05\측면\B_12_B12078_모둠순대_05_07.jpg,True,0.41390210924824117,True,0.9407889439233765,1500.6360283700017,0.18292150650779643,3024,3024,0.5672892720306514,0.75391437528317
꼬마김밥,restaurant,korean_food,side,data\raw\images\VS1\B\11\B11015\10\측면\B_11_B11015_꼬마김밥_10_01.jpg,True,0.5711239266948605,True,0.9923778406603325,894.6620820954037,0.10378087076252963,3024,3024,0.5672892720306514,0.7535629171552034
시카고피자,restaurant,pizza,front,data\raw\images\VS1\A\14\A14087\32\정위\A_14_A14087_시카고피자_32_09.jpg,True,0.4034027647463565,True,0.8796147493344688,2298.275182795829,0.287093757088305,2992,2992,0.5472807577692635,0.753395289883391
마라떡볶이,restaurant,korean_food,front,data\raw\images\VS1\B\11\B11038\29\정위\B_11_B11038_마라떡볶이_29_10.jpg,True,0.4316450903341212,True,0.9641573206497474,1190.5513340490525,0.14242422111408384,3024,3024,0.5672892720306514,0.7528254312223386
햄샌드위치,cafe,brunch,side,data\raw\images\VS1\B\11\B11127\06\측면\B_11_B11127_햄샌드위치_06_07.jpg,True,0.5567917361079832,True,0.9725893719131034,1091.490047944771,0.12948674548788922,3024,3024,0.5672892720306514,0.7527675514761064
BLT샌드위치,cafe,brunch,side,data\raw\images\VS1\B\11\B11001\05\측면\B_11_B11001_BLT샌드위치_05_08.jpg,True,0.5941868512110727,True,0.9941176470588236,823.8484814111674,0.09453256328658025,3024,3024,0.5672892720306514,0.7522351975795607
바게트빵,bakery,bread,front,data\raw\images\VS1\C\02\C02046\23\정위\C_02_C02046_바게트빵_23_09.jpg,True,0.49651935651364704,True,0.9781448579653472,1101.4573391364218,0.13078848092786138,2992,2992,0.5472807577692635,0.751693267240566
호두과자,restaurant,delivery_food,front,data\raw\images\VS1\C\02\C02144\26\단면\C_02_C02144_호두과자_26_07.jpg,True,0.6060565384305623,True,0.9928462687712516,817.3888680547911,0.09368893310935052,3024,3024,0.5672892720306514,0.7516850580578431
스팸김밥,restaurant,korean_food,front,data\raw\images\VS1\B\11\B11078\26\정위\B_11_B11078_스팸김밥_26_09.jpg,True,0.38025406415065816,False,0.9914455096649434,1492.139813352813,0.1818118946803861,3024,3024,0.5672892720306514,0.7516117287719837
레인보우케이크,dessert,cake,front,data\raw\images\VS1\C\02\C02033\16\정위\C_02_C02033_레인보우케이크_16_09.jpg,True,0.6657739358791808,True,0.983541457958593,913.6564427925966,0.10626154801011145,3024,3024,0.5672892720306514,0.7514081377941979
모둠순대,restaurant,korean_food,front,data\raw\images\VS1\B\12\B12078\05\정위\B_12_B12078_모둠순대_05_09.jpg,True,0.48638556501756,True,0.9884958110183325,840.2601038311865,0.0966759330468092,3024,3024,0.5672892720306514,0.7509773207194592
갈비치킨,restaurant,meat_grill,front,data\raw\images\VS1\B\11\B11004\18\정위\B_11_B11004_갈비치킨_18_09.jpg,True,0.46584022546003806,True,0.9974974455386928,736.6240787802174,0.08314099320480908,3024,3024,0.5672892720306514,0.7509708231071672
딸기샌드위치,cafe,brunch,front,data\raw\images\VS1\B\11\B11030\09\정위\B_11_B11030_딸기샌드위치_09_10.jpg,True,0.5264935952864537,True,0.9700334833977059,1049.6409718788773,0.1240212258800445,3024,3024,0.5672892720306514,0.7509076809999182
부대떡볶이,restaurant,korean_food,side,data\raw\images\VS1\B\11\B11048\11\측면\B_11_B11048_부대떡볶이_11_01.jpg,True,0.5247417659874408,True,0.977510260739758,953.887043650611,0.11151569358500148,3024,3024,0.5672892720306514,0.7506496077435253
고구마케이크,dessert,cake,side,data\raw\images\VS1\C\02\C02009\15\측면\C_02_C02009_고구마케이크_15_06.jpg,True,0.5266377034279779,True,0.9557141052044861,1186.9499500788627,0.14195387776233442,3024,3024,0.5672892720306514,0.7501983979184104
고구마케이크,dessert,cake,side,data\raw\images\VS1\C\02\C02009\15\측면\C_02_C02009_고구마케이크_15_04.jpg,True,0.48553958401450487,True,0.9609204607559693,1126.7722056263378,0.13409462080422935,3024,3024,0.5672892720306514,0.7501884531922343
마라떡볶이,restaurant,korean_food,front,data\raw\images\VS1\B\11\B11038\29\정위\B_11_B11038_마라떡볶이_29_09.jpg,True,0.4566976459057381,True,0.9684069986815856,1035.810547618434,0.12221496246669594,3024,3024,0.5672892720306514,0.7500584829024124
부대떡볶이,restaurant,korean_food,side,data\raw\images\VS1\B\11\B11048\11\측면\B_11_B11048_부대떡볶이_11_02.jpg,True,0.6045443786982251,True,0.9825857978112744,864.9644939095466,0.09990234426220908,3024,3024,0.5672892720306514,0.7498495990004218
BLT샌드위치,cafe,brunch,side,data\raw\images\VS1\B\11\B11001\05\측면\B_11_B11001_BLT샌드위치_05_06.jpg,True,0.5558747971876683,True,0.984639715332997,840.2452017241565,0.09667398682085089,3024,3024,0.5672892720306514,0.749820102768667
부대떡볶이,restaurant,korean_food,front,data\raw\images\VS1\B\11\B11048\07\정위\B_11_B11048_부대떡볶이_07_09.jpg,True,0.4940663726107962,True,0.9701224230027706,1004.7079137034258,0.11815293597773759,3024,3024,0.5672892720306514,0.7497607049009763
고구마케이크,dessert,cake,side,data\raw\images\VS1\C\02\C02009\15\측면\C_02_C02009_고구마케이크_15_05.jpg,True,0.49585909974708703,True,0.9441431305568213,1298.8435821017608,0.15656726704842477,3024,3024,0.5672892720306514,0.749649783381329
레인보우케이크,dessert,cake,side,data\raw\images\VS1\C\02\C02033\16\측면\C_02_C02033_레인보우케이크_16_04.jpg,True,0.5991755011246006,True,0.923529285451417,1534.2607241044682,0.1873129160948366,3024,3024,0.5672892720306514,0.74961475965899
갈비치킨,restaurant,meat_grill,side,data\raw\images\VS1\B\11\B11004\18\측면\B_11_B11004_갈비치킨_18_07.jpg,True,0.5528107956682093,True,0.9649050778425432,1051.8196909161286,0.12430576816239577,3024,3024,0.5672892720306514,0.7494260677898398
모둠순대,restaurant,korean_food,front,data\raw\images\VS1\B\12\B12078\05\정위\B_12_B12078_모둠순대_05_10.jpg,True,0.4325605028206418,True,0.9727148703956341,956.5919120972313,0.11186895136083305,3024,3024,0.5672892720306514,0.7492816421954545
햄샌드위치,cafe,brunch,side,data\raw\images\VS1\B\11\B11127\06\측면\B_11_B11127_햄샌드위치_06_08.jpg,True,0.5693185632762672,True,0.9934348414851937,717.6207890517373,0.08065914981928192,3024,3024,0.5672892720306514,0.7492556732140121
크리스피치킨(뼈),restaurant,chicken,front,data\raw\images\VS1\B\11\B11115\21\정위\B_11_B11115_크리스피치킨(뼈)_21_10.jpg,True,0.4201732624526614,True,0.9882401162853104,772.3013928969707,0.08780047623744092,3024,3024,0.5672892720306514,0.7491255209376788
불고기피자(팬),restaurant,korean_food,side,data\raw\images\VS1\B\11\B11052\24\측면\B_11_B11052_불고기피자(팬)_24_03.jpg,True,0.6546850457865527,True,0.8900073201064916,1897.7743498243346,0.23478805857975893,3024,3024,0.5672892720306514,0.7490531985524969
단호박피자,restaurant,pizza,front,data\raw\images\VS1\B\12\B12043\29\정위\B_12_B12043_단호박피자_29_10.jpg,True,0.5335130211386558,True,0.9933814393929109,702.9720727036403,0.07874601686733296,3024,3024,0.5672892720306514,0.7488570259959375
김치알컵밥,restaurant,delivery_food,side,data\raw\images\VS1\B\11\B11010\25\측면\B_11_B11010_김치알컵밥_25_06.jpg,True,0.44264478278083713,True,0.9910366279473685,711.4873077912891,0.07985811272970449,3024,3024,0.5672892720306514,0.748376001734749
플레인크로플,dessert,cake,front,data\raw\images\VS1\C\02\C02139\11\단면\C_02_C02139_플레인크로플_11_07.jpg,True,0.5293905071951222,True,0.9909528733383244,826.9335914664135,0.09493548089156528,2992,2992,0.5472807577692635,0.7483650718451998
경주빵,bakery,bread,side,data\raw\images\VS1\C\02\C02005\19\측면\C_02_C02005_경주빵_19_02.jpg,True,0.5930578512396701,True,0.9980834680847467,629.374348394988,0.06913410083199865,3024,3024,0.5672892720306514,0.7483452513964214
오돌뼈볶음,restaurant,korean_food,front,data\raw\images\VS1\B\12\B12121\02\정위\B_12_B12121_오돌뼈볶음_02_09.jpg,True,0.39241431950860695,False,0.9970499014307934,1004.1860694850257,0.11808478274531221,2992,2992,0.5472807577692635,0.748186570213721
피자호빵,bakery,bread,side,data\raw\images\VS1\C\02\C02052\10\측면\C_02_C02052_피자호빵_10_04.jpg,True,0.6181254408707417,True,0.9986357435197818,610.8610602536447,0.06671625200821887,3024,3024,0.5672892720306514,0.748027364262176
우럭초밥,restaurant,japanese_food,front,data\raw\images\VS1\B\12\B12125\22\정위\B_12_B12125_우럭초밥_22_10.jpg,True,0.45380411530063586,True,0.9788138651555175,834.5584979742969,0.09593129919735538,3024,3024,0.5672892720306514,0.747923810190724
딸기샌드위치,cafe,brunch,side,data\raw\images\VS1\B\11\B11030\09\측면\B_11_B11030_딸기샌드위치_09_05.jpg,True,0.4797046653689769,True,0.9703097755646528,927.7848387611836,0.10810672674409641,3024,3024,0.5672892720306514,0.7478076688228128
크림치즈호두빵,bakery,bread,side,data\raw\images\VS1\C\02\C02132\18\측면\C_02_C02132_크림치즈호두빵_18_05.jpg,True,0.6833507077458144,True,0.9276246082995672,1415.0460352636599,0.17174339149227164,3024,3024,0.5672892720306514,0.747729451592922
레인보우케이크,dessert,cake,side,data\raw\images\VS1\C\02\C02033\16\측면\C_02_C02033_레인보우케이크_16_05.jpg,True,0.5750925059143126,True,0.910202281222323,1602.2245849755764,0.19618904548968852,3024,3024,0.5672892720306514,0.7473918842692322
크림치즈호두빵,bakery,bread,front,data\raw\images\VS1\C\02\C02132\18\단면\C_02_C02132_크림치즈호두빵_18_07.jpg,True,0.5238611570247937,True,0.9251619440463847,1427.7674079677806,0.17340481197007612,3024,3024,0.5672892720306514,0.7473229364125282
마요치킨(뼈),restaurant,chicken,front,data\raw\images\VS1\B\11\B11039\09\정위\B_11_B11039_마요치킨(뼈)_09_09.jpg,True,0.4317364567402899,True,0.9892018742392505,690.5246249467012,0.07712037118578784,3024,3024,0.5672892720306514,0.7472780273135303
마라떡볶이,restaurant,korean_food,side,data\raw\images\VS1\B\11\B11038\29\측면\B_11_B11038_마라떡볶이_29_07.jpg,True,0.4794544693414416,True,0.9881484717584446,701.1806094343149,0.07851205046841378,3024,3024,0.5672892720306514,0.7472403424258137
명란바게트,bakery,bread,front,data\raw\images\VS1\C\02\C02041\20\단면\C_02_C02041_명란바게트_20_07.jpg,True,0.5196354510321425,True,0.9929236020693625,632.8848919261784,0.06959258035670075,3024,3024,0.5672892720306514,0.7468889874967466
경주빵,bakery,bread,front,data\raw\images\VS1\C\02\C02005\19\단면\C_02_C02005_경주빵_19_07.jpg,True,0.5829818181818183,True,0.9575757575757576,1038.2246875561016,0.12253025088894517,3024,3024,0.5672892720306514,0.7468721682551139
카이센동,restaurant,delivery_food,side,data\raw\images\VS1\A\14\A14125\18\측면\A_14_A14125_카이센동_18_01.jpg,True,0.4549943092854028,True,0.8789972396609692,256.1900926126842,0.020395967065184196,3456,3456,0.8582375478927203,0.7465139974952356
치킨마요덮밥,restaurant,japanese_food,side,data\raw\images\VS1\B\11\B11108\28\측면\B_11_B11108_치킨마요덮밥_28_05.jpg,True,0.4554691933121315,True,0.9912376779846659,635.4177901738352,0.06992337870014438,3024,3024,0.5672892720306514,0.7464493699400263
갈비치킨,restaurant,meat_grill,side,data\raw\images\VS1\B\11\B11004\18\측면\B_11_B11004_갈비치킨_18_06.jpg,True,0.6016849302524359,True,0.9614049741512194,977.7041111077756,0.11462621982418367,3024,3024,0.5672892720306514,0.7464401270148001
햄에그샌드위치,cafe,brunch,side,data\raw\images\VS1\B\11\B11128\11\측면\B_11_B11128_햄에그샌드위치_11_05.jpg,True,0.4284716701818306,True,0.9673284041665736,903.0963589653777,0.10488239342310762,3024,3024,0.5672892720306514,0.7462683907391913
양념닭가슴살,restaurant,delivery_food,front,data\raw\images\VS1\C\06\C06011\28\정위\C_06_C06011_양념닭가슴살_28_09.jpg,True,0.41045804353279025,True,0.9857255772288966,690.1472910538253,0.07707109110641475,3024,3024,0.5672892720306514,0.7462252821945495
갈비치킨,restaurant,meat_grill,side,data\raw\images\VS1\B\11\B11004\18\측면\B_11_B11004_갈비치킨_18_05.jpg,True,0.5396180695118478,True,0.9836990039401634,710.7498001420888,0.0797617936972056,3024,3024,0.5672892720306514,0.7461554507260878
시나몬크로플,dessert,cake,front,data\raw\images\VS1\C\02\C02073\28\단면\C_02_C02073_시나몬크로플_28_07.jpg,True,0.5063284088616775,True,0.9827716897567103,713.2194097332592,0.08008432649632904,3024,3024,0.5672892720306514,0.7459417630308764
불고기파니니,restaurant,korean_food,side,data\raw\images\VS1\C\02\C02054\05\측면\C_02_C02054_불고기파니니_05_01.jpg,True,0.38763254844610673,False,0.9233626831421127,122.95611852151869,0.002995513667365805,3456,3456,0.8582375478927203,0.7455220197503585
갈비치킨,restaurant,meat_grill,side,data\raw\images\VS1\B\11\B11004\18\측면\B_11_B11004_갈비치킨_18_08.jpg,True,0.5490880025141532,True,0.9658079782284009,891.7175646795458,0.10339631465795347,3024,3024,0.5672892720306514,0.7455150472047086
루꼴라피자,restaurant,pizza,front,data\raw\images\VS1\A\14\A14037\20\정위\A_14_A14037_루꼴라피자_20_09.jpg,True,0.39474797767489,False,0.8414571808598396,2494.094713811652,0.3126679294949015,3024,3024,0.5672892720306514,0.7454686114270586
햄샌드위치,cafe,brunch,side,data\raw\images\VS1\B\11\B11127\06\측면\B_11_B11127_햄샌드위치_06_06.jpg,True,0.5605068824302097,True,0.9769253488101911,759.7166734956617,0.08615690277983871,3024,3024,0.5672892720306514,0.7454023760036227
호두과자,restaurant,delivery_food,side,data\raw\images\VS1\C\02\C02144\26\측면\C_02_C02144_호두과자_26_05.jpg,True,0.4521513966784402,True,0.9781873113335252,735.3661315062593,0.08297670438083059,3024,3024,0.5672892720306514,0.7451449250808213
경주빵,bakery,bread,front,data\raw\images\VS1\C\02\C02005\11\단면\C_02_C02005_경주빵_11_08.jpg,True,0.4857400547263938,True,0.9796057437927849,718.726402875386,0.08080354378445194,3024,3024,0.5672892720306514,0.7451358226993234
BLT샌드위치,cafe,brunch,side,data\raw\images\VS1\B\11\B11001\05\측면\B_11_B11001_BLT샌드위치_05_04.jpg,True,0.5560939117699044,True,0.942088288584844,1148.186088764668,0.13689128943290724,3024,3024,0.5672892720306514,0.7450981352666323
치즈떡볶이,restaurant,korean_food,side,data\raw\images\VS1\B\11\B11103\07\측면\B_11_B11103_치즈떡볶이_07_03.jpg,True,0.5037123501473779,True,0.9576574331214068,967.9050693724768,0.11334645788492279,3024,3024,0.5672892720306514,0.7450599123180043
소고기타다끼초밥,restaurant,japanese_food,front,data\raw\images\VS1\B\12\B12108\32\정위\B_12_B12108_소고기타다끼초밥_32_09.jpg,True,0.5986989723327534,True,0.9748007302600906,770.4214401509871,0.08755495304885687,3024,3024,0.5672892720306514,0.7450446004923962
누드김밥,restaurant,korean_food,front,data\raw\images\VS1\B\11\B11018\20\정위\B_11_B11018_누드김밥_20_09.jpg,True,0.5785268890174443,True,0.9941037735849058,194.91621661169984,0.012393554533908297,3120,3120,0.6285919540229885,0.7449986360857016
갈비치킨,restaurant,meat_grill,front,data\raw\images\VS1\B\11\B11004\17\정위\B_11_B11004_갈비치킨_17_10.jpg,True,0.5376966742756034,True,0.98378945257228,657.6360604762772,0.07282510087434926,3024,3024,0.5672892720306514,0.7447952467511515
갈비치킨,restaurant,meat_grill,front,data\raw\images\VS1\B\11\B11004\18\정위\B_11_B11004_갈비치킨_18_10.jpg,True,0.47120556463147567,True,0.9772189944179961,728.8996099670607,0.08213217198992688,3024,3024,0.5672892720306514,0.7446855235279819
스팸김밥,restaurant,korean_food,side,data\raw\images\VS1\B\11\B11078\22\측면\B_11_B11078_스팸김밥_22_08.jpg,True,0.47862234768301937,True,0.9935290838530129,179.2710479250972,0.010350284185716471,3120,3120,0.6285919540229885,0.7444175750964954
누드김밥,restaurant,korean_food,front,data\raw\images\VS1\B\11\B11018\20\정위\B_11_B11018_누드김밥_20_10.jpg,True,0.6251180941532054,True,0.9865765848463197,259.0403129318314,0.020768207900715378,3120,3120,0.6285919540229885,0.7444154101374872
황태전골,restaurant,korean_food,side,data\raw\images\VS1\A\13\A13047\34\측면\A_13_A13047_황태전골_34_03.jpg,True,0.35777776741281747,False,0.802554528649978,4138.570193380428,0.5274376167408282,3024,3024,0.5672892720306514,0.744402819233972
마요치킨(뼈),restaurant,chicken,front,data\raw\images\VS1\B\11\B11039\09\정위\B_11_B11039_마요치킨(뼈)_09_10.jpg,True,0.469077936149845,True,0.9806703900500267,676.3595684165033,0.07527040455593621,3024,3024,0.5672892720306514,0.7443485887307928
녹차롤케잌,cafe,tea,side,data\raw\images\VS1\C\02\C02018\04\측면\C_02_C02018_녹차롤케잌_04_02.jpg,True,0.44086888062104373,True,0.9652181479291079,968.1425053470019,0.11337746719495705,2992,2992,0.5472807577692635,0.7443330514831132
호두과자,restaurant,delivery_food,side,data\raw\images\VS1\C\02\C02144\26\측면\C_02_C02144_호두과자_26_06.jpg,True,0.5262371801254606,True,0.9953530770130127,506.5718188530817,0.05309600163842482,3024,3024,0.5672892720306514,0.7443185142361863
경주빵,bakery,bread,front,data\raw\images\VS1\C\02\C02005\19\정위\C_02_C02005_경주빵_19_10.jpg,True,0.5568893413736397,True,0.9919863848335063,544.3572776590678,0.05803080989250319,3024,3024,0.5672892720306514,0.7442954682331502
오돌뼈볶음,restaurant,korean_food,front,data\raw\images\VS1\B\12\B12121\02\정위\B_12_B12121_오돌뼈볶음_02_10.jpg,True,0.40312917106856666,True,0.9868215685423888,718.1984325558501,0.08073459047878659,2992,2992,0.5472807577692635,0.7442855023238634
단호박피자,restaurant,pizza,front,data\raw\images\VS1\B\12\B12043\29\정위\B_12_B12043_단호박피자_29_09.jpg,True,0.5365152871829468,True,0.9651869386346046,850.568375023233,0.09802220072149814,3024,3024,0.5672892720306514,0.7442539125392786
햄샌드위치,cafe,brunch,side,data\raw\images\VS1\B\11\B11127\06\측면\B_11_B11127_햄샌드위치_06_04.jpg,True,0.5827589993467204,True,0.95272108198864,991.5315659417081,0.11643209542828183,3024,3024,0.5672892720306514,0.744196134486846
물회,pub,seafood_side,front,data\raw\images\VS1\A\13\A13016\20\정위\A_13_A13016_물회_20_09.jpg,True,0.41429708702258233,True,0.8508387437359184,2275.6643439794584,0.2841407651821968,2992,2992,0.5472807577692635,0.7441718898226043
경주빵,bakery,bread,front,data\raw\images\VS1\C\02\C02005\11\단면\C_02_C02005_경주빵_11_07.jpg,True,0.4077406909326044,True,0.9681611350410765,813.1802751378947,0.09313928782990598,3024,3024,0.5672892720306514,0.7441695888829017
꼬마김밥,restaurant,korean_food,side,data\raw\images\VS1\B\11\B11015\10\측면\B_11_B11015_꼬마김밥_10_05.jpg,True,0.5798066837596874,True,0.9532686229466185,983.8045469643025,0.11542294116010392,3024,3024,0.5672892720306514,0.7441585659206039
스팸김밥,restaurant,korean_food,side,data\raw\images\VS1\B\11\B11078\22\측면\B_11_B11078_스팸김밥_22_01.jpg,True,0.47603305785123967,True,0.9922386372879601,183.71454864505623,0.010930608594173384,3120,3120,0.6285919540229885,0.7441465060086709
버팔로윙,restaurant,western_food,front,data\raw\images\VS1\B\12\B12090\26\정위\B_12_B12090_버팔로윙_26_09.jpg,True,0.4710339431588658,True,0.9684946561367886,805.2653263895362,0.09210558979769315,3024,3024,0.5672892720306514,0.7440629056051729
BLT샌드위치,cafe,brunch,side,data\raw\images\VS1\B\11\B11001\05\측면\B_11_B11001_BLT샌드위치_05_05.jpg,True,0.5389619505401944,True,0.9771323944720157,695.9645550359905,0.07783082999069671,3024,3024,0.5672892720306514,0.7437992751443416
맘모스빵,bakery,bread,front,data\raw\images\VS1\C\02\C02038\17\정위\C_02_C02038_맘모스빵_17_10.jpg,True,0.48532145968815227,True,0.9838432371477173,617.1145501553875,0.06753296231316369,3024,3024,0.5672892720306514,0.7437529544115455
BLT샌드위치,cafe,brunch,side,data\raw\images\VS1\B\11\B11001\05\측면\B_11_B11001_BLT샌드위치_05_02.jpg,True,0.556705981324762,True,0.9897453639983814,544.1492533199986,0.05800364176333586,3024,3024,0.5672892720306514,0.7436177283567792
갈비치킨,restaurant,meat_grill,side,data\raw\images\VS1\B\11\B11004\18\측면\B_11_B11004_갈비치킨_18_03.jpg,True,0.5126888678611767,True,0.9745616255619424,718.1143561570177,0.08072361004027818,3024,3024,0.5672892720306514,0.743606600481236
햄샌드위치,cafe,brunch,side,data\raw\images\VS1\B\11\B11127\06\측면\B_11_B11127_햄샌드위치_06_02.jpg,True,0.5978473287754226,True,0.9287093084068739,1244.1529302598651,0.14942462835463294,3024,3024,0.5672892720306514,0.7435911089975864
햄샌드위치,cafe,brunch,side,data\raw\images\VS1\B\11\B11127\06\측면\B_11_B11127_햄샌드위치_06_03.jpg,True,0.5898209263284309,True,0.9330980157625831,1193.0275559058439,0.14274761747988074,3024,3024,0.5672892720306514,0.7435723190293487
단호박샐러드,cafe,brunch,side,data\raw\images\VS1\B\12\B12042\09\측면\B_12_B12042_단호박샐러드_09_06.jpg,True,0.41045672283878093,True,0.991914116615425,516.8616267836798,0.05443985799781225,3024,3024,0.5672892720306514,0.7435555973887875
베이컨치즈버거,restaurant,western_food,side,data\raw\images\VS1\B\11\B11045\29\측면\B_11_B11045_베이컨치즈버거_29_01.jpg,True,0.5019668437765797,True,0.9992255128355022,545.0316997197812,0.058118889901509554,2992,2992,0.5472807577692635,0.743483545496342
누드김밥,restaurant,korean_food,side,data\raw\images\VS1\B\11\B11018\20\측면\B_11_B11018_누드김밥_20_08.jpg,True,0.4887231406723911,True,0.9896657592804956,187.77978293376518,0.011461531133070945,3120,3120,0.6285919540229885,0.743480827114211
스팸김밥,restaurant,korean_food,front,data\raw\images\VS1\B\11\B11078\22\정위\B_11_B11078_스팸김밥_22_10.jpg,True,0.6470970009681262,True,0.9854487072775614,234.6822897802552,0.017587032456515463,3120,3120,0.6285919540229885,0.7434408117780197
시나몬롤,bakery,bread,side,data\raw\images\VS1\C\02\C02072\09\측면\C_02_C02072_시나몬롤_09_01.jpg,True,0.48095350536908976,True,0.9950641756489215,590.4448973173944,0.06404988635968384,2992,2992,0.5472807577692635,0.7434213436320026
햄에그샌드위치,cafe,brunch,side,data\raw\images\VS1\B\11\B11128\11\측면\B_11_B11128_햄에그샌드위치_11_07.jpg,True,0.44285735097022316,True,0.9574498088902608,907.3504604169303,0.10543798215009915,3024,3024,0.5672892720306514,0.7434159299016957
물밀면,restaurant,korean_food,front,data\raw\images\VS1\B\12\B12084\04\정위\B_12_B12084_물밀면_04_10.jpg,True,0.4686126763351325,True,0.9690495703155647,770.9476256489824,0.08762367325553785,3024,3024,0.5672892720306514,0.7433329965503747
양송이수프,restaurant,western_food,front,data\raw\images\VS1\C\04\C04003\02\정위\C_04_C04003_양송이수프_02_10.jpg,True,0.4777021458441437,True,0.9882539825273648,664.791965357653,0.0737596672284415,2992,2992,0.5472807577692635,0.7433202418692871
경주빵,bakery,bread,front,data\raw\images\VS1\C\02\C02005\19\단면\C_02_C02005_경주빵_19_08.jpg,True,0.554111830365892,True,0.9486770784232459,1002.0144827911513,0.11780117195216551,3024,3024,0.5672892720306514,0.7432567487220045
BLT샌드위치,cafe,brunch,side,data\raw\images\VS1\B\11\B11001\05\측면\B_11_B11001_BLT샌드위치_05_07.jpg,True,0.602297405241051,True,0.9685361071729716,772.8044303966345,0.08786617329879455,3024,3024,0.5672892720306514,0.743227457616248
고구마케이크,dessert,cake,front,data\raw\images\VS1\C\02\C02009\15\정위\C_02_C02009_고구마케이크_15_09.jpg,True,0.6114159873550347,True,0.9531590673766955,947.769824334021,0.11071678031705584,3024,3024,0.5672892720306514,0.7431844670810175
경주빵,bakery,bread,side,data\raw\images\VS1\C\02\C02005\19\측면\C_02_C02005_경주빵_19_04.jpg,True,0.5319375066425763,True,0.9805564347581789,632.9889767622476,0.06960617391158641,3024,3024,0.5672892720306514,0.7431815560143686
녹차롤케잌,cafe,tea,front,data\raw\images\VS1\C\02\C02018\04\정위\C_02_C02018_녹차롤케잌_04_10.jpg,True,0.47881322303958923,True,0.9585893266266446,1000.1717601856002,0.11756051104685424,2992,2992,0.5472807577692635,0.7431810138627537
딸기샌드위치,cafe,brunch,side,data\raw\images\VS1\B\11\B11030\09\측면\B_11_B11030_딸기샌드위치_09_08.jpg,True,0.44824646770043625,True,0.9665164436282753,789.9916861028147,0.0901108413272896,3024,3024,0.5672892720306514,0.7430704921585382
플레인크로플,dessert,cake,front,data\raw\images\VS1\C\02\C02139\11\단면\C_02_C02139_플레인크로플_11_08.jpg,True,0.5268330651313776,True,0.9838446605352811,701.2669179810275,0.0785233224270501,2992,2992,0.5472807577692635,0.7429501763113838
맘모스빵,bakery,bread,side,data\raw\images\VS1\C\02\C02038\17\측면\C_02_C02038_맘모스빵_17_05.jpg,True,0.39838877182555504,False,0.9790306720165035,695.0097185612635,0.07770612765636825,3024,3024,0.5672892720306514,0.7429339932881831
치즈크로플,dessert,cake,side,data\raw\images\VS1\C\02\C02120\21\측면\C_02_C02120_치즈크로플_21_01.jpg,True,0.4982366343122875,True,0.9945708082915781,109.5834821853031,0.0012490376880853712,3120,3120,0.6285919540229885,0.7429098431285388
경주빵,bakery,bread,side,data\raw\images\VS1\C\02\C02005\19\측면\C_02_C02005_경주빵_19_03.jpg,True,0.5856959662304646,True,0.9904990530169274,508.2450021518517,0.053314520587625674,3024,3024,0.5672892720306514,0.742906010827201
빈대떡,restaurant,delivery_food,front,data\raw\images\VS1\B\12\B12097\09\정위\B_12_B12097_빈대떡_09_09.jpg,True,0.4746495833713325,True,0.9799264134112384,627.6912022634805,0.06891428072963515,3024,3024,0.5672892720306514,0.7428541709738962
치즈크로플,dessert,cake,front,data\raw\images\VS1\C\02\C02120\21\정위\C_02_C02120_치즈크로플_21_10.jpg,True,0.4533116559903046,True,0.9944833849239315,106.44260220750307,0.0008388364908708079,3120,3120,0.6285919540229885,0.7428015758788019
고구마케이크,dessert,cake,side,data\raw\images\VS1\C\02\C02009\15\측면\C_02_C02009_고구마케이크_15_03.jpg,True,0.501006153921006,True,0.9362123628004448,1124.6052886889076,0.13381161988465234,3024,3024,0.5672892720306514,0.7427194236216615
버터크림빵,bakery,bread,side,data\raw\images\VS1\C\02\C02053\23\측면\C_02_C02053_버터크림빵_23_02.jpg,True,0.5047783077241204,True,0.9853101778674589,558.8822509408951,0.059927781910481544,3024,3024,0.5672892720306514,0.7426720005469316
딸기크로와상,bakery,pastry,front,data\raw\images\VS1\C\02\C02029\28\단면\C_02_C02029_딸기크로와상_28_07.jpg,True,0.4805976565422274,True,0.9914299102162507,603.4049538719222,0.06574247912101547,2992,2992,0.5472807577692635,0.7426695825544678
치즈라볶이,restaurant,delivery_food,front,data\raw\images\VS1\B\11\B11104\20\정위\B_11_B11104_치즈라볶이_20_09.jpg,True,0.5984674914245408,True,0.9707081711410861,721.284346438698,0.08113761306423792,3024,3024,0.5672892720306514,0.742533364759771
쑥떡,restaurant,delivery_food,front,data\raw\images\VS1\C\01\C01012\24\단면\C_01_C01012_쑥떡_24_08.jpg,True,0.6273200748054468,True,0.9952436763597327,439.1131335692187,0.04428584854071137,3024,3024,0.5672892720306514,0.7425236634206598
순살양념파닭,restaurant,chicken,side,data\raw\images\VS1\B\11\B11072\29\측면\B_11_B11072_순살양념파닭_29_07.jpg,True,0.5747424973102063,True,0.9770948099862179,645.9592079080649,0.07130009548190074,3024,3024,0.5672892720306514,0.7424818528968432
훈제양념치킨,restaurant,chicken,front,data\raw\images\VS1\B\11\B11131\02\정위\B_11_B11131_훈제양념치킨_02_09.jpg,True,0.6149555591304863,True,0.9792525162294592,619.8927385035548,0.06789579572117693,3024,3024,0.5672892720306514,0.7424483048176707
후레쉬빵,bakery,bread,side,data\raw\images\VS1\C\02\C02148\10\측면\C_02_C02148_후레쉬빵_10_01.jpg,True,0.48833242005355615,True,0.9943158618875674,444.85765442468175,0.04503608712002362,3024,3024,0.5672892720306514,0.7423953667948725
김치알컵밥,restaurant,delivery_food,side,data\raw\images\VS1\B\11\B11010\25\측면\B_11_B11010_김치알컵밥_25_08.jpg,True,0.4098166650717723,True,0.9641475731139505,791.2330370515939,0.09027296265919395,3024,3024,0.5672892720306514,0.7423922552706216
닭계장,restaurant,korean_food,front,data\raw\images\VS1\B\12\B12048\23\정위\B_12_B12048_닭계장_23_10.jpg,True,0.5811074407563296,True,0.9896058348597109,498.0653154365996,0.051985046138624154,3024,3024,0.5672892720306514,0.7423721504902356
김치알컵밥,restaurant,delivery_food,side,data\raw\images\VS1\B\11\B11010\25\측면\B_11_B11010_김치알컵밥_25_01.jpg,True,0.4790059156378601,True,0.970491785222264,713.8979316115672,0.08017294194447908,3024,3024,0.5672892720306514,0.7422755147601726
모둠순대,restaurant,korean_food,side,data\raw\images\VS1\B\12\B12078\05\측면\B_12_B12078_모둠순대_05_08.jpg,True,0.5942231377453142,True,0.9198458088699557,1293.7370773353384,0.15590035383188233,3024,3024,0.5672892720306514,0.7422272042319609
햄에그샌드위치,cafe,brunch,side,data\raw\images\VS1\B\11\B11128\11\측면\B_11_B11128_햄에그샌드위치_11_01.jpg,True,0.4148939663877966,True,0.9518722721139231,925.6643732085681,0.10782979240897916,3024,3024,0.5672892720306514,0.7422210309205705
경주빵,bakery,bread,side,data\raw\images\VS1\C\02\C02005\11\측면\C_02_C02005_경주빵_11_03.jpg,True,0.41050774048961375,True,0.9894122840030064,494.1193025169094,0.05146969399676523,3024,3024,0.5672892720306514,0.7422110148048526
치킨마요덮밥,restaurant,japanese_food,side,data\raw\images\VS1\B\11\B11108\28\측면\B_11_B11108_치킨마요덮밥_28_03.jpg,True,0.4351985258568881,True,0.9582494664785417,846.0964547612679,0.09743816470029652,3024,3024,0.5672892720306514,0.7420558636882194
두부샐러드,cafe,brunch,side,data\raw\images\VS1\B\12\B12059\26\측면\B_12_B12059_두부샐러드_26_07.jpg,True,0.49837415201533575,True,0.9902642559109874,125.61835161349947,0.0033432032350390194,3120,3120,0.6285919540229885,0.7420367105237523
게살고로케,pub,fried_side,front,data\raw\images\VS1\C\02\C02004\04\단면\C_02_C02004_게살고로케_04_07.jpg,True,0.45616394596912435,True,0.9702600853071713,703.7954536032453,0.07885355100845545,3024,3024,0.5672892720306514,0.74194212659844
시나몬크로플,dessert,cake,front,data\raw\images\VS1\C\02\C02073\04\단면\C_02_C02073_시나몬크로플_04_07.jpg,True,0.41084501921168187,True,0.982266914578394,565.6564047128052,0.06081249129351864,3024,3024,0.5672892720306514,0.7419359634368196
스팸김밥,restaurant,korean_food,side,data\raw\images\VS1\B\11\B11078\26\측면\B_11_B11078_스팸김밥_26_04.jpg,True,0.3842305497180176,False,0.9940469573471099,957.6415063115473,0.11200602912449963,3024,3024,0.5672892720306514,0.7419104148368958
후레쉬빵,bakery,bread,front,data\raw\images\VS1\C\02\C02148\26\정위\C_02_C02148_후레쉬빵_26_09.jpg,True,0.5307434385478099,True,0.9725859165935872,671.354082031659,0.07461668441310462,3024,3024,0.5672892720306514,0.7417925026652947
베이컨포테이토피자,restaurant,pizza,side,data\raw\images\VS1\B\11\B11047\28\측면\B_11_B11047_베이컨포테이토피자_28_08.jpg,True,0.504854681069959,True,0.9518596427243395,902.4291666012161,0.1047952576177009,3024,3024,0.5672892720306514,0.7416103351454396
치즈라볶이,restaurant,delivery_food,side,data\raw\images\VS1\B\11\B11104\20\측면\B_11_B11104_치즈라볶이_20_06.jpg,True,0.6090514408027224,True,0.9826783063806724,547.6005885403428,0.05845438863981014,3024,3024,0.5672892720306514,0.7415877604467614
후레쉬빵,bakery,bread,side,data\raw\images\VS1\C\02\C02148\10\측면\C_02_C02148_후레쉬빵_10_02.jpg,True,0.49111449205828134,True,0.9960272893716478,393.355634893597,0.03830988611268164,3024,3024,0.5672892720306514,0.7415635548386283
치즈라볶이,restaurant,delivery_food,front,data\raw\images\VS1\B\11\B11104\20\정위\B_11_B11104_치즈라볶이_20_10.jpg,True,0.5822200952475068,True,0.9503398454459507,916.2425741331375,0.10659929863399457,3024,3024,0.5672892720306514,0.7415152041651818
불고기피자(팬),restaurant,korean_food,side,data\raw\images\VS1\B\11\B11052\24\측면\B_11_B11052_불고기피자(팬)_24_05.jpg,True,0.6765161230119299,True,0.8855008071423758,1656.902888151671,0.2033300714387937,3024,3024,0.5672892720306514,0.7414096472350691
치즈떡볶이,restaurant,korean_food,side,data\raw\images\VS1\B\11\B11103\07\측면\B_11_B11103_치즈떡볶이_07_01.jpg,True,0.3864996305526449,False,0.8685774125097703,2303.3758604135005,0.28775990927500517,3024,3024,0.5672892720306514,0.741405773146094
닭계장,restaurant,korean_food,side,data\raw\images\VS1\B\12\B12048\23\측면\B_12_B12048_닭계장_23_03.jpg,True,0.5300259738516473,True,0.9954202928679631,392.47876303197927,0.038195366013224895,3024,3024,0.5672892720306514,0.7413585518676316
훈제닭가슴살,restaurant,delivery_food,front,data\raw\images\VS1\C\06\C06016\29\정위\C_06_C06016_훈제닭가슴살_29_09.jpg,True,0.40526882773961553,True,0.9646040696377479,742.5473647289191,0.08391457863461704,3024,3024,0.5672892720306514,0.7412575274228453
스팸김밥,restaurant,korean_food,side,data\raw\images\VS1\B\11\B11078\22\측면\B_11_B11078_스팸김밥_22_06.jpg,True,0.49429533069235254,True,0.9782326369518525,232.434298566591,0.017293443177813145,3120,3120,0.6285919540229885,0.7412172728245666
루꼴라피자,restaurant,pizza,front,data\raw\images\VS1\A\14\A14037\20\정위\A_14_A14037_루꼴라피자_20_10.jpg,True,0.3567386583477464,False,0.8227713881322197,3817.7237863215696,0.4855348438785173,3024,3024,0.5672892720306514,0.7411781020742451
크림수프,restaurant,western_food,front,data\raw\images\VS1\C\04\C04005\06\정위\C_04_C04005_크림수프_06_10.jpg,True,0.4053039526012499,True,0.9914401244361927,430.9959161296652,0.04322573407110722,3024,3024,0.5672892720306514,0.7411705749496769
인절미크로플,dessert,cake,front,data\raw\images\VS1\C\02\C02095\19\단면\C_02_C02095_인절미크로플_19_07.jpg,True,0.4096295726838045,True,0.9464120029722832,946.2257865838765,0.11051512786992941,3024,3024,0.5672892720306514,0.7411200172702684
소고기타다끼초밥,restaurant,japanese_food,side,data\raw\images\VS1\B\12\B12108\32\측면\B_12_B12108_소고기타다끼초밥_32_01.jpg,True,0.5116056160071456,True,0.9768715115053592,591.7675579275218,0.06422262679217972,3024,3024,0.5672892720306514,0.7409993696146413
순살양념파닭,restaurant,chicken,side,data\raw\images\VS1\B\11\B11072\29\측면\B_11_B11072_순살양념파닭_29_08.jpg,True,0.6029146957240492,True,0.972021818675915,646.1662001197858,0.07132712881448974,3024,3024,0.5672892720306514,0.74096536217027
연어샐러드,cafe,brunch,side,data\raw\images\VS1\B\12\B12119\03\측면\B_12_B12119_연어샐러드_03_05.jpg,True,0.44244868643817953,True,0.9972287450018332,354.0647440568318,0.03317846734635336,3024,3024,0.5672892720306514,0.7408977077744182
크림치즈호두빵,bakery,bread,side,data\raw\images\VS1\C\02\C02132\18\측면\C_02_C02132_크림치즈호두빵_18_02.jpg,True,0.5373008950462599,True,0.9363852155768349,1050.9506744616504,0.12419227398479406,3024,3024,0.5672892720306514,0.7408474102746069
순살양념파닭,restaurant,chicken,side,data\raw\images\VS1\B\11\B11072\29\측면\B_11_B11072_순살양념파닭_29_06.jpg,True,0.5228232313754924,True,0.96141451191517,763.1737740460034,0.08660840261258132,3024,3024,0.5672892720306514,0.7408394249016649
치킨마요덮밥,restaurant,japanese_food,side,data\raw\images\VS1\B\11\B11108\28\측면\B_11_B11108_치킨마요덮밥_28_06.jpg,True,0.4757474852584113,True,0.976246535446909,591.3653185023114,0.06417009403226707,3024,3024,0.5672892720306514,0.7408013702451237
케이준샐러드,cafe,brunch,side,data\raw\images\VS1\B\12\B12152\21\측면\B_12_B12152_케이준샐러드_21_06.jpg,True,0.46044775652848036,True,0.9911598667452316,414.67063661515266,0.0410936407567979,3024,3024,0.5672892720306514,0.7406600789795267
베이컨포테이토피자,restaurant,pizza,side,data\raw\images\VS1\B\11\B11047\28\측면\B_11_B11047_베이컨포테이토피자_28_02.jpg,True,0.5722422065038147,True,0.9675310041290339,680.7128711416807,0.07583894904102538,3024,3024,0.5672892720306514,0.7405204818515129
베이컨치즈버거,restaurant,western_food,front,data\raw\images\VS1\B\11\B11045\29\정위\B_11_B11045_베이컨치즈버거_29_09.jpg,True,0.5956642051548227,True,0.9806921243090884,644.0193540549006,0.0710467491653864,2992,2992,0.5472807577692635,0.7405091007911933
초코크로플,dessert,cake,front,data\raw\images\VS1\C\02\C02115\18\단면\C_02_C02115_초코크로플_18_07.jpg,True,0.5648029153127698,True,0.98694203058703,452.50655408643905,0.04603503894906631,3024,3024,0.5672892720306514,0.7403830077705199
아이스크림와플,dessert,ice_cream,side,data\raw\images\VS1\C\02\C02075\09\측면\C_02_C02075_아이스크림와플_09_02.jpg,True,0.48061814316205637,True,0.970859152138103,637.0802495552343,0.07014049709797891,3024,3024,0.5672892720306514,0.7403792358656244
고구마케이크,dessert,cake,front,data\raw\images\VS1\C\02\C02009\15\단면\C_02_C02009_고구마케이크_15_08.jpg,True,0.40652276723574815,True,0.9661493248603612,691.11492323138,0.07719746456878891,3024,3024,0.5672892720306514,0.7403776811764637
크리스피치킨(뼈),restaurant,chicken,front,data\raw\images\VS1\B\11\B11115\21\정위\B_11_B11115_크리스피치킨(뼈)_21_09.jpg,True,0.4428987743544721,True,0.9617936309732924,739.0747087273902,0.08346104724869659,3024,3024,0.5672892720306514,0.7403236895463247
녹차롤케잌,cafe,tea,side,data\raw\images\VS1\C\02\C02018\04\측면\C_02_C02018_녹차롤케잌_04_04.jpg,True,0.4704000000000001,True,0.9580865809808178,896.5446540596024,0.10402673602290732,2992,2992,0.5472807577692635,0.7403234351642163
갈비치킨,restaurant,meat_grill,side,data\raw\images\VS1\B\11\B11004\03\측면\B_11_B11004_갈비치킨_03_07.jpg,True,0.40540642837520235,True,0.9841792032449985,481.1994700561202,0.049782354531173995,3024,3024,0.5672892720306514,0.7403036226843319
딸기크로와상,bakery,pastry,side,data\raw\images\VS1\C\02\C02029\10\측면\C_02_C02029_딸기크로와상_10_06.jpg,True,0.401116226242061,True,0.9916604376268725,393.72864406148904,0.03835860137984332,3024,3024,0.5672892720306514,0.740263242368628
훈제양념치킨,restaurant,chicken,front,data\raw\images\VS1\B\11\B11131\02\정위\B_11_B11131_훈제양념치킨_02_10.jpg,True,0.6331497493940215,True,0.9853425366338745,465.3101465628084,0.04770719738860427,3024,3024,0.5672892720306514,0.7402375912724809
치즈크로플,dessert,cake,front,data\raw\images\VS1\C\02\C02120\21\단면\C_02_C02120_치즈크로플_21_07.jpg,True,0.5797185678092854,True,0.9843538096591091,123.25681192265888,0.0030347844430764458,3120,3120,0.6285919540229885,0.7402018928897963
경주빵,bakery,bread,side,data\raw\images\VS1\C\02\C02005\11\측면\C_02_C02005_경주빵_11_04.jpg,True,0.3961194248873922,False,0.9822998528311935,627.83619957484,0.06893321748338982,3024,3024,0.5672892720306514,0.7401744869271019
닭윙간장치킨,restaurant,chicken,front,data\raw\images\VS1\B\11\B11026\19\정위\B_11_B11026_닭윙간장치킨_19_10.jpg,True,0.40931520946454364,True,0.9727278559789602,721.228916306726,0.08113037384890419,2992,2992,0.5472807577692635,0.7401365452288584
부대떡볶이,restaurant,korean_food,front,data\raw\images\VS1\B\11\B11048\07\정위\B_11_B11048_부대떡볶이_07_10.jpg,True,0.6358084497415525,True,0.9601253619799486,750.4979899422452,0.08495293603896302,3024,3024,0.5672892720306514,0.7401215866063747
연어샐러드,cafe,brunch,side,data\raw\images\VS1\B\12\B12119\03\측면\B_12_B12119_연어샐러드_03_07.jpg,True,0.4375924575121517,True,0.9825826839893911,492.34998286710265,0.0512386195705739,3024,3024,0.5672892720306514,0.7401159199155297
케이준샐러드,cafe,brunch,side,data\raw\images\VS1\B\12\B12152\21\측면\B_12_B12152_케이준샐러드_21_02.jpg,True,0.4520576962098949,True,0.9891215931151558,414.7095667973677,0.0410987250667573,3024,3024,0.5672892720306514,0.7400496137524958
크림치즈호두빵,bakery,bread,side,data\raw\images\VS1\C\02\C02132\18\측면\C_02_C02132_크림치즈호두빵_18_01.jpg,True,0.691414791978267,True,0.9116851217560749,1303.9009359099698,0.1572277611142687,3024,3024,0.5672892720306514,0.7400444795542739
햄샌드위치,cafe,brunch,side,data\raw\images\VS1\B\11\B11127\06\측면\B_11_B11127_햄샌드위치_06_05.jpg,True,0.5762902284448715,True,0.9603535773063042,744.8878659466869,0.08422024978677708,3024,3024,0.5672892720306514,0.7400435139538444
플레인크로플,dessert,cake,side,data\raw\images\VS1\C\02\C02139\11\측면\C_02_C02139_플레인크로플_11_02.jpg,True,0.4345404425944848,True,0.9971943940056468,436.427249256661,0.04393507010652151,2992,2992,0.5472807577692635,0.7400374458883878
빈대떡,restaurant,delivery_food,side,data\raw\images\VS1\B\12\B12097\09\측면\B_12_B12097_빈대떡_09_06.jpg,True,0.5395904252646155,True,0.9833471274000906,480.093698600179,0.04963793997911254,3024,3024,0.5672892720306514,0.7400251170204473
스팸김밥,restaurant,korean_food,front,data\raw\images\VS1\B\11\B11078\22\정위\B_11_B11078_스팸김밥_22_09.jpg,True,0.6134421898934046,True,0.9719860557568805,255.1884568040973,0.020265152703998986,3120,3120,0.6285919540229885,0.7399376403713122
단호박피자,restaurant,pizza,front,data\raw\images\VS1\B\12\B12043\04\정위\B_12_B12043_단호박피자_04_10.jpg,True,0.5861451892215696,True,0.9597698197260777,747.0438026681414,0.08450181668220456,3024,3024,0.5672892720306514,0.7399247000588619
치즈곱창,restaurant,meat_grill,side,data\raw\images\VS1\B\12\B12142\15\측면\B_12_B12142_치즈곱창_15_08.jpg,True,0.4430290090650139,True,0.9936152886574581,472.9914665564119,0.048710383336438956,2992,2992,0.5472807577692635,0.7399187769299146
경주빵,bakery,bread,side,data\raw\images\VS1\C\02\C02005\11\측면\C_02_C02005_경주빵_11_02.jpg,True,0.44328794345680933,True,0.9822663500642904,488.08033261041015,0.05068100015838309,3024,3024,0.5672892720306514,0.7399094958555613
소세지크로와상,pub,grilled_side,front,data\raw\images\VS1\C\02\C02067\24\단면\C_02_C02067_소세지크로와상_24_07.jpg,True,0.5026239382517897,True,0.9889854990178713,408.74030595392674,0.040319135282438134,3024,3024,0.5672892720306514,0.7398528675664466
소고기타다끼초밥,restaurant,japanese_food,side,data\raw\images\VS1\B\12\B12108\32\측면\B_12_B12108_소고기타다끼초밥_32_03.jpg,True,0.4939647551705428,True,0.9670747582818625,659.131267204091,0.07302037595463493,3024,3024,0.5672892720306514,0.7398198934800834
딸기샌드위치,cafe,brunch,side,data\raw\images\VS1\B\11\B11030\09\측면\B_11_B11030_딸기샌드위치_09_04.jpg,True,0.4294040317985116,True,0.9473341922866668,885.5398484143067,0.10258950044475074,3024,3024,0.5672892720306514,0.7398115485795478
갈비치킨,restaurant,meat_grill,front,data\raw\images\VS1\B\11\B11004\03\정위\B_11_B11004_갈비치킨_03_09.jpg,True,0.43190196659751545,True,0.985413766448698,447.7024146170716,0.045407614859050434,3024,3024,0.5672892720306514,0.7397990437110171
갈비치킨,restaurant,meat_grill,side,data\raw\images\VS1\B\11\B11004\18\측면\B_11_B11004_갈비치킨_18_02.jpg,True,0.5432204832319968,True,0.9586904378312839,753.0944431090053,0.08529203470081718,3024,3024,0.5672892720306514,0.7397589290941463
소고기타다끼초밥,restaurant,japanese_food,front,data\raw\images\VS1\B\12\B12108\32\정위\B_12_B12108_소고기타다끼초밥_32_10.jpg,True,0.5926841318019036,True,0.9519108587318861,830.46394260298,0.09539654730385833,3024,3024,0.5672892720306514,0.7397459578849351
크림치즈호두빵,bakery,bread,side,data\raw\images\VS1\C\02\C02132\18\측면\C_02_C02132_크림치즈호두빵_18_04.jpg,True,0.5136343894953435,True,0.926971414568111,1116.8260943639268,0.13279565147833747,3024,3024,0.5672892720306514,0.7397439454706984
닭윙후라이드치킨,restaurant,chicken,front,data\raw\images\VS1\B\11\B11028\08\정위\B_11_B11028_닭윙후라이드치킨_08_09.jpg,True,0.4918168699986883,True,0.9883679403960656,526.241648432169,0.0556648956106165,2992,2992,0.5472807577692635,0.7397354749063324
젤리롤케잌,restaurant,delivery_food,front,data\raw\images\VS1\C\02\C02097\09\정위\C_02_C02097_젤리롤케잌_09_10.jpg,True,0.4542275444504297,True,0.9638969337922251,692.2820016465334,0.07734988585407296,3024,3024,0.5672892720306514,0.7397324481130797
딸기샌드위치,cafe,brunch,side,data\raw\images\VS1\B\11\B11030\09\측면\B_11_B11030_딸기샌드위치_09_01.jpg,True,0.4794873766500067,True,0.9389037451212981,979.121498928758,0.1148113316989429,3024,3024,0.5672892720306514,0.7397267806807757
김치알컵밥,restaurant,delivery_food,side,data\raw\images\VS1\B\11\B11010\25\측면\B_11_B11010_김치알컵밥_25_05.jpg,True,0.4536243750411624,True,0.9809783380435265,495.1938825751941,0.05161003492972887,3024,3024,0.5672892720306514,0.7397088992036014
훈제치킨(뼈),restaurant,chicken,front,data\raw\images\VS1\B\11\B11132\08\정위\B_11_B11132_훈제치킨(뼈)_08_10.jpg,True,0.42767939539711325,True,0.9875804778520708,418.54286085799146,0.04159935604408127,3024,3024,0.5672892720306514,0.7396874053690351
닭윙간장치킨,restaurant,chicken,side,data\raw\images\VS1\B\11\B11026\19\측면\B_11_B11026_닭윙간장치킨_19_04.jpg,True,0.42199471133543776,True,0.9826867206149322,587.790106961205,0.06370316881868905,2992,2992,0.5472807577692635,0.7396387636136069
명란바게트,bakery,bread,side,data\raw\images\VS1\C\02\C02041\20\측면\C_02_C02041_명란바게트_20_01.jpg,True,0.501179443249066,True,0.9819933630647891,479.3200214769884,0.0495368971871455,3024,3024,0.5672892720306514,0.7395987791614635
깨찰빵,bakery,bread,side,data\raw\images\VS1\C\02\C02016\11\측면\C_02_C02016_깨찰빵_11_01.jpg,True,0.49103209967566097,True,0.975310064248978,555.6973313820051,0.05951182911211838,3024,3024,0.5672892720306514,0.7395887759017147
후레쉬빵,bakery,bread,front,data\raw\images\VS1\C\02\C02148\10\정위\C_02_C02148_후레쉬빵_10_10.jpg,True,0.5747013198223556,True,0.980293748285808,497.91724143028574,0.051965707566282764,3024,3024,0.5672892720306514,0.7395746568035966
햄에그샌드위치,cafe,brunch,side,data\raw\images\VS1\B\11\B11128\11\측면\B_11_B11128_햄에그샌드위치_11_03.jpg,True,0.40949258976825026,True,0.9393596967825796,967.1131347795819,0.1132430306542049,3024,3024,0.5672892720306514,0.7395499059702125
갈비치킨,restaurant,meat_grill,side,data\raw\images\VS1\B\11\B11004\17\측면\B_11_B11004_갈비치킨_17_01.jpg,True,0.6683898537895677,True,0.9534729209471221,804.4217312688269,0.09199541566467145,3024,3024,0.5672892720306514,0.7395343502216686
두부샐러드,cafe,brunch,front,data\raw\images\VS1\B\12\B12059\26\정위\B_12_B12059_두부샐러드_26_09.jpg,True,0.4705403765771505,True,0.9829548945979896,110.44616256438285,0.0013617043696565307,3120,3120,0.6285919540229885,0.7394476023567765
콩나물불고기(콩불),restaurant,korean_food,side,data\raw\images\VS1\B\12\B12157\15\측면\B_12_B12157_콩나물불고기(콩불)_15_08.jpg,True,0.4034778021264506,True,0.9819195276594711,588.937523212925,0.06385302221120509,2992,2992,0.5472807577692635,0.7394385764054718
명란바게트,bakery,bread,side,data\raw\images\VS1\C\02\C02041\20\측면\C_02_C02041_명란바게트_20_06.jpg,True,0.4855732251427227,True,0.971005585075041,595.9437355430276,0.0647680386098134,3024,3024,0.5672892720306514,0.7393486740490726
고구마케이크,dessert,cake,front,data\raw\images\VS1\C\02\C02009\15\단면\C_02_C02009_고구마케이크_15_07.jpg,True,0.44825483205104144,True,0.9808130863995758,483.27208995312543,0.05005304018905697,3024,3024,0.5672892720306514,0.7393479247622817
게살고로케,pub,fried_side,side,data\raw\images\VS1\C\02\C02004\04\측면\C_02_C02004_게살고로케_04_01.jpg,True,0.4257206084621127,True,0.990162206615378,375.19746012835043,0.03593841535270927,3024,3024,0.5672892720306514,0.7393297358597529
브로콜리수프,restaurant,western_food,front,data\raw\images\VS1\C\04\C04001\29\정위\C_04_C04001_브로콜리수프_29_10.jpg,True,0.5271959101423966,True,0.9875638579705655,404.3103379051197,0.03974057825062321,3024,3024,0.5672892720306514,0.739310663845892
마라떡볶이,restaurant,korean_food,side,data\raw\images\VS1\B\11\B11038\29\측면\B_11_B11038_마라떡볶이_29_06.jpg,True,0.4946407949535845,True,0.9620125165959731,697.6717618125829,0.07805379243071375,3024,3024,0.5672892720306514,0.7393079042695324
치즈케이크,dessert,cake,front,data\raw\images\VS1\C\02\C02119\12\정위\C_02_C02119_치즈케이크_12_09.jpg,True,0.39995793697618937,False,0.9802065236991172,488.78325689046056,0.05077280257785339,3024,3024,0.5672892720306514,0.7392731032840693
스팸김밥,restaurant,korean_food,side,data\raw\images\VS1\B\11\B11078\22\측면\B_11_B11078_스팸김밥_22_03.jpg,True,0.46332139852427523,True,0.9725462278718551,222.11694754021389,0.015945989670192277,3120,3120,0.6285919540229885,0.7392418593990433
메론빵,bakery,bread,front,data\raw\images\VS1\C\02\C02040\15\정위\C_02_C02040_메론빵_15_10.jpg,True,0.4534837801332386,True,0.9722936965983242,575.7664015893033,0.06213286419916524,3024,3024,0.5672892720306514,0.739208072623928
깨찰빵,bakery,bread,front,data\raw\images\VS1\C\02\C02016\11\정위\C_02_C02016_깨찰빵_11_10.jpg,True,0.5116053938447636,True,0.9828208099231994,451.493784115948,0.04590277045828196,3024,3024,0.5672892720306514,0.7391201878732139
차돌짬뽕,cafe,tea,front,data\raw\images\VS1\B\11\B11097\26\정위\B_11_B11097_차돌짬뽕_26_10.jpg,True,0.7007489425518675,False,0.991933785242025,380.2236897388196,0.03659484457581313,3024,3024,0.5672892720306514,0.7391187289818556
초코크로와상,bakery,pastry,front,data\raw\images\VS1\C\02\C02114\17\단면\C_02_C02114_초코크로와상_17_07.jpg,True,0.523663084802212,True,0.9904099760589564,363.3694944894877,0.03439367448391854,3024,3024,0.5672892720306514,0.7390951185190683
생크림와플,dessert,cake,front,data\raw\images\VS1\C\02\C02062\24\단면\C_02_C02062_생크림와플_24_08.jpg,True,0.6206686531422696,True,0.9063049679049243,1329.2640894952626,0.16054020732022378,3024,3024,0.5672892720306514,0.7390929226401197
깨찰빵,bakery,bread,side,data\raw\images\VS1\C\02\C02016\11\측면\C_02_C02016_깨찰빵_11_06.jpg,True,0.5463458217144783,True,0.9807907188761589,472.7515432809208,0.04867904918309922,3024,3024,0.5672892720306514,0.7390664163040651
꼬마김밥,restaurant,korean_food,side,data\raw\images\VS1\B\11\B11015\10\측면\B_11_B11015_꼬마김밥_10_03.jpg,True,0.5298985446915614,True,0.9563461218326843,753.3829560392571,0.08532971469821844,3024,3024,0.5672892720306514,0.7390631702940466
녹차머핀,cafe,tea,side,data\raw\images\VS1\C\02\C02020\26\측면\C_02_C02020_녹차머핀_26_05.jpg,True,0.4228145347616047,True,0.9917378592384121,346.19162002116894,0.03215023165187459,3024,3024,0.5672892720306514,0.7390447949064961
후레쉬빵,bakery,bread,front,data\raw\images\VS1\C\02\C02148\26\단면\C_02_C02148_후레쉬빵_26_07.jpg,True,0.6549506611665846,True,0.9843479827527446,429.75545737549595,0.04306372926046433,3024,3024,0.5672892720306514,0.7390105314825138
바게트빵,bakery,bread,front,data\raw\images\VS1\C\02\C02046\23\단면\C_02_C02046_바게트빵_23_08.jpg,True,0.5386425339366514,True,0.9515308784044489,921.5439337598708,0.1072916600362517,2992,2992,0.5472807577692635,0.7390097091939745
단호박샐러드,cafe,brunch,side,data\raw\images\VS1\B\12\B12042\09\측면\B_12_B12042_단호박샐러드_09_03.jpg,True,0.4149582115813621,True,0.9885010757252815,381.8634620691078,0.03680900002836076,3024,3024,0.5672892720306514,0.7390055135278542
순살간장치킨,restaurant,chicken,side,data\raw\images\VS1\B\11\B11063\21\측면\B_11_B11063_순살간장치킨_21_07.jpg,True,0.43845851185890417,True,0.9958321193336442,297.54890767748486,0.025797458231631147,3024,3024,0.5672892720306514,0.7390025182510171
호두과자,restaurant,delivery_food,front,data\raw\images\VS1\C\02\C02144\26\단면\C_02_C02144_호두과자_26_08.jpg,True,0.6416802633879146,True,0.9742189769349116,544.758846117673,0.05808325502369182,3024,3024,0.5672892720306514,0.7389757348898095
BLT샌드위치,cafe,brunch,front,data\raw\images\VS1\B\11\B11001\05\정위\B_11_B11001_BLT샌드위치_05_10.jpg,True,0.6804810796580343,True,0.9645352967242985,655.1339432870584,0.07249832255940468,3024,3024,0.5672892720306514,0.7389536443337681
훈제치킨(뼈),restaurant,chicken,side,data\raw\images\VS1\B\11\B11132\27\측면\B_11_B11132_훈제치킨(뼈)_27_08.jpg,True,0.6635431499971809,True,0.9871099646265719,395.83394232582793,0.038633554856139625,3024,3024,0.5672892720306514,0.738953091163797
명란바게트,bakery,bread,side,data\raw\images\VS1\C\02\C02041\20\측면\C_02_C02041_명란바게트_20_05.jpg,True,0.48682784637050563,True,0.9682081715289754,611.8483945023394,0.0668451985753364,3024,3024,0.5672892720306514,0.7389248819783575
바닐라아이스크림와플,dessert,ice_cream,front,data\raw\images\VS1\C\02\C02050\25\정위\C_02_C02050_바닐라아이스크림와플_25_09.jpg,True,0.40279831449216247,True,0.9758133743213042,523.9756823520859,0.055368958801356845,3024,3024,0.5672892720306514,0.7389111948612602
두부버섯전골,restaurant,korean_food,front,data\raw\images\VS1\B\12\B12058\22\정위\B_12_B12058_두부버섯전골_22_09.jpg,True,0.5832882914534048,True,0.988432552532818,376.1436605685145,0.03606198981467649,3024,3024,0.5672892720306514,0.7388355545273784
황태전골,restaurant,korean_food,side,data\raw\images\VS1\A\13\A13047\34\측면\A_13_A13047_황태전골_34_07.jpg,True,0.3614830822275371,False,0.8061489482081423,3758.4766429637857,0.47779712409658265,3024,3024,0.5672892720306514,0.7387951970354518
연어샐러드,cafe,brunch,side,data\raw\images\VS1\B\12\B12119\03\측면\B_12_B12119_연어샐러드_03_04.jpg,True,0.45006512824014605,True,0.9959869081657972,286.2977584895881,0.024328050008605835,3024,3024,0.5672892720306514,0.7387550732560579
꼬막짬뽕,pub,seafood_side,side,data\raw\images\VS1\B\11\B11016\29\측면\B_11_B11016_꼬막짬뽕_29_01.jpg,True,0.6590836179607065,True,0.9839476326631884,423.08255132656404,0.04219224290329082,3024,3024,0.5672892720306514,0.7387161291842123
마라떡볶이,restaurant,korean_food,side,data\raw\images\VS1\B\11\B11038\29\측면\B_11_B11038_마라떡볶이_29_03.jpg,True,0.46372525849689716,True,0.9544169725154771,761.6061082217809,0.08640366432188776,3024,3024,0.5672892720306514,0.7386992154236183
갈비치킨,restaurant,meat_grill,front,data\raw\images\VS1\B\11\B11004\17\정위\B_11_B11004_갈비치킨_17_09.jpg,True,0.5473392223710828,True,0.9748654352941786,526.3567891127389,0.05567993306679174,3024,3024,0.5672892720306514,0.7386890080062095
전복버터구이,pub,seafood_side,front,data\raw\images\VS1\B\12\B12133\04\정위\B_12_B12133_전복버터구이_04_10.jpg,True,0.5365408772486607,True,0.9924748437844754,323.4361542826601,0.029178351365111974,3024,3024,0.5672892720306514,0.7386715142129626
플레인크로플,dessert,cake,front,data\raw\images\VS1\C\02\C02139\31\단면\C_02_C02139_플레인크로플_31_08.jpg,True,0.39861546754846433,False,0.9911688270200085,382.30352298354126,0.03686647230212601,3024,3024,0.5672892720306514,0.7386058674759317
닭윙후라이드치킨,restaurant,chicken,front,data\raw\images\VS1\B\11\B11028\08\정위\B_11_B11028_닭윙후라이드치킨_08_10.jpg,True,0.4686174749780762,True,0.9984510256710043,366.91067579959775,0.034856155324710945,2992,2992,0.5472807577692635,0.738598652431633
치즈크로플,dessert,cake,front,data\raw\images\VS1\C\02\C02120\21\단면\C_02_C02120_치즈크로플_21_08.jpg,True,0.5914108026556347,True,0.9792868472294044,119.20673693225801,0.0025058417195041624,3120,3120,0.6285919540229885,0.7385760156161704
경주빵,bakery,bread,side,data\raw\images\VS1\C\02\C02005\11\측면\C_02_C02005_경주빵_11_05.jpg,True,0.4196031087646106,True,0.9797429254612051,465.39716483647607,0.04771856203809431,3024,3024,0.5672892720306514,0.738559980850578
팥붕어빵,bakery,bread,side,data\raw\images\VS1\C\02\C02111\14\측면\C_02_C02111_팥붕어빵_14_03.jpg,True,0.4680081263696129,True,0.9846830287063791,407.3484746429066,0.04013736110636755,3024,3024,0.5672892720306514,0.7385257716377849
순살크림(크리미)치킨,restaurant,chicken,side,data\raw\images\VS1\B\11\B11074\22\측면\B_11_B11074_순살크림(크리미)치킨_22_08.jpg,True,0.5927551882460971,True,0.982645065377847,544.5168344731801,0.05805164812784972,2992,2992,0.5472807577692635,0.7384959629043135
깨찰빵,bakery,bread,side,data\raw\images\VS1\C\02\C02016\11\측면\C_02_C02016_깨찰빵_11_04.jpg,True,0.5493084015094585,True,0.9815267509286565,442.3414956619198,0.04470747496541661,3024,3024,0.5672892720306514,0.7384929110762779
아몬드크로와상,bakery,pastry,side,data\raw\images\VS1\C\02\C02074\10\측면\C_02_C02074_아몬드크로와상_10_05.jpg,True,0.6045328456028044,True,0.9929618800919807,310.7900486579114,0.02752676082232174,3024,3024,0.5672892720306514,0.7384873069966562
꼬막짬뽕,pub,seafood_side,front,data\raw\images\VS1\B\11\B11016\29\정위\B_11_B11016_꼬막짬뽕_29_10.jpg,True,0.6895208758500365,True,0.9854732019521998,396.31749694661613,0.03869670743941817,3024,3024,0.5672892720306514,0.7384746928781413
순살양념파닭,restaurant,chicken,front,data\raw\images\VS1\B\11\B11072\29\정위\B_11_B11072_순살양념파닭_29_10.jpg,True,0.4996459687966256,True,0.9874872276934651,372.07298286143396,0.035530356361401824,3024,3024,0.5672892720306514,0.7384456303849175
시래기해장국,restaurant,korean_food,front,data\raw\images\VS1\B\12\B12111\19\정위\B_12_B12111_시래기해장국_19_10.jpg,True,0.43639786075311693,True,0.9903351950250133,338.30287441240876,0.031119955768648663,3024,3024,0.5672892720306514,0.7384179404658314
베이컨치즈버거,restaurant,western_food,side,data\raw\images\VS1\B\11\B11045\29\측면\B_11_B11045_베이컨치즈버거_29_04.jpg,True,0.5016348187015428,True,0.9826853143335194,540.2427896111753,0.057493454777026075,2992,2992,0.5472807577692635,0.7383963989208505
주꾸미삽겹살볶음,restaurant,korean_food,side,data\raw\images\VS1\B\12\B12136\28\측면\B_12_B12136_주꾸미삽겹살볶음_28_01.jpg,True,0.5272482139078395,True,0.994496145704995,288.91961969598105,0.024670466978816242,3024,3024,0.5672892720306514,0.7383763279118594
비빔밀면,restaurant,korean_food,side,data\raw\images\VS1\B\12\B12095\29\측면\B_12_B12095_비빔밀면_29_01.jpg,True,0.5347401491562266,True,0.9836289222373806,413.54523872663435,0.04094666297844411,3024,3024,0.5672892720306514,0.7383714000715006
경주빵,bakery,bread,side,data\raw\images\VS1\C\02\C02005\11\측면\C_02_C02005_경주빵_11_01.jpg,True,0.40347616047048945,True,0.9746894939180102,516.0301529309628,0.05433126691115889,3024,3024,0.5672892720306514,0.7383664923622325
크레미롤,restaurant,delivery_food,side,data\raw\images\VS1\B\12\B12158\04\측면\B_12_B12158_크레미롤_04_08.jpg,True,0.5144642827230783,True,0.986187955844941,383.249361742782,0.03698999952830301,3024,3024,0.5672892720306514,0.7383477774637406
연어샐러드,cafe,brunch,side,data\raw\images\VS1\B\12\B12119\03\측면\B_12_B12119_연어샐러드_03_06.jpg,True,0.43706404679014893,True,0.9849650837029317,396.04034235816266,0.038660510849672404,3024,3024,0.5672892720306514,0.7383150180854116
맘모스빵,bakery,bread,side,data\raw\images\VS1\C\02\C02038\17\측면\C_02_C02038_맘모스빵_17_06.jpg,True,0.3977498511078076,False,0.9664243153919383,682.3550351335516,0.07605341684630583,3024,3024,0.5672892720306514,0.7382624885107718
녹차롤케잌,cafe,tea,side,data\raw\images\VS1\C\02\C02018\04\측면\C_02_C02018_녹차롤케잌_04_03.jpg,True,0.44470208536651684,True,0.9600142772072932,795.4944204740141,0.09082950241684856,2992,2992,0.5472807577692635,0.7382622973109472
닭계장,restaurant,korean_food,front,data\raw\images\VS1\B\12\B12048\23\정위\B_12_B12048_닭계장_23_09.jpg,True,0.6271111545620764,True,0.9855792284081663,385.8552632623481,0.03733033215186858,3024,3024,0.5672892720306514,0.7382332257574212
녹차머핀,cafe,tea,front,data\raw\images\VS1\C\02\C02020\26\단면\C_02_C02020_녹차머핀_26_08.jpg,True,0.48963786209282234,True,0.9927005414526303,302.9573552072073,0.026503805391486085,3024,3024,0.5672892720306514,0.7382043143186839
불고기피자(팬),restaurant,korean_food,side,data\raw\images\VS1\B\11\B11052\24\측면\B_11_B11052_불고기피자(팬)_24_06.jpg,True,0.406398903243129,True,0.8591002673747058,1836.690127685543,0.22681041498008112,3024,3024,0.5672892720306514,0.7381855540130255
완두앙금빵,bakery,bread,side,data\raw\images\VS1\C\02\C02091\22\측면\C_02_C02091_완두앙금빵_22_02.jpg,True,0.6061062073461563,True,0.9781664199072969,467.83978389472634,0.04803756985409344,3024,3024,0.5672892720306514,0.7381508307476055
팥붕어빵,bakery,bread,side,data\raw\images\VS1\C\02\C02111\14\측면\C_02_C02111_팥붕어빵_14_01.jpg,True,0.45785346081547496,True,0.9779608537582887,468.5332301820257,0.04812813444085407,3024,3024,0.5672892720306514,0.7381072738202551
만두전골,restaurant,korean_food,front,data\raw\images\VS1\B\12\B12069\22\정위\B_12_B12069_만두전골_22_10.jpg,True,0.5324940650109569,True,0.9966216216216215,254.0121202948374,0.020111522304927323,3024,3024,0.5672892720306514,0.7381021817520697
모짜렐라핫도그,restaurant,delivery_food,side,data\raw\images\VS1\C\02\C02042\09\측면\C_02_C02042_모짜렐라핫도그_09_02.jpg,True,0.4663735008739801,True,0.990757075139979,321.01829660599316,0.028862577403460026,3024,3024,0.5672892720306514,0.7380930288272833
묵밥(묵사발),restaurant,korean_food,front,data\raw\images\VS1\B\12\B12080\11\정위\B_12_B12080_묵밥(묵사발)_11_09.jpg,True,0.47950653356058764,True,0.9953309769651961,268.1218357096274,0.021954261345072886,3024,3024,0.5672892720306514,0.738083536163171
순살양념파닭,restaurant,chicken,front,data\raw\images\VS1\B\11\B11072\29\정위\B_11_B11072_순살양념파닭_29_09.jpg,True,0.5155765930743764,True,0.9813767707791802,427.2384461463099,0.04273500577312567,3024,3024,0.5672892720306514,0.7380534231929768
스팸김밥,restaurant,korean_food,side,data\raw\images\VS1\B\11\B11078\22\측면\B_11_B11078_스팸김밥_22_02.jpg,True,0.4589850102332207,True,0.9715355814312316,187.5982310812482,0.011437820329797543,3120,3120,0.6285919540229885,0.7380370315987772
팥붕어빵,bakery,bread,front,data\raw\images\VS1\C\02\C02111\14\단면\C_02_C02111_팥붕어빵_14_08.jpg,True,0.5126800472255018,True,0.9757189546971772,491.5209751287062,0.05113035056023478,3024,3024,0.5672892720306514,0.7380351473257977
스팸김밥,restaurant,korean_food,side,data\raw\images\VS1\B\11\B11078\22\측면\B_11_B11078_스팸김밥_22_07.jpg,True,0.4826396449704137,True,0.9699605781695895,203.7311458520795,0.013544790669425353,3120,3120,0.6285919540229885,0.7379859246882102
베이컨포테이토피자,restaurant,pizza,side,data\raw\images\VS1\B\11\B11047\28\측면\B_11_B11047_베이컨포테이토피자_28_06.jpg,True,0.5646359847034583,True,0.9468798326131196,820.3755541375481,0.09407899647232852,3024,3024,0.5672892720306514,0.7379731398829992
마라떡볶이,restaurant,korean_food,side,data\raw\images\VS1\B\11\B11038\29\측면\B_11_B11038_마라떡볶이_29_05.jpg,True,0.48009399838366706,True,0.9560438240154757,714.9530340809408,0.08031073909024083,3024,3024,0.5672892720306514,0.7379686858272885
약밥,restaurant,delivery_food,side,data\raw\images\VS1\C\01\C01016\21\측면\C_01_C01016_약밥_21_05.jpg,True,0.4160556974080674,True,0.982570881002011,410.1944673952413,0.040509049818614806,3024,3024,0.5672892720306514,0.7379664650689239
쑥버무리,restaurant,korean_food,side,data\raw\images\VS1\C\01\C01013\06\측면\C_01_C01013_쑥버무리_06_01.jpg,True,0.5589615107854883,True,0.9955492221531762,260.6072887355715,0.020972856074234783,3024,3024,0.5672892720306514,0.7379527286653975
딸기케이크,dessert,cake,side,data\raw\images\VS1\C\02\C02027\13\측면\C_02_C02027_딸기케이크_13_05.jpg,True,0.40131931560502987,True,0.9760531312797588,484.38256668227604,0.050198069253203366,3024,3024,0.5672892720306514,0.737948944039166
로제찜닭,restaurant,korean_food,front,data\raw\images\VS1\B\12\B12064\07\정위\B_12_B12064_로제찜닭_07_09.jpg,True,0.432350531269757,True,0.987109964626572,356.663611498481,0.033517881314254525,3024,3024,0.5672892720306514,0.73792995645542
케이준샐러드,cafe,brunch,front,data\raw\images\VS1\B\12\B12152\21\정위\B_12_B12152_케이준샐러드_21_10.jpg,True,0.45070117728531844,True,0.9740334647963044,505.93522483483304,0.05301286199912917,3024,3024,0.5672892720306514,0.7379060026433147
플레인크로플,dessert,cake,side,data\raw\images\VS1\C\02\C02139\11\측면\C_02_C02139_플레인크로플_11_05.jpg,True,0.43630747079112164,True,0.9958699712007245,369.7497378344758,0.035226938880244675,2992,2992,0.5472807577692635,0.7378984928016556
햄치즈파니니,bakery,sandwich,front,data\raw\images\VS1\C\02\C02143\12\정위\C_02_C02143_햄치즈파니니_12_09.jpg,True,0.4012477456266554,True,0.9804668198318195,431.7002055545544,0.04331771477948101,3024,3024,0.5672892720306514,0.7378969797100398
연유크림빵,bakery,bread,front,data\raw\images\VS1\C\02\C02087\12\정위\C_02_C02087_연유크림빵_12_09.jpg,True,0.4501333333333331,True,0.9783677960029397,103.51887707491116,0.0004569958735303295,3120,3120,0.6285919540229885,0.7378905310790361
단호박피자,restaurant,pizza,side,data\raw\images\VS1\B\12\B12043\04\측면\B_12_B12043_단호박피자_04_06.jpg,True,0.45878450336052684,True,0.9855459949493615,372.8087003667364,0.035626441599812673,3024,3024,0.5672892720306514,0.7378824776093685
당근케이크,dessert,cake,side,data\raw\images\VS1\C\02\C02024\09\측면\C_02_C02024_당근케이크_09_03.jpg,True,0.460804243918406,True,0.9974359890321636,236.16560240533374,0.017780754158379694,3024,3024,0.5672892720306514,0.7378803383459227
시래기해장국,restaurant,korean_food,side,data\raw\images\VS1\B\12\B12111\19\측면\B_12_B12111_시래기해장국_19_04.jpg,True,0.4347411508181278,True,0.9957873039828391,254.0441580364186,0.02011570645715394,3024,3024,0.5672892720306514,0.7378527232908801
딸기샌드위치,cafe,brunch,side,data\raw\images\VS1\B\11\B11030\09\측면\B_11_B11030_딸기샌드위치_09_02.jpg,True,0.5024848894892883,True,0.9355148030956324,944.6711623746908,0.11031209282359396,3024,3024,0.5672892720306514,0.7378102502980061
당근케이크,dessert,cake,side,data\raw\images\VS1\C\02\C02024\09\측면\C_02_C02024_당근케이크_09_01.jpg,True,0.4791485123000038,True,0.9960503133677168,249.15499646439463,0.0194771784190261,3024,3024,0.5672892720306514,0.7378039204987179
아몬드크로와상,bakery,pastry,side,data\raw\images\VS1\C\02\C02074\10\측면\C_02_C02074_아몬드크로와상_10_02.jpg,True,0.588817201274898,True,0.9928715669776318,285.6567479995472,0.024244333574899236,3024,3024,0.5672892720306514,0.7378037276128669
스팸김밥,restaurant,korean_food,side,data\raw\images\VS1\B\11\B11078\22\측면\B_11_B11078_스팸김밥_22_04.jpg,True,0.47643509624951974,True,0.9682992551653775,215.65659236556587,0.015102262610959632,3120,3120,0.6285919540229885,0.7377990221752534
맘모스빵,bakery,bread,front,data\raw\images\VS1\C\02\C02038\17\정위\C_02_C02038_맘모스빵_17_09.jpg,True,0.4853983293524594,True,0.9556103304947218,712.8091446495232,0.0800307455796072,3024,3024,0.5672892720306514,0.7377826390689356
만두전골,restaurant,korean_food,front,data\raw\images\VS1\B\12\B12069\22\정위\B_12_B12069_만두전골_22_09.jpg,True,0.5087390494795642,True,0.9960933327006268,247.77692874895746,0.019297201778495247,3024,3024,0.5672892720306514,0.7377808309704847
클럽샌드위치,cafe,brunch,side,data\raw\images\VS1\B\11\B11118\02\측면\B_11_B11118_클럽샌드위치_02_07.jpg,True,0.45045281487080424,True,0.9896689819101765,436.2107966294899,0.04390680123683104,2992,2992,0.5472807577692635,0.7377741684858086
레인보우케이크,dessert,cake,front,data\raw\images\VS1\C\02\C02033\16\단면\C_02_C02033_레인보우케이크_16_08.jpg,True,0.5679270889678327,True,0.9841966654930725,383.8357573864102,0.0370665832235597,3024,3024,0.5672892720306514,0.7377657070972312
모카번,cafe,coffee,front,data\raw\images\VS1\C\02\C02043\21\단면\C_02_C02043_모카번_21_07.jpg,True,0.4103042512762986,True,0.9862310234052375,360.2746279630622,0.033989482676739645,3024,3024,0.5672892720306514,0.7377605943615168
플레인크로플,dessert,cake,side,data\raw\images\VS1\C\02\C02139\11\측면\C_02_C02139_플레인크로플_11_03.jpg,True,0.43628061703692966,True,0.9933814393929105,390.70228774666754,0.03796335705586022,2992,2992,0.5472807577692635,0.7376992168944346
빈대떡,restaurant,delivery_food,side,data\raw\images\VS1\B\12\B12097\09\측면\B_12_B12097_빈대떡_09_07.jpg,True,0.4530486375358423,True,0.974359815115876,493.860188920902,0.05143585357368378,3024,3024,0.5672892720306514,0.7376885060540972
찰순대,restaurant,korean_food,front,data\raw\images\VS1\B\12\B12139\20\정위\B_12_B12139_찰순대_20_10.jpg,True,0.41010541785371224,True,0.9929086712488456,280.77059673988464,0.02360619868574346,3024,3024,0.5672892720306514,0.7376872319164
아몬드크로와상,bakery,pastry,side,data\raw\images\VS1\C\02\C02074\10\측면\C_02_C02074_아몬드크로와상_10_06.jpg,True,0.573783437924529,True,0.9913238838252193,298.03560410258694,0.025861021136825875,3024,3024,0.5672892720306514,0.7376627601795286
핫바(어묵소시지),pub,grilled_side,side,data\raw\images\VS1\C\06\C06014\14\측면\C_06_C06014_핫바(어묵소시지)_14_03.jpg,True,0.4009784821574416,True,0.9797796411283883,429.61384299588053,0.04304523432004266,3024,3024,0.5672892720306514,0.7376363300071227
약밥,restaurant,delivery_food,front,data\raw\images\VS1\C\01\C01016\21\단면\C_01_C01016_약밥_21_08.jpg,True,0.47538716051100754,True,0.972904015603827,508.4803962488468,0.05334526322697742,3024,3024,0.5672892720306514,0.7376336481311413
버터크림빵,bakery,bread,front,data\raw\images\VS1\C\02\C02053\23\단면\C_02_C02053_버터크림빵_23_07.jpg,True,0.41203237903594586,True,0.9903446818444559,307.9210850933809,0.027152072105384617,3024,3024,0.5672892720306514,0.7376272097790114
딸기샌드위치,cafe,brunch,side,data\raw\images\VS1\B\11\B11030\09\측면\B_11_B11030_딸기샌드위치_09_06.jpg,True,0.4418390778657308,True,0.9342786825987424,951.5722425043615,0.11121337888077319,3024,3024,0.5672892720306514,0.7376196713603751
두부버섯전골,restaurant,korean_food,side,data\raw\images\VS1\B\12\B12058\22\측면\B_12_B12058_두부버섯전골_22_07.jpg,True,0.4852730296935817,True,0.9881494818287055,332.72143421407173,0.03039101564112969,3024,3024,0.5672892720306514,0.7376164384814352
에그샌드위치,cafe,brunch,side,data\raw\images\VS1\B\11\B11085\19\측면\B_11_B11085_에그샌드위치_19_02.jpg,True,0.4103839913466738,True,0.9991777828125737,203.63674094473225,0.013532461320233254,3024,3024,0.5672892720306514,0.7375532179124163
단호박샐러드,cafe,brunch,side,data\raw\images\VS1\B\12\B12042\09\측면\B_12_B12042_단호박샐러드_09_07.jpg,True,0.4193363975869003,True,0.9801615255750515,421.50444283224584,0.04198614079232853,3024,3024,0.5672892720306514,0.7375390766355787
경주빵,bakery,bread,side,data\raw\images\VS1\C\02\C02005\19\측면\C_02_C02005_경주빵_19_06.jpg,True,0.5668048469387754,True,0.9674137721591167,567.0336513980016,0.06099236070690612,3024,3024,0.5672892720306514,0.737515994593714
닭계장,restaurant,korean_food,side,data\raw\images\VS1\B\12\B12048\23\측면\B_12_B12048_닭계장_23_06.jpg,True,0.5486945123463349,True,0.9799460006872717,421.01344063860864,0.04192201555064832,3024,3024,0.5672892720306514,0.7374615941209088
레몬아이스티,cafe,tea,front,data\raw\images\VS1\D\07\D07007\06\정위\D_07_D07007_레몬아이스티_06_03.jpg,True,0.4656038275876797,True,0.9927808097926878,272.3362343611516,0.022504664857659677,3024,3024,0.5672892720306514,0.737428566713936
햄샌드위치,cafe,brunch,front,data\raw\images\VS1\B\11\B11127\14\정위\B_11_B11127_햄샌드위치_14_09.jpg,True,0.47535517138226413,True,0.9903337483910543,300.2685945112794,0.026152651299547296,3024,3024,0.5672892720306514,0.7374240455818234
딸기크로플,dessert,cake,front,data\raw\images\VS1\C\02\C02030\23\단면\C_02_C02030_딸기크로플_23_08.jpg,True,0.5064465184276122,True,0.990413486625091,298.99923233126367,0.025986871680580115,3024,3024,0.5672892720306514,0.7374148111282409
우럭매운탕,restaurant,korean_food,front,data\raw\images\VS1\B\12\B12124\27\정위\B_12_B12124_우럭매운탕_27_10.jpg,True,0.5716089252464819,True,0.986694370631169,341.3459176222381,0.0315173794131911,3024,3024,0.5672892720306514,0.7374051778765865
갈비치킨,restaurant,meat_grill,side,data\raw\images\VS1\B\11\B11004\03\측면\B_11_B11004_갈비치킨_03_03.jpg,True,0.42088687326782576,True,0.962295786207039,621.277655513416,0.06807666688451434,3024,3024,0.5672892720306514,0.7373974600436122
경주빵,bakery,bread,front,data\raw\images\VS1\C\02\C02005\11\정위\C_02_C02005_경주빵_11_09.jpg,True,0.4791052859820324,True,0.9682682036845487,552.4964484725567,0.05909379148862439,3024,3024,0.5672892720306514,0.737392610207687
시나몬롤,bakery,bread,front,data\raw\images\VS1\C\02\C02072\09\단면\C_02_C02072_시나몬롤_09_08.jpg,True,0.6226263212763428,True,0.9818531856234601,510.87398199832586,0.05365786725738031,2992,2992,0.5472807577692635,0.7373796428039034
깐풍치킨(뼈),restaurant,chicken,front,data\raw\images\VS1\B\11\B11014\03\정위\B_11_B11014_깐풍치킨(뼈)_03_09.jpg,True,0.46225589793870153,True,0.9874370354022814,446.4075556604008,0.045238505342607725,2992,2992,0.5472807577692635,0.7373709253545955
닭계장,restaurant,korean_food,side,data\raw\images\VS1\B\12\B12048\23\측면\B_12_B12048_닭계장_23_04.jpg,True,0.5418236724564706,True,0.9808855754384048,405.8964326906356,0.03994772337699321,3024,3024,0.5672892720306514,0.7373486081115178
소보루빵,bakery,bread,side,data\raw\images\VS1\C\02\C02066\03\측면\C_02_C02066_소보루빵_03_01.jpg,True,0.46054409077320446,True,0.9961776465415346,228.90585544906992,0.016832625954187674,3024,3024,0.5672892720306514,0.7373132099578955
호두과자,restaurant,delivery_food,side,data\raw\images\VS1\C\02\C02144\26\측면\C_02_C02144_호두과자_26_01.jpg,True,0.5015866553459917,True,0.9716004631028451,511.1141721460759,0.05368923626443012,3024,3024,0.5672892720306514,0.7373113769883373
케이준샐러드,cafe,brunch,front,data\raw\images\VS1\B\12\B12152\21\정위\B_12_B12152_케이준샐러드_21_09.jpg,True,0.47841510420852995,True,0.9788606143859597,427.1373453636052,0.04272180193776809,3024,3024,0.5672892720306514,0.737295935507939
단호박피자,restaurant,pizza,front,data\raw\images\VS1\B\12\B12043\04\정위\B_12_B12043_단호박피자_04_09.jpg,True,0.566927668349808,True,0.9361490072369086,917.673260353085,0.10678614728927871,3024,3024,0.5672892720306514,0.737295322433526
고구마식빵,bakery,bread,front,data\raw\images\VS1\C\02\C02008\19\단면\C_02_C02008_고구마식빵_19_08.jpg,True,0.4289316262991827,True,0.98994322068861,299.00106039624984,0.025987110427189732,3024,3024,0.5672892720306514,0.7372737790966185
육회초밥,pub,korean_pub_food,front,data\raw\images\VS1\B\12\B12128\29\정위\B_12_B12128_육회초밥_29_10.jpg,True,0.4252515871346701,True,0.9883837746480719,316.5629909776672,0.028280711265430712,3024,3024,0.5672892720306514,0.7372646654521054
아이스크림크로플,dessert,ice_cream,side,data\raw\images\VS1\C\02\C02076\19\측면\C_02_C02076_아이스크림크로플_19_01.jpg,True,0.4315754076795922,True,0.9991973816331595,192.03735874390688,0.01201757361380756,3024,3024,0.5672892720306514,0.7372561200173069
시나몬롤,bakery,bread,side,data\raw\images\VS1\C\02\C02072\09\측면\C_02_C02072_시나몬롤_09_03.jpg,True,0.4778399928629056,True,0.9925408686524352,381.4535647819101,0.03675546714613286,2992,2992,0.5472807577692635,0.7372054676903466
단호박샐러드,cafe,brunch,side,data\raw\images\VS1\B\12\B12042\09\측면\B_12_B12042_단호박샐러드_09_05.jpg,True,0.4171630345614724,True,0.9815012759905173,393.0578938090211,0.03827100091165,3024,3024,0.5672892720306514,0.7371979737840828
소세지크로와상,pub,grilled_side,side,data\raw\images\VS1\C\02\C02067\07\측면\C_02_C02067_소세지크로와상_07_02.jpg,True,0.6348382040816328,True,0.9607665282428072,630.9451783198997,0.06933925235653113,3024,3024,0.5672892720306514,0.737191199748746
콘수프,restaurant,western_food,side,data\raw\images\VS1\C\04\C04004\25\측면\C_04_C04004_콘수프_25_08.jpg,True,0.4383569835819657,True,0.9925690337741419,265.0354111551408,0.021551172065536132,3024,3024,0.5672892720306514,0.7371743353499474
아몬드크로와상,bakery,pastry,front,data\raw\images\VS1\C\02\C02074\10\단면\C_02_C02074_아몬드크로와상_10_07.jpg,True,0.7016633506362501,False,0.9935287633147983,327.74253993395945,0.029740768446412838,3024,3024,0.5672892720306514,0.7371595977460279
플레인크로플,dessert,cake,side,data\raw\images\VS1\C\02\C02139\11\측면\C_02_C02139_플레인크로플_11_04.jpg,True,0.444444311148807,True,0.9944150936324285,358.1229074636985,0.03370846642296724,2992,2992,0.5472807577692635,0.7371583350397114
불고기피자(팬),restaurant,korean_food,side,data\raw\images\VS1\B\11\B11052\24\측면\B_11_B11052_불고기피자(팬)_24_08.jpg,True,0.6751919291474829,True,0.9178097235592116,1122.798302091662,0.13357562612787724,3024,3024,0.5672892720306514,0.7371514330979365
갈비치킨,restaurant,meat_grill,front,data\raw\images\VS1\B\11\B11004\03\정위\B_11_B11004_갈비치킨_03_10.jpg,True,0.5143249595555693,True,0.9859143107359315,340.4691115254127,0.031402867902663806,3024,3024,0.5672892720306514,0.7371482576059099
순대전골,restaurant,korean_food,front,data\raw\images\VS1\B\12\B12109\17\정위\B_12_B12109_순대전골_17_09.jpg,True,0.5998104760971144,True,0.9891931338259686,302.5837506210782,0.02645501236227191,3024,3024,0.5672892720306514,0.7371423334248426
에그타르트,bakery,pastry,side,data\raw\images\VS1\C\02\C02085\04\측면\C_02_C02085_에그타르트_04_02.jpg,True,0.40178989207171933,True,0.9946219767684212,354.8594294935534,0.033282253839264975,2992,2992,0.5472807577692635,0.7371351574637689
후레쉬빵,bakery,bread,front,data\raw\images\VS1\C\02\C02148\26\단면\C_02_C02148_후레쉬빵_26_08.jpg,True,0.6246537396121886,True,0.9812272503868132,393.41578699937725,0.0383177420212106,3024,3024,0.5672892720306514,0.7371251143248837
주꾸미삽겹살볶음,restaurant,korean_food,side,data\raw\images\VS1\B\12\B12136\28\측면\B_12_B12136_주꾸미삽겹살볶음_28_03.jpg,True,0.4382151296524339,True,0.9903891726065144,287.3669901746264,0.02446769244015448,3024,3024,0.5672892720306514,0.7371036810745828
베이컨치즈버거,restaurant,western_food,side,data\raw\images\VS1\B\11\B11045\29\측면\B_11_B11045_베이컨치즈버거_29_06.jpg,True,0.46081961591220844,True,0.980087210029994,520.138261644768,0.0548677888809894,2992,2992,0.5472807577692635,0.7370918344505856
단호박샐러드,cafe,brunch,side,data\raw\images\VS1\B\12\B12042\09\측면\B_12_B12042_단호박샐러드_09_02.jpg,True,0.42513845338429784,True,0.9910944030077429,278.0505037412165,0.023250952572401,3024,3024,0.5672892720306514,0.7370719022214007
들깨수제비,restaurant,korean_food,front,data\raw\images\VS1\B\12\B12060\21\정위\B_12_B12060_들깨수제비_21_09.jpg,True,0.6109476240119291,True,0.9948045821574452,348.7485434630418,0.03248416770306267,2992,2992,0.5472807577692635,0.7370303218532356
치킨샐러드,cafe,brunch,side,data\raw\images\VS1\B\12\B12147\21\측면\B_12_B12147_치킨샐러드_21_04.jpg,True,0.5208128054052961,True,0.9853829542484241,340.51833706001116,0.03140929679309214,3024,3024,0.5672892720306514,0.7369901364377434
베이컨치즈버거,restaurant,western_food,side,data\raw\images\VS1\B\11\B11045\29\측면\B_11_B11045_베이컨치즈버거_29_08.jpg,True,0.4740075506646717,True,0.9817707371554292,496.75588288688715,0.051814033300387655,2992,2992,0.5472807577692635,0.7369861414720957
앙버터치아바타,bakery,bread,side,data\raw\images\VS1\C\02\C02077\29\측면\C_02_C02077_앙버터치아바타_29_05.jpg,True,0.44970132775079064,True,0.9988213431593238,185.95972036764545,0.011223829645301692,3024,3024,0.5672892720306514,0.736984559681455
연어샐러드,cafe,brunch,front,data\raw\images\VS1\B\12\B12119\03\정위\B_12_B12119_연어샐러드_03_09.jpg,True,0.40632055566046255,True,0.9940929718830691,238.6577487595753,0.01810623027506335,3024,3024,0.5672892720306514,0.736942528424531
당근케이크,dessert,cake,front,data\raw\images\VS1\C\02\C02024\09\정위\C_02_C02024_당근케이크_09_09.jpg,True,0.4663039958454139,True,0.9884575757987953,303.02701053280936,0.026512902427398406,3024,3024,0.5672892720306514,0.7369332440297159
메론빵,bakery,bread,front,data\raw\images\VS1\C\02\C02040\15\단면\C_02_C02040_메론빵_15_07.jpg,True,0.4219712682039552,True,0.9704718086773165,508.2242151921557,0.05331180579565208,3024,3024,0.5672892720306514,0.7368972945669231
얼그레이마카롱,dessert,cookie_macaron,front,data\raw\images\VS1\C\02\C02084\12\정위\C_02_C02084_얼그레이마카롱_12_10.jpg,True,0.4739135473530131,True,0.9802644266300022,395.1440840376337,0.03854345886465769,3024,3024,0.5672892720306514,0.7368814105665299
흑임자죽,restaurant,korean_food,side,data\raw\images\VS1\C\03\C03157\15\측면\C_03_C03157_흑임자죽_15_06.jpg,True,0.5391660298819593,True,0.9852545443520554,337.72816103788773,0.031044897786188325,3024,3024,0.5672892720306514,0.7368787336674519
양념반후라이드반치킨(뼈),restaurant,chicken,side,data\raw\images\VS1\B\11\B11082\23\측면\B_11_B11082_양념반후라이드반치킨(뼈)_23_04.jpg,True,0.5984108453140282,True,0.984298511712164,348.25525336131085,0.03241974365893034,3024,3024,0.5672892720306514,0.7368668930500328
모시떡,restaurant,delivery_food,side,data\raw\images\VS1\C\01\C01005\26\측면\C_01_C01005_모시떡_26_03.jpg,True,0.44493662855798394,True,0.9935283552776412,242.20676278153783,0.018569734073689875,3024,3024,0.5672892720306514,0.736865844202628
간장달걀밥,restaurant,korean_food,front,data\raw\images\VS1\B\12\B12002\30\정위\B_12_B12002_간장달걀밥_30_10.jpg,True,0.5363262976612284,True,0.9906638329048106,274.1249946360212,0.022738278243547575,3024,3024,0.5672892720306514,0.7368401963247503
바게트빵,bakery,bread,side,data\raw\images\VS1\C\02\C02046\23\측면\C_02_C02046_바게트빵_23_03.jpg,True,0.45029850030153834,True,0.9920877032083911,370.96711237601227,0.03538592887601859,2992,2992,0.5472807577692635,0.7367956104031105
단호박샐러드,cafe,brunch,side,data\raw\images\VS1\B\12\B12042\09\측면\B_12_B12042_단호박샐러드_09_04.jpg,True,0.4271536446690827,True,0.9895351368248663,285.29351416203053,0.024196894972956056,3024,3024,0.5672892720306514,0.7367933108466487
경주빵,bakery,bread,front,data\raw\images\VS1\C\02\C02005\19\정위\C_02_C02005_경주빵_19_09.jpg,True,0.5627920672347484,True,0.960418654325505,619.5909308957255,0.06785637942926667,3024,3024,0.5672892720306514,0.7367902629881026
두부샐러드,cafe,brunch,side,data\raw\images\VS1\B\12\B12059\05\측면\B_12_B12059_두부샐러드_05_05.jpg,True,0.4159977218964099,True,0.9614009431083353,607.5045246593329,0.0662778860314825,3024,3024,0.5672892720306514,0.7367692509433947
연어샐러드,cafe,brunch,side,data\raw\images\VS1\B\12\B12119\03\측면\B_12_B12119_연어샐러드_03_03.jpg,True,0.42911161208554266,True,0.9866924373273079,316.6285862691594,0.02828927805795126,3024,3024,0.5672892720306514,0.7367589776143803
딸기크로플,dessert,cake,front,data\raw\images\VS1\C\02\C02030\23\단면\C_02_C02030_딸기크로플_23_07.jpg,True,0.48873820985131533,True,0.9930467874641083,243.525454322438,0.018741956142873443,3024,3024,0.5672892720306514,0.7367558182724049
완두앙금빵,bakery,bread,front,data\raw\images\VS1\C\02\C02091\22\단면\C_02_C02091_완두앙금빵_22_08.jpg,True,0.5426674798273597,True,0.9637478435885832,580.0160551195336,0.06268787202441443,3024,3024,0.5672892720306514,0.7367553182860554
초코크로플,dessert,cake,front,data\raw\images\VS1\C\02\C02115\18\단면\C_02_C02115_초코크로플_18_08.jpg,True,0.615464088615087,True,0.9805588313013915,386.9106570900413,0.03746816734923764,3024,3024,0.5672892720306514,0.7367546736648626
슈크림크로와상,bakery,pastry,side,data\raw\images\VS1\C\02\C02071\28\측면\C_02_C02071_슈크림크로와상_28_05.jpg,True,0.40195709951945024,True,0.9870466321243524,311.5497283853067,0.027625975544272194,3024,3024,0.5672892720306514,0.7367325755507578
소고기타다끼초밥,restaurant,japanese_food,side,data\raw\images\VS1\B\12\B12108\32\측면\B_12_B12108_소고기타다끼초밥_32_06.jpg,True,0.5430049975301834,True,0.9492845298166667,744.0637753867061,0.08411262296349613,3024,3024,0.5672892720306514,0.7367012743422968
명란바게트,bakery,bread,front,data\raw\images\VS1\C\02\C02041\20\단면\C_02_C02041_명란바게트_20_08.jpg,True,0.5120565585153393,True,0.9808195220733883,381.0438507553294,0.036701958197874134,3024,3024,0.5672892720306514,0.7366796390661888
마늘빵,bakery,bread,side,data\raw\images\VS1\C\02\C02035\12\측면\C_02_C02035_마늘빵_12_02.jpg,True,0.5281958403401248,True,0.990011714958682,275.4397094395206,0.022909980947949826,3024,3024,0.5672892720306514,0.7366789014817922
순살양념파닭,restaurant,chicken,side,data\raw\images\VS1\B\11\B11072\29\측면\B_11_B11072_순살양념파닭_29_05.jpg,True,0.5158214486770498,True,0.9440173523505059,803.511817374002,0.09187658025177523,3024,3024,0.5672892720306514,0.7366739125601044
닭윙간장치킨,restaurant,chicken,side,data\raw\images\VS1\B\11\B11026\19\측면\B_11_B11026_닭윙간장치킨_19_02.jpg,True,0.4575964226105485,True,0.9763508709532182,546.4611744956392,0.05830558034131926,2992,2992,0.5472807577692635,0.7366584910196187
버섯샐러드,cafe,brunch,front,data\raw\images\VS1\B\12\B12088\21\정위\B_12_B12088_버섯샐러드_21_10.jpg,True,0.45857185947837276,True,0.9910313901345291,261.8529161079429,0.02113553591015385,3024,3024,0.5672892720306514,0.7366299150269872
햄치즈파니니,bakery,sandwich,side,data\raw\images\VS1\C\02\C02143\12\측면\C_02_C02143_햄치즈파니니_12_06.jpg,True,0.5088120537471188,True,0.9944900770297151,221.95127360556077,0.01592435253447799,3024,3024,0.5672892720306514,0.7366252844204079
양송이수프,restaurant,western_food,front,data\raw\images\VS1\C\04\C04003\02\정위\C_04_C04003_양송이수프_02_09.jpg,True,0.45459360136255084,True,0.9545464739731652,795.3276828728755,0.09080772636552181,2992,2992,0.5472807577692635,0.7366176011304434
피자돈까스,restaurant,japanese_food,front,data\raw\images\VS1\B\12\B12163\23\정위\B_12_B12163_피자돈까스_23_09.jpg,True,0.4935702286894113,True,0.9922540145124523,246.81906126342008,0.019172103591962333,3024,3024,0.5672892720306514,0.7366040158767257
시나몬롤,bakery,bread,front,data\raw\images\VS1\C\02\C02072\23\단면\C_02_C02072_시나몬롤_23_08.jpg,True,0.590193225146899,True,0.9838043242368127,341.11872684754445,0.031487708133666206,3024,3024,0.5672892720306514,0.7365322297023746
치즈라볶이,restaurant,delivery_food,side,data\raw\images\VS1\B\11\B11104\20\측면\B_11_B11104_치즈라볶이_20_07.jpg,True,0.5722273520057454,True,0.9641738282022139,566.284894471272,0.06089457251062416,3024,3024,0.5672892720306514,0.7365244537673866
버팔로윙,restaurant,western_food,front,data\raw\images\VS1\B\12\B12090\26\정위\B_12_B12090_버팔로윙_26_10.jpg,True,0.4702859594198665,True,0.943099484042229,807.5678762754907,0.09240630447846435,3024,3024,0.5672892720306514,0.7365044969129592
크림떡볶이,restaurant,korean_food,front,data\raw\images\VS1\B\11\B11117\14\정위\B_11_B11117_크림떡볶이_14_10.jpg,True,0.5285505096129108,True,0.9887868459689867,282.5440430771824,0.02383781206030636,3024,3024,0.5672892720306514,0.7364970070073549
딸기롤케잌,dessert,cake,side,data\raw\images\VS1\C\02\C02025\11\측면\C_02_C02025_딸기롤케잌_11_03.jpg,True,0.4719046666869714,True,0.9883495645964806,286.3965115411809,0.024340947228581856,3024,3024,0.5672892720306514,0.7364664496292581
딸기케이크,dessert,cake,front,data\raw\images\VS1\C\02\C02027\13\정위\C_02_C02027_딸기케이크_13_09.jpg,True,0.499366752772072,True,0.9640508514497823,564.2800497302355,0.06063273833713929,3024,3024,0.5672892720306514,0.7364351939069601
마약옥수수,pub,korean_pub_food,side,data\raw\images\VS1\B\12\B12067\12\측면\B_12_B12067_마약옥수수_12_04.jpg,True,0.4386626432314087,True,0.9936788288317334,223.94469266609212,0.01618469450582356,3024,3024,0.5672892720306514,0.7364339783552823
말차라떼,cafe,coffee,front,data\raw\images\VS1\D\08\D08005\08\정위\D_08_D08005_말차라떼_08_03.jpg,True,0.4747812672260086,True,0.9919547030234557,243.5278425793478,0.01874226805095353,3024,3024,0.5672892720306514,0.736428255321825
쇠고기수프,restaurant,western_food,front,data\raw\images\VS1\C\04\C04002\12\정위\C_04_C04002_쇠고기수프_12_09.jpg,True,0.4456965385810885,True,0.9960095554109112,196.88702040666826,0.012650942935211457,3024,3024,0.5672892720306514,0.7364264460149131
민물새우튀김,pub,seafood_side,side,data\raw\images\VS1\B\12\B12085\27\측면\B_12_B12085_민물새우튀김_27_03.jpg,True,0.4843223305115274,True,0.9894456861472916,271.9186751791281,0.022450131326424927,3024,3024,0.5672892720306514,0.73641712291407
에그마요샌드위치,cafe,brunch,side,data\raw\images\VS1\B\11\B11084\10\측면\B_11_B11084_에그마요샌드위치_10_07.jpg,True,0.3999549069193155,False,0.9791212560812462,391.7028703128899,0.0380940338628307,3024,3024,0.5672892720306514,0.7364091179559387
크림치즈호두빵,bakery,bread,front,data\raw\images\VS1\C\02\C02132\18\정위\C_02_C02132_크림치즈호두빵_18_09.jpg,True,0.551473212387636,True,0.9221294713426145,1044.671543956909,0.12337221499854922,3024,3024,0.5672892720306514,0.7364066752070919
아몬드크로와상,bakery,pastry,front,data\raw\images\VS1\C\02\C02074\10\단면\C_02_C02074_아몬드크로와상_10_08.jpg,True,0.6658989345168638,True,0.9849416884152072,323.010224294083,0.029122724600485875,3024,3024,0.5672892720306514,0.736400442249257
단호박샐러드,cafe,brunch,front,data\raw\images\VS1\B\12\B12042\09\정위\B_12_B12042_단호박샐러드_09_09.jpg,True,0.459578188683479,True,0.9972183588317107,181.38119805459274,0.010625871319112067,3024,3024,0.5672892720306514,0.7363840727179333
약밥,restaurant,delivery_food,front,data\raw\images\VS1\C\01\C01016\21\단면\C_01_C01016_약밥_21_07.jpg,True,0.4773494949494954,True,0.9840570346206475,330.29786697238166,0.03007449600615542,3024,3024,0.5672892720306514,0.736325400392023
자장떡볶이,restaurant,korean_food,side,data\raw\images\VS1\B\11\B11090\22\측면\B_11_B11090_자장떡볶이_22_08.jpg,True,0.43715483373020414,True,0.9942654998252884,212.60552559541466,0.014703791083634916,3024,3024,0.5672892720306514,0.7363137989689111
크림치즈호두빵,bakery,bread,side,data\raw\images\VS1\C\02\C02132\18\측면\C_02_C02132_크림치즈호두빵_18_06.jpg,True,0.5699304895679296,True,0.925498426023085,1001.1541234323463,0.11768880839752126,3024,3024,0.5672892720306514,0.7362806802910273
해물라면,restaurant,korean_food,front,data\raw\images\VS1\B\12\B12166\08\정위\B_12_B12166_해물라면_08_10.jpg,True,0.4211293048190664,True,0.9875587740358729,287.86350684793626,0.02453253787686912,3024,3024,0.5672892720306514,0.7362675305907334
녹차롤케잌,cafe,tea,side,data\raw\images\VS1\C\02\C02018\04\측면\C_02_C02018_녹차롤케잌_04_06.jpg,True,0.4186977430882656,True,0.9841827768014061,440.28702718909346,0.044439159896662146,2992,2992,0.5472807577692635,0.7362347786851436
닭계장,restaurant,korean_food,side,data\raw\images\VS1\B\12\B12048\23\측면\B_12_B12048_닭계장_23_01.jpg,True,0.5355697112680352,True,0.9813092861908211,358.041946500305,0.03369789286258086,3024,3024,0.5672892720306514,0.7362257552343601
베이컨치즈버거,restaurant,western_food,side,data\raw\images\VS1\B\11\B11045\29\측면\B_11_B11045_베이컨치즈버거_29_02.jpg,True,0.45280324631670665,True,0.9735466303902974,561.8537746082499,0.06031586505103952,2992,2992,0.5472807577692635,0.7362192757926865
두부샐러드,cafe,brunch,side,data\raw\images\VS1\B\12\B12059\26\측면\B_12_B12059_두부샐러드_26_08.jpg,True,0.40385181187620545,True,0.9695732130279973,139.9010573607247,0.005208534937741902,3120,3120,0.6285919540229885,0.7362024639993957
우삼겹떡볶이,restaurant,korean_food,front,data\raw\images\VS1\B\11\B11087\10\정위\B_11_B11087_우삼겹떡볶이_10_10.jpg,True,0.45744980296490834,True,0.9958840738864568,189.6573725057454,0.011706745689420638,3024,3024,0.5672892720306514,0.7361999621084188
고구마식빵,bakery,bread,side,data\raw\images\VS1\C\02\C02008\19\측면\C_02_C02008_고구마식빵_19_01.jpg,True,0.41686009520218686,True,0.9673230290829217,517.683647986251,0.05454721456151854,3024,3024,0.5672892720306514,0.7361997424417778
레인보우케이크,dessert,cake,side,data\raw\images\VS1\C\02\C02033\16\측면\C_02_C02033_레인보우케이크_16_02.jpg,True,0.5592155612244898,True,0.9024780898506203,1262.0403694373956,0.15176074085099936,3024,3024,0.5672892720306514,0.7361889659299835
치즈크로플,dessert,cake,front,data\raw\images\VS1\C\02\C02120\21\정위\C_02_C02120_치즈크로플_21_09.jpg,True,0.43367735604371155,True,0.9719361928251505,111.26797223722093,0.0014690333074266432,3120,3120,0.6285919540229885,0.7361634576124788
우럭매운탕,restaurant,korean_food,front,data\raw\images\VS1\B\12\B12124\27\정위\B_12_B12124_우럭매운탕_27_09.jpg,True,0.5966680622719897,True,0.980824598685639,360.556508902554,0.034026296531350066,3024,3024,0.5672892720306514,0.7361460297165593
닭계장,restaurant,korean_food,side,data\raw\images\VS1\B\12\B12048\28\측면\B_12_B12048_닭계장_28_04.jpg,True,0.6458980825356238,True,0.9972797226551098,171.1586936230951,0.009290804845394525,3024,3024,0.5672892720306514,0.7361354685702095
순살로제치킨,restaurant,chicken,front,data\raw\images\VS1\B\11\B11066\10\정위\B_11_B11066_순살로제치킨_10_10.jpg,True,0.4431628860694605,True,0.9894611009826162,260.8370818920281,0.02100286722670048,3024,3024,0.5672892720306514,0.7361322945447226
양평해장국,restaurant,korean_food,front,data\raw\images\VS1\B\12\B12114\03\정위\B_12_B12114_양평해장국_03_09.jpg,True,0.4050371401610677,True,0.9874221767294776,284.0192067074192,0.02403046949754927,3024,3024,0.5672892720306514,0.7361261377229507
말차까눌레,cafe,tea,front,data\raw\images\VS1\C\02\C02037\17\단면\C_02_C02037_말차까눌레_17_08.jpg,True,0.5841936078294871,True,0.9774571607111654,397.27953774562627,0.038822350663709614,3024,3024,0.5672892720306514,0.7360950091506893
호두과자,restaurant,delivery_food,side,data\raw\images\VS1\C\02\C02144\10\측면\C_02_C02144_호두과자_10_02.jpg,True,0.5677756992057993,True,0.9925431949614103,224.00361902578558,0.016192390331026877,3024,3024,0.5672892720306514,0.736094827359226
앙버터치아바타,bakery,bread,side,data\raw\images\VS1\C\02\C02077\29\측면\C_02_C02077_앙버터치아바타_29_01.jpg,True,0.4430557057869117,True,0.9950666968754427,195.01610260367838,0.012406599716718262,3024,3024,0.5672892720306514,0.7360947198105742
크림치즈호두빵,bakery,bread,front,data\raw\images\VS1\C\02\C02132\12\정위\C_02_C02132_크림치즈호두빵_12_10.jpg,True,0.40174010289102385,True,0.9966907196964555,175.84460492276858,0.009902788250922062,3024,3024,0.5672892720306514,0.7360811643637187
가리비초밥,restaurant,japanese_food,front,data\raw\images\VS1\B\12\B12001\01\정위\B_12_B12001_가리비초밥_01_09.jpg,True,0.4621267477278511,True,0.9918325542614675,231.3890574348218,0.017156933929876224,3024,3024,0.5672892720306514,0.736074543869013
해물라면,restaurant,korean_food,front,data\raw\images\VS1\B\12\B12166\02\정위\B_12_B12166_해물라면_02_09.jpg,True,0.5228080232426124,True,0.9948050660942266,196.99613366357508,0.012665193205496063,3024,3024,0.5672892720306514,0.7360679492739648
훈제치킨(뼈),restaurant,chicken,side,data\raw\images\VS1\B\11\B11132\27\측면\B_11_B11132_훈제치킨(뼈)_27_06.jpg,True,0.6795273131835968,True,0.9852979483255064,305.60906302630485,0.026850120350906764,3024,3024,0.5672892720306514,0.736052799372431
새우피자(씬),pub,seafood_side,side,data\raw\images\VS1\B\11\B11060\18\측면\B_11_B11060_새우피자(씬)_18_03.jpg,True,0.5290026955551369,True,0.9939219358835953,205.82866927390583,0.013818728745665186,3024,3024,0.5672892720306514,0.7360337173188093
머랭쿠키,dessert,cookie_macaron,front,data\raw\images\VS1\C\02\C02039\28\정위\C_02_C02039_머랭쿠키_28_09.jpg,True,0.5175817855939727,True,0.9932472749409198,213.3989579045772,0.014807413917180805,3024,3024,0.5672892720306514,0.7360290560703097
코다리냉면,restaurant,korean_food,side,data\raw\images\VS1\B\12\B12154\30\측면\B_12_B12154_코다리냉면_30_04.jpg,True,0.575568429248209,True,0.995484002600638,187.5871570195957,0.011436374049334746,3024,3024,0.5672892720306514,0.7360258663946558
치즈라볶이,restaurant,delivery_food,side,data\raw\images\VS1\B\11\B11104\03\측면\B_11_B11104_치즈라볶이_03_01.jpg,True,0.5232937953317486,True,0.9911061358728478,237.78358144623041,0.017992063391567507,3024,3024,0.5672892720306514,0.7360236442447654
마늘바게트,bakery,bread,side,data\raw\images\VS1\C\02\C02034\25\측면\C_02_C02034_마늘바게트_25_05.jpg,True,0.6992741369311077,True,0.9671468093981912,512.9036957072635,0.05392294933606331,3024,3024,0.5672892720306514,0.7360220234912677
클럽샌드위치,cafe,brunch,side,data\raw\images\VS1\B\11\B11118\02\측면\B_11_B11118_클럽샌드위치_02_02.jpg,True,0.4813332926345348,True,0.997790055248619,275.8380650390588,0.022962006477420124,2992,2992,0.5472807577692635,0.7360215315354591
모시떡,restaurant,delivery_food,front,data\raw\images\VS1\C\01\C01005\26\정위\C_01_C01005_모시떡_26_09.jpg,True,0.44503574389162737,True,0.9934282584884995,210.51115922419885,0.014430265320488628,3024,3024,0.5672892720306514,0.7360079214152452
순살크림(크리미)치킨,restaurant,chicken,side,data\raw\images\VS1\B\11\B11074\22\측면\B_11_B11074_순살크림(크리미)치킨_22_02.jpg,True,0.5824144562131802,True,0.9914053319413791,347.85172075456865,0.032367042008574154,2992,2992,0.5472807577692635,0.7359871216495181
빨미까레,bakery,bread,side,data\raw\images\VS1\C\02\C02058\06\측면\C_02_C02058_빨미까레_06_04.jpg,True,0.4343228650137745,True,0.998285801742578,153.53667090452223,0.006989355930570357,3024,3024,0.5672892720306514,0.7359770025134852
빨간참치김밥,restaurant,korean_food,front,data\raw\images\VS1\B\11\B11054\12\정위\B_11_B11054_빨간참치김밥_12_09.jpg,True,0.41116120855427973,True,0.9950879627189947,189.88347677238656,0.011736275070207894,3024,3024,0.5672892720306514,0.7359670346343375
치킨마요덮밥,restaurant,japanese_food,side,data\raw\images\VS1\B\11\B11108\28\측면\B_11_B11108_치킨마요덮밥_28_02.jpg,True,0.39824897518981645,False,0.9481035805455332,788.0082804126808,0.08985180710936161,3024,3024,0.5672892720306514,0.7359626796812194
생크림식빵,bakery,bread,side,data\raw\images\VS1\C\02\C02061\25\측면\C_02_C02061_생크림식빵_25_02.jpg,True,0.49733228267560736,True,0.9747433309083898,422.7981485027566,0.04215509968876445,3024,3024,0.5672892720306514,0.7359474100148674
에그마요샌드위치,cafe,brunch,side,data\raw\images\VS1\B\11\B11084\10\측면\B_11_B11084_에그마요샌드위치_10_04.jpg,True,0.42171239669421506,True,0.9723992786988226,449.44539458296464,0.045635249303468496,3024,3024,0.5672892720306514,0.7359402242749381
비빔밀면,restaurant,korean_food,front,data\raw\images\VS1\B\12\B12095\06\정위\B_12_B12095_비빔밀면_06_10.jpg,True,0.44937456121608027,True,0.9890334622976359,257.81574585629687,0.02060827855479824,3024,3024,0.5672892720306514,0.7359250852048481
캘리포니아롤,restaurant,delivery_food,front,data\raw\images\VS1\B\12\B12151\18\정위\B_12_B12151_캘리포니아롤_18_09.jpg,True,0.48918974907280555,True,0.9607446778119083,697.0762334860572,0.07797601600046405,2992,2992,0.5472807577692635,0.7359107202090548
생크림와플,dessert,cake,front,data\raw\images\VS1\C\02\C02062\20\단면\C_02_C02062_생크림와플_20_07.jpg,True,0.570792625926411,True,0.9506039777715012,697.678491070308,0.0780546712766406,3024,3024,0.5672892720306514,0.7358855183913762
갈비치킨,restaurant,meat_grill,side,data\raw\images\VS1\B\11\B11004\18\측면\B_11_B11004_갈비치킨_18_04.jpg,True,0.5236211647746001,True,0.9321122016123251,909.2585067605052,0.10568717438285155,3024,3024,0.5672892720306514,0.7358644861648654
밤식빵,bakery,bread,side,data\raw\images\VS1\C\02\C02051\28\측면\C_02_C02051_밤식빵_28_04.jpg,True,0.4834569300935349,True,0.9933815204008095,205.06678986305462,0.013719226743464137,3024,3024,0.5672892720306514,0.7358516922735333
양념닭가슴살,restaurant,delivery_food,front,data\raw\images\VS1\C\06\C06011\28\정위\C_06_C06011_양념닭가슴살_28_10.jpg,True,0.4197972385717466,True,0.9403711723402929,813.0017964579421,0.09311597838519262,3024,3024,0.5672892720306514,0.7358279381837239
깨찰빵,bakery,bread,side,data\raw\images\VS1\C\02\C02016\11\측면\C_02_C02016_깨찰빵_11_05.jpg,True,0.5186403301795134,True,0.9745134107008476,420.5307518374825,0.04185897604404396,3024,3024,0.5672892720306514,0.7358192092236607
해물라면,restaurant,korean_food,front,data\raw\images\VS1\B\12\B12166\02\정위\B_12_B12166_해물라면_02_10.jpg,True,0.5224469067405356,True,0.9912280701754387,227.77567347020565,0.01668502337017389,3024,3024,0.5672892720306514,0.735798816531264
불고기버거,restaurant,korean_food,side,data\raw\images\VS1\B\11\B11049\27\측면\B_11_B11049_불고기버거_27_07.jpg,True,0.582151479289941,True,0.9857225298513306,288.2585808618722,0.024584134828885856,3024,3024,0.5672892720306514,0.735726976725774
연어샐러드,cafe,brunch,front,data\raw\images\VS1\B\12\B12119\03\정위\B_12_B12119_연어샐러드_03_10.jpg,True,0.4018960142182857,True,0.989204476623106,247.98749595601657,0.01932470200806157,3024,3024,0.5672892720306514,0.7357196741931418
베이컨치즈버거,restaurant,western_food,side,data\raw\images\VS1\B\11\B11045\29\측면\B_11_B11045_베이컨치즈버거_29_03.jpg,True,0.5431523965022693,True,0.9732942270750566,545.3740150325656,0.05816359652899024,2992,2992,0.5472807577692635,0.7357131010937045
새우만두,pub,seafood_side,side,data\raw\images\VS1\B\12\B12101\29\측면\B_12_B12101_새우만두_29_03.jpg,True,0.40013280020786124,True,0.9947842492430918,183.49273514684023,0.010901639590846399,3024,3024,0.5672892720306514,0.7357089934956944
불고기버거,restaurant,korean_food,front,data\raw\images\VS1\B\11\B11049\17\정위\B_11_B11049_불고기버거_17_10.jpg,True,0.46820301783264706,True,0.9881423625232726,259.4003398267272,0.020815227673632374,3024,3024,0.5672892720306514,0.7356991450963059
스팸김밥,restaurant,korean_food,side,data\raw\images\VS1\B\11\B11078\26\측면\B_11_B11078_스팸김밥_26_05.jpg,True,0.385283041955735,False,0.9753864128650118,898.4987008280387,0.10428193594442335,3024,3024,0.5672892720306514,0.7356883635642539
차돌짬뽕,cafe,tea,side,data\raw\images\VS1\B\11\B11097\26\측면\B_11_B11097_차돌짬뽕_26_01.jpg,True,0.6656486760524731,True,0.9637009119973222,539.2215838541026,0.05736008456641171,3024,3024,0.5672892720306514,0.7356756813170767
팥붕어빵,bakery,bread,front,data\raw\images\VS1\C\02\C02111\14\단면\C_02_C02111_팥붕어빵_14_07.jpg,True,0.5189135980814988,True,0.9731141070822267,430.7090518895284,0.04318826939382764,3024,3024,0.5672892720306514,0.7356652768080312
사과주스,cafe,ade_juice,front,data\raw\images\VS1\D\07\D07019\20\정위\D_07_D07019_사과주스_20_03.jpg,True,0.4622073811263001,True,0.9906194467586144,228.9645766091408,0.016840294980171845,3024,3024,0.5672892720306514,0.7356472838282162
레인보우케이크,dessert,cake,front,data\raw\images\VS1\C\02\C02033\16\단면\C_02_C02033_레인보우케이크_16_07.jpg,True,0.5574835711027786,True,0.9745187284583862,413.0046967064608,0.04087606779958112,3024,3024,0.5672892720306514,0.7356242229020298
불고기버거,restaurant,korean_food,side,data\raw\images\VS1\B\11\B11049\27\측면\B_11_B11049_불고기버거_27_05.jpg,True,0.5965927634670427,True,0.9854071153191071,287.6458693374114,0.024504114260555505,3024,3024,0.5672892720306514,0.7356163482524408
시래기해장국,restaurant,korean_food,side,data\raw\images\VS1\B\12\B12111\19\측면\B_12_B12111_시래기해장국_19_01.jpg,True,0.45381028890707426,True,0.9858233677059286,282.7071060876434,0.023859108207432422,3024,3024,0.5672892720306514,0.7356122227578628
감자핫도그,restaurant,delivery_food,side,data\raw\images\VS1\C\02\C02003\25\측면\C_02_C02003_감자핫도그_25_02.jpg,True,0.5759823691460062,True,0.9922386372879601,208.940675323816,0.014225158987009925,3024,3024,0.5672892720306514,0.7356100137883876
버터크림빵,bakery,bread,side,data\raw\images\VS1\C\02\C02053\23\측면\C_02_C02053_버터크림빵_23_01.jpg,True,0.39839791705760896,False,0.9692627579501454,526.1895574649996,0.05565809249262155,3024,3024,0.5672892720306514,0.7356020141135734
깜빠뉴,bakery,bread,front,data\raw\images\VS1\C\02\C02015\23\단면\C_02_C02015_깜빠뉴_23_07.jpg,True,0.40103019863146966,True,0.9582561281533863,712.8051574058121,0.08003022484269415,2992,2992,0.5472807577692635,0.7355749970799442
크리스피치킨(뼈),restaurant,chicken,side,data\raw\images\VS1\B\11\B11115\02\측면\B_11_B11115_크리스피치킨(뼈)_02_06.jpg,True,0.44048762667558017,True,0.9770673193882352,381.41637456624636,0.03675061007706377,3024,3024,0.5672892720306514,0.7355637086364809
아보카도샌드위치,cafe,brunch,side,data\raw\images\VS1\B\11\B11080\14\측면\B_11_B11080_아보카도샌드위치_14_05.jpg,True,0.4580184832773358,True,0.9831407224425419,309.7542544644902,0.027391485351366977,3024,3024,0.5672892720306514,0.7355139046076336
딸기케이크,dessert,cake,front,data\raw\images\VS1\C\02\C02027\13\단면\C_02_C02027_딸기케이크_13_08.jpg,True,0.4358053207397461,True,0.9742180101905389,411.31843978808007,0.04065584142620164,3024,3024,0.5672892720306514,0.7354899621469996
닭윙간장치킨,restaurant,chicken,side,data\raw\images\VS1\B\11\B11026\19\측면\B_11_B11026_닭윙간장치킨_19_06.jpg,True,0.4229804992636904,True,0.9696621217703938,576.9951363985887,0.06229333785412518,2992,2992,0.5472807577692635,0.7354494177673326
후레쉬빵,bakery,bread,side,data\raw\images\VS1\C\02\C02148\10\측면\C_02_C02148_후레쉬빵_10_03.jpg,True,0.44623328193911516,True,0.9715963084416008,439.02721981251887,0.04427462814193633,3024,3024,0.5672892720306514,0.7354272089654651
슈크림크로와상,bakery,pastry,front,data\raw\images\VS1\C\02\C02071\07\단면\C_02_C02071_슈크림크로와상_07_07.jpg,True,0.6169634908221363,True,0.9895659612310727,231.83658170698766,0.017215380923560324,3024,3024,0.5672892720306514,0.7354062553586315
애플크럼블,restaurant,delivery_food,side,data\raw\images\VS1\C\02\C02080\05\측면\C_02_C02080_애플크럼블_05_03.jpg,True,0.5888609408643418,True,0.9925324141979351,197.76105252827375,0.012765092162568334,3024,3024,0.5672892720306514,0.7354061334964918
치킨샐러드,cafe,brunch,side,data\raw\images\VS1\B\12\B12147\21\측면\B_12_B12147_치킨샐러드_21_03.jpg,True,0.5812882031089032,True,0.9766057329956842,380.6729199180423,0.03665351436219291,3024,3024,0.5672892720306514,0.7354058135757414
약밥,restaurant,delivery_food,front,data\raw\images\VS1\C\01\C01016\21\정위\C_01_C01016_약밥_21_10.jpg,True,0.4298351326308947,True,0.9884889114344598,243.0811283097116,0.018683926844185756,3024,3024,0.5672892720306514,0.7353768496037727
클럽샌드위치,cafe,brunch,side,data\raw\images\VS1\B\11\B11118\02\측면\B_11_B11118_클럽샌드위치_02_03.jpg,True,0.49299352862239876,True,0.9922825999324797,314.25947423848453,0.027979870312928493,2992,2992,0.5472807577692635,0.735372867707719
닭윙간장치킨,restaurant,chicken,side,data\raw\images\VS1\B\11\B11026\19\측면\B_11_B11026_닭윙간장치킨_19_07.jpg,True,0.4480361268641041,True,0.9786754507687505,469.7574713287976,0.04828802122023903,2992,2992,0.5472807577692635,0.7353523531400624
로제치킨(뼈),restaurant,chicken,side,data\raw\images\VS1\B\12\B12065\27\측면\B_12_B12065_로제치킨(뼈)_27_01.jpg,True,0.5407186217136866,True,0.9871761107476051,256.94860188023006,0.0204950289242316,3024,3024,0.5672892720306514,0.7353452298137255
케이준샐러드,cafe,brunch,side,data\raw\images\VS1\B\12\B12152\21\측면\B_12_B12152_케이준샐러드_21_01.jpg,True,0.6447830200195312,True,0.9693353154919774,461.81877358773545,0.047251221552399074,3024,3024,0.5672892720306514,0.7353442297626707
빈대떡,restaurant,delivery_food,front,data\raw\images\VS1\B\12\B12097\04\정위\B_12_B12097_빈대떡_04_09.jpg,True,0.47023417615786,True,0.9895441504199637,344.4341519448901,0.03192070504975944,2992,2992,0.5472807577692635,0.7353394998013304
명란바게트,bakery,bread,side,data\raw\images\VS1\C\02\C02041\20\측면\C_02_C02041_명란바게트_20_02.jpg,True,0.5139268785728733,True,0.9676952338915829,480.2593058216753,0.04965956840204029,3024,3024,0.5672892720306514,0.7353338746524806
소세지크로와상,pub,grilled_side,front,data\raw\images\VS1\C\02\C02067\03\단면\C_02_C02067_소세지크로와상_03_08.jpg,True,0.4833404409652121,True,0.9845613274588702,286.489174519059,0.024353049080525175,3024,3024,0.5672892720306514,0.7353323988583637
마라떡볶이,restaurant,korean_food,side,data\raw\images\VS1\B\11\B11038\29\측면\B_11_B11038_마라떡볶이_29_04.jpg,True,0.503957297519458,True,0.9506210289803491,675.4042312729075,0.07514563683389132,3024,3024,0.5672892720306514,0.7353088268654807
찰순대,restaurant,korean_food,front,data\raw\images\VS1\B\12\B12139\20\정위\B_12_B12139_찰순대_20_09.jpg,True,0.5109675857865099,True,0.9827681670161357,304.9700523168142,0.02676666508998667,3024,3024,0.5672892720306514,0.7352771739274357
닭계장,restaurant,korean_food,side,data\raw\images\VS1\B\12\B12048\23\측면\B_12_B12048_닭계장_23_02.jpg,True,0.5665014411739016,True,0.9829703507744004,301.4420845728446,0.026305909950490907,3024,3024,0.5672892720306514,0.7352456780270159
연어샐러드,cafe,brunch,side,data\raw\images\VS1\B\12\B12119\03\측면\B_12_B12119_연어샐러드_03_02.jpg,True,0.43838986841902294,True,0.9849372672839156,278.5491240659244,0.023316072747509995,3024,3024,0.5672892720306514,0.7352377855392743
호두과자,restaurant,delivery_food,side,data\raw\images\VS1\C\02\C02144\10\측면\C_02_C02144_호두과자_10_01.jpg,True,0.615709696416701,True,0.9904610492845787,214.46562575023293,0.014946721509451406,3024,3024,0.5672892720306514,0.7352210498918614
쑥버무리,restaurant,korean_food,front,data\raw\images\VS1\C\01\C01013\06\단면\C_01_C01013_쑥버무리_06_08.jpg,True,0.601342211553117,True,0.9791523825831693,344.2975866306793,0.0319028695209321,3024,3024,0.5672892720306514,0.7352196794837349
순대전골,restaurant,korean_food,front,data\raw\images\VS1\B\12\B12109\18\정위\B_12_B12109_순대전골_18_10.jpg,True,0.595663983268796,True,0.9836541340640067,291.69394018676405,0.025032795241857097,3024,3024,0.5672892720306514,0.7351961900721711
우럭초밥,restaurant,japanese_food,front,data\raw\images\VS1\B\12\B12125\22\정위\B_12_B12125_우럭초밥_22_09.jpg,True,0.3938696340841368,False,0.9614868685302632,751.4058724541139,0.08507150615177565,3024,3024,0.5672892720306514,0.7351896824176514
빨간참치김밥,restaurant,korean_food,side,data\raw\images\VS1\B\11\B11054\29\측면\B_11_B11054_빨간참치김밥_29_03.jpg,True,0.4030108190823917,True,0.997103538889249,136.47125289898923,0.004760599993917278,3024,3024,0.5672892720306514,0.7351765724701558
쇠고기수프,restaurant,western_food,side,data\raw\images\VS1\C\04\C04002\12\측면\C_04_C04002_쇠고기수프_12_07.jpg,True,0.49500107972955765,True,0.9881786282816084,238.59965152578505,0.01809864273430278,3024,3024,0.5672892720306514,0.7351667078359406
불고기피자(팬),restaurant,korean_food,side,data\raw\images\VS1\B\11\B11052\24\측면\B_11_B11052_불고기피자(팬)_24_07.jpg,True,0.6813269723148337,True,0.8487113810039641,1839.5344041621984,0.22718187954548308,3024,3024,0.5672892720306514,0.7351431810148835
초코크레이프,dessert,cake,front,data\raw\images\VS1\C\02\C02113\03\단면\C_02_C02113_초코크레이프_03_07.jpg,True,0.3994112264788957,False,0.9844939756113028,298.6976936690173,0.02594749051315755,3024,3024,0.5672892720306514,0.7351159047596537
호두과자,restaurant,delivery_food,side,data\raw\images\VS1\C\02\C02144\26\측면\C_02_C02144_호두과자_26_03.jpg,True,0.572575792908946,True,0.9672103136761541,477.0550546834098,0.04924109088542622,3024,3024,0.5672892720306514,0.7351047030845291
호두과자,restaurant,delivery_food,side,data\raw\images\VS1\C\02\C02144\10\측면\C_02_C02144_호두과자_10_04.jpg,True,0.6207744659823453,True,0.990937761527975,204.53179435996648,0.013649355943744857,3024,3024,0.5672892720306514,0.7351045904517391
마늘바게트,bakery,bread,front,data\raw\images\VS1\C\02\C02034\18\정위\C_02_C02034_마늘바게트_18_09.jpg,True,0.6019584813171026,True,0.9794037386107284,336.9961052718255,0.030949290773571152,3024,3024,0.5672892720306514,0.7351043705425303
콩나물불고기(콩불),restaurant,korean_food,front,data\raw\images\VS1\B\12\B12157\12\정위\B_12_B12157_콩나물불고기(콩불)_12_10.jpg,True,0.4003438016528926,True,0.9818181818181818,308.62076215987963,0.027243450436416034,3024,3024,0.5672892720306514,0.7350875354373354
딸기롤케잌,dessert,cake,side,data\raw\images\VS1\C\02\C02025\11\측면\C_02_C02025_딸기롤케잌_11_02.jpg,True,0.48566945267878214,True,0.9879021237489735,238.5019490762092,0.01808588272371018,3024,3024,0.5672892720306514,0.7350812044740317
앙버터치아바타,bakery,bread,side,data\raw\images\VS1\C\02\C02077\29\측면\C_02_C02077_앙버터치아바타_29_06.jpg,True,0.4655922120064899,True,0.997035453771167,133.4492995954379,0.0043659307063912,3024,3024,0.5672892720306514,0.7350772130772261
크림떡볶이,restaurant,korean_food,side,data\raw\images\VS1\B\11\B11117\14\측면\B_11_B11117_크림떡볶이_14_02.jpg,True,0.5372585162322817,True,0.9916895604828172,194.3410620014943,0.01231843892574837,3024,3024,0.5672892720306514,0.7350639467345925
시나몬롤,bakery,bread,front,data\raw\images\VS1\C\02\C02072\23\단면\C_02_C02072_시나몬롤_23_07.jpg,True,0.5609551376982932,True,0.978780646865237,342.4637978563743,0.03166337538044431,3024,3024,0.5672892720306514,0.7350602599402576
캘리포니아롤,restaurant,delivery_food,side,data\raw\images\VS1\B\12\B12151\14\측면\B_12_B12151_캘리포니아롤_14_07.jpg,True,0.5157089784907848,True,0.997492296175557,127.08739933377478,0.003535061930016706,3024,3024,0.5672892720306514,0.735048092043268
시나몬크로플,dessert,cake,front,data\raw\images\VS1\C\02\C02073\16\단면\C_02_C02073_시나몬크로플_16_07.jpg,True,0.6076737584322821,True,0.9870666299329066,361.1523641791287,0.034104115661512675,2992,2992,0.5472807577692635,0.735032925777564
연유빵,bakery,bread,front,data\raw\images\VS1\C\02\C02086\22\단면\C_02_C02086_연유빵_22_07.jpg,True,0.5244131151781674,True,0.9837378916724676,283.77755337995563,0.023998909398170412,3024,3024,0.5672892720306514,0.7350145401859719
꼬마김밥,restaurant,korean_food,side,data\raw\images\VS1\B\11\B11015\10\측면\B_11_B11015_꼬마김밥_10_07.jpg,True,0.499247146321626,True,0.9440488495104778,739.3335822090412,0.08349485631266938,3024,3024,0.5672892720306514,0.7350070169202748
완두앙금빵,bakery,bread,side,data\raw\images\VS1\C\02\C02091\22\측면\C_02_C02091_완두앙금빵_22_01.jpg,True,0.5818586602582108,True,0.9709339082331695,429.54191776567046,0.04303584083294648,3024,3024,0.5672892720306514,0.7349807314411378
코다리냉면,restaurant,korean_food,front,data\raw\images\VS1\B\12\B12154\27\정위\B_12_B12154_코다리냉면_27_10.jpg,True,0.4742082672351112,True,0.9897111500349002,213.14221475473352,0.014773883076083119,3024,3024,0.5672892720306514,0.7349615124302843
순대전골,restaurant,korean_food,side,data\raw\images\VS1\B\12\B12109\17\측면\B_12_B12109_순대전골_17_05.jpg,True,0.5351734076013912,True,0.9848380964241232,268.7554690325398,0.02203701431541585,3024,3024,0.5672892720306514,0.7349522225949178
소고기타다끼초밥,restaurant,japanese_food,front,data\raw\images\VS1\B\12\B12108\29\정위\B_12_B12108_소고기타다끼초밥_29_09.jpg,True,0.4518745469677043,True,0.9987046632124353,224.1491677642785,0.01621139910156407,2992,2992,0.5472807577692635,0.7349457924494328
민트초코마카롱,dessert,cookie_macaron,side,data\raw\images\VS1\C\02\C02044\21\측면\C_02_C02044_민트초코마카롱_21_01.jpg,True,0.57923987829281,True,0.9914670125586353,191.35601393193664,0.011928589488479129,3024,3024,0.5672892720306514,0.734919212469884
초코스무디,cafe,smoothie,front,data\raw\images\VS1\D\08\D08020\23\정위\D_08_D08020_초코스무디_23_03.jpg,True,0.4684623408728979,True,0.9959564774367092,139.4153041541919,0.005145095217574645,3024,3024,0.5672892720306514,0.7349093530791253
갈비치킨,restaurant,meat_grill,side,data\raw\images\VS1\B\11\B11004\03\측면\B_11_B11004_갈비치킨_03_01.jpg,True,0.4222026259063296,True,0.9587500896044638,566.5091690288541,0.0609238629300847,3024,3024,0.5672892720306514,0.7349031902719536
감자핫도그,restaurant,delivery_food,side,data\raw\images\VS1\C\02\C02003\25\측면\C_02_C02003_감자핫도그_25_06.jpg,True,0.5841241749598167,True,0.9874235010715751,236.8430835856366,0.017869233690617416,3024,3024,0.5672892720306514,0.7348942878641935
모둠순대,restaurant,korean_food,side,data\raw\images\VS1\B\12\B12078\05\측면\B_12_B12078_모둠순대_05_01.jpg,True,0.33906882721497217,False,0.9481207950872808,2729.057599332397,0.34335425231615974,3024,3024,0.5672892720306514,0.7348857036071145
먹태,pub,grilled_side,front,data\raw\images\VS1\B\12\B12072\12\정위\B_12_B12072_먹태_12_09.jpg,True,0.4477813616135823,True,0.9922825999324797,180.6746089507653,0.010533590271005353,3024,3024,0.5672892720306514,0.7348848888385425
가리비초밥,restaurant,japanese_food,side,data\raw\images\VS1\B\12\B12001\01\측면\B_12_B12001_가리비초밥_01_05.jpg,True,0.4171711796908117,True,0.9927764346984349,173.13799072360885,0.009549302478545966,3024,3024,0.5672892720306514,0.7348361817098373
차돌된장찌개,cafe,tea,side,data\raw\images\VS1\B\12\B12138\19\측면\B_12_B12138_차돌된장찌개_19_08.jpg,True,0.43375086007380975,True,0.9942922374429227,155.06390177961632,0.007188813387657094,3024,3024,0.5672892720306514,0.7348188247150058
콘수프,restaurant,western_food,side,data\raw\images\VS1\C\04\C04004\25\측면\C_04_C04004_콘수프_25_02.jpg,True,0.397253919590047,False,0.9881098576775829,317.07750718184127,0.02834790745389708,3024,3024,0.5672892720306514,0.7347931092399431
볼로네제토마토파스타,restaurant,western_food,side,data\raw\images\VS1\A\14\A14060\23\측면\A_14_A14060_볼로네제토마토파스타_23_04.jpg,True,0.5155902020162587,True,0.9872004343493539,235.25141734007835,0.017661360927535487,3024,3024,0.5672892720306514,0.7347857932949109
머랭쿠키,dessert,cookie_macaron,front,data\raw\images\VS1\C\02\C02039\28\정위\C_02_C02039_머랭쿠키_28_10.jpg,True,0.5389918480210742,True,0.9826971148825889,286.27604476797023,0.02432521418085483,3024,3024,0.5672892720306514,0.7347675681055452
치킨샐러드,cafe,brunch,side,data\raw\images\VS1\B\12\B12147\21\측면\B_12_B12147_치킨샐러드_21_02.jpg,True,0.4925826126148781,True,0.9803308266707498,311.6241542429985,0.027635695615126434,3024,3024,0.5672892720306514,0.7347197779288478
순살후라이드치킨,restaurant,chicken,front,data\raw\images\VS1\B\11\B11076\09\정위\B_11_B11076_순살후라이드치킨_09_09.jpg,True,0.4604562913600813,True,0.986370957732232,241.96076511629562,0.018537606600654427,3024,3024,0.5672892720306514,0.734712199444398
티라미수,dessert,cake,front,data\raw\images\VS1\C\02\C02135\27\단면\C_02_C02135_티라미수_27_08.jpg,True,0.5464821423262706,True,0.9907030193354306,192.16303238015664,0.012033986681614138,3024,3024,0.5672892720306514,0.7347110939415497
레몬아이스티,cafe,tea,front,data\raw\images\VS1\D\07\D07007\22\정위\D_07_D07007_레몬아이스티_22_03.jpg,True,0.4810946968338773,True,0.9922053396448036,174.763767359136,0.009761630083233306,3024,3024,0.5672892720306514,0.7347073187146854
주꾸미삽겹살볶음,restaurant,korean_food,front,data\raw\images\VS1\B\12\B12136\28\정위\B_12_B12136_주꾸미삽겹살볶음_28_10.jpg,True,0.43622199007353796,True,0.9869371440010577,234.78679530157632,0.017600680953199343,3024,3024,0.5672892720306514,0.7346946701955548
볼로네제토마토파스타,restaurant,western_food,side,data\raw\images\VS1\A\14\A14060\23\측면\A_14_A14060_볼로네제토마토파스타_23_05.jpg,True,0.4647975424318843,True,0.9858919865779243,246.77881422330304,0.019166847299408322,3024,3024,0.5672892720306514,0.7346943562378566
단호박피자,restaurant,pizza,side,data\raw\images\VS1\B\12\B12043\04\측면\B_12_B12043_단호박피자_04_03.jpg,True,0.4764318982117065,True,0.9787507704424825,328.32729348596234,0.029817137683315377,3024,3024,0.5672892720306514,0.7346820494740055
쑥떡,restaurant,delivery_food,front,data\raw\images\VS1\C\01\C01012\24\정위\C_01_C01012_쑥떡_24_10.jpg,True,0.6054670339761252,True,0.9896436318238574,203.12423165460532,0.013465527236193243,3024,3024,0.5672892720306514,0.7346795857989935
고구마식빵,bakery,bread,front,data\raw\images\VS1\C\02\C02008\19\정위\C_02_C02008_고구마식빵_19_10.jpg,True,0.42559211297656013,True,0.973464994943108,388.8887262752827,0.03772650461576624,3024,3024,0.5672892720306514,0.7346781902106831
말차까눌레,cafe,tea,front,data\raw\images\VS1\C\02\C02037\06\단면\C_02_C02037_말차까눌레_06_08.jpg,True,0.4545912510419875,True,0.9746570788175186,374.32755229998014,0.035824804761032426,3024,3024,0.5672892720306514,0.7346554754020597
스팸김치컵밥,restaurant,delivery_food,side,data\raw\images\VS1\B\11\B11079\03\측면\B_11_B11079_스팸김치컵밥_03_03.jpg,True,0.3995010652037133,False,0.9925056102990578,185.97316387161717,0.011225585376645437,3024,3024,0.5672892720306514,0.7346536230228932
코다리냉면,restaurant,korean_food,side,data\raw\images\VS1\B\12\B12154\29\측면\B_12_B12154_코다리냉면_29_03.jpg,True,0.5443622347808844,True,0.9871452127635432,230.80080858112822,0.017080108204044375,3024,3024,0.5672892720306514,0.7346529762744695
주꾸미삽겹살볶음,restaurant,korean_food,side,data\raw\images\VS1\B\12\B12136\28\측면\B_12_B12136_주꾸미삽겹살볶음_28_05.jpg,True,0.5703196179208878,True,0.9909329591026388,186.7315416610985,0.011324630064562505,3024,3024,0.5672892720306514,0.7346382045483018
캘리포니아롤,restaurant,delivery_food,front,data\raw\images\VS1\B\12\B12151\14\정위\B_12_B12151_캘리포니아롤_14_10.jpg,True,0.6350097656250004,True,0.9932572288093782,159.88092962877354,0.007817920709396974,3024,3024,0.5672892720306514,0.7346341435892905
완두앙금빵,bakery,bread,front,data\raw\images\VS1\C\02\C02091\22\단면\C_02_C02091_완두앙금빵_22_07.jpg,True,0.6678914214679659,True,0.966817653093721,463.3940309400745,0.04745695130215638,3024,3024,0.5672892720306514,0.7346300769931451
메론빵,bakery,bread,side,data\raw\images\VS1\C\02\C02040\15\측면\C_02_C02040_메론빵_15_03.jpg,True,0.4854226855773797,True,0.9782794181491287,331.5838627669991,0.03024244798722235,3024,3024,0.5672892720306514,0.7346257058467807
마늘빵,bakery,bread,side,data\raw\images\VS1\C\02\C02035\12\측면\C_02_C02035_마늘빵_12_01.jpg,True,0.5991278106101545,True,0.9855224274907577,248.22949762563334,0.019356307601177635,3024,3024,0.5672892720306514,0.7346213805720604
민물새우튀김,pub,seafood_side,front,data\raw\images\VS1\B\12\B12085\27\정위\B_12_B12085_민물새우튀김_27_09.jpg,True,0.5305187692920443,True,0.988177966514281,217.67474719286125,0.015365835091338449,3024,3024,0.5672892720306514,0.7346199477771496
순살훈제양념치킨,restaurant,chicken,front,data\raw\images\VS1\B\11\B11077\11\정위\B_11_B11077_순살훈제양념치킨_11_10.jpg,True,0.41343922581709663,True,0.9944163789172422,145.94116643349898,0.0059973775520636334,3024,3024,0.5672892720306514,0.7346177799901831
마늘바게트,bakery,bread,side,data\raw\images\VS1\C\02\C02034\18\측면\C_02_C02034_마늘바게트_18_05.jpg,True,0.6283894924156667,True,0.9675690196632035,453.2714967909615,0.04613494101963681,3024,3024,0.5672892720306514,0.7345910849074859
콩나물불고기(콩불),restaurant,korean_food,side,data\raw\images\VS1\B\12\B12157\15\측면\B_12_B12157_콩나물불고기(콩불)_15_06.jpg,True,0.4485233596527008,True,0.979170916075436,434.8807928529493,0.04373310178148956,2992,2992,0.5472807577692635,0.7345900088443182
피자돈까스,restaurant,japanese_food,side,data\raw\images\VS1\B\12\B12163\23\측면\B_12_B12163_피자돈까스_23_08.jpg,True,0.4273475372229917,True,0.9888297058328896,209.02823181727885,0.014236593928394575,3024,3024,0.5672892720306514,0.7345896213401434
치킨마요덮밥,restaurant,japanese_food,side,data\raw\images\VS1\B\11\B11108\28\측면\B_11_B11108_치킨마요덮밥_28_01.jpg,True,0.43326134901826235,True,0.9523595197974672,627.4006699689004,0.06887633700179181,3024,3024,0.5672892720306514,0.7345765141441962
생크림식빵,bakery,bread,side,data\raw\images\VS1\C\02\C02061\25\측면\C_02_C02061_생크림식빵_25_05.jpg,True,0.4638831376479881,True,0.9693530079455166,432.2146867679707,0.0433849063981291,3024,3024,0.5672892720306514,0.7345762744678784
코다리냉면,restaurant,korean_food,front,data\raw\images\VS1\B\12\B12154\30\정위\B_12_B12154_코다리냉면_30_10.jpg,True,0.5178311573487018,True,0.9847247254315648,255.65456134811637,0.020326026294628093,3024,3024,0.5672892720306514,0.7345760136929926
감자핫도그,restaurant,delivery_food,side,data\raw\images\VS1\C\02\C02003\29\측면\C_02_C02003_감자핫도그_29_04.jpg,True,0.4301364668481722,True,0.9915294939397146,176.926042594502,0.010044024793162907,3024,3024,0.5672892720306514,0.7345610439451445
계란토스트,bakery,sandwich,side,data\raw\images\VS1\B\11\B11006\03\측면\B_11_B11006_계란토스트_03_02.jpg,True,0.48604010132349673,True,0.988750052863253,208.21363329215046,0.014130206771731896,3024,3024,0.5672892720306514,0.73454444801792
브로콜리수프,restaurant,western_food,side,data\raw\images\VS1\C\04\C04001\29\측면\C_04_C04001_브로콜리수프_29_04.jpg,True,0.47255295729177216,True,0.982812424224308,276.3005221893272,0.02302240371578687,3024,3024,0.5672892720306514,0.7345415988150474
감자토스트,bakery,sandwich,side,data\raw\images\VS1\B\11\B11005\23\측면\B_11_B11005_감자토스트_23_02.jpg,True,0.5328110420265888,True,0.9951941068994401,133.8293382100201,0.004415564024375726,3024,3024,0.5672892720306514,0.7345347356793048
감자토스트,bakery,sandwich,side,data\raw\images\VS1\B\11\B11005\23\측면\B_11_B11005_감자토스트_23_05.jpg,True,0.5676269531250026,True,0.9950087768359365,135.62966253288968,0.004650687683297856,3024,3024,0.5672892720306514,0.7345261613920382
모시송편,restaurant,korean_food,side,data\raw\images\VS1\C\01\C01006\16\측면\C_01_C01006_모시송편_16_06.jpg,True,0.49317402103607005,True,0.971461648036759,405.5037095563924,0.03989643345156497,3024,3024,0.5672892720306514,0.7345111719059383
단호박피자,restaurant,pizza,side,data\raw\images\VS1\B\12\B12043\04\측면\B_12_B12043_단호박피자_04_04.jpg,True,0.4751817347473923,True,0.9777240123474642,333.2630299954666,0.03046174844197047,3024,3024,0.5672892720306514,0.734502944197231
새우피자(팬),pub,seafood_side,front,data\raw\images\VS1\B\11\B11061\07\정위\B_11_B11061_새우피자(팬)_07_09.jpg,True,0.4932484063624852,True,0.9727576168604868,390.16216594555794,0.03789281675791097,3024,3024,0.5672892720306514,0.7344992392143259
닭윙간장치킨,restaurant,chicken,side,data\raw\images\VS1\B\11\B11026\19\측면\B_11_B11026_닭윙간장치킨_19_05.jpg,True,0.45334903762511536,True,0.9851581785058298,362.31650211015614,0.03425615291744272,2992,2992,0.5472807577692635,0.734490797800627
치킨샐러드,cafe,brunch,front,data\raw\images\VS1\B\12\B12147\21\정위\B_12_B12147_치킨샐러드_21_09.jpg,True,0.4610908035207641,True,0.9751077367418107,362.2482692902331,0.03424724166180112,3024,3024,0.5672892720306514,0.7344751601595011
단호박샐러드,cafe,brunch,side,data\raw\images\VS1\B\12\B12042\09\측면\B_12_B12042_단호박샐러드_09_01.jpg,True,0.41203495041212,True,0.9868055174123712,227.79738958158234,0.01668785951002913,3024,3024,0.5672892720306514,0.7344726179303148
딸기샌드위치,cafe,brunch,front,data\raw\images\VS1\B\11\B11030\14\정위\B_11_B11030_딸기샌드위치_14_09.jpg,True,0.6130081033817457,True,0.994544575139066,138.23641007210202,0.004991130797641239,3024,3024,0.5672892720306514,0.7344549895058456
마늘바게트,bakery,bread,front,data\raw\images\VS1\C\02\C02034\18\단면\C_02_C02034_마늘바게트_18_07.jpg,True,0.5837074329041169,True,0.9663285916700308,462.2561184620328,0.04730833910935777,3024,3024,0.5672892720306514,0.7344536361274784
코다리냉면,restaurant,korean_food,front,data\raw\images\VS1\B\12\B12154\29\정위\B_12_B12154_코다리냉면_29_09.jpg,True,0.576257135008089,True,0.9821828558048651,278.8733873435929,0.023358421766145696,3024,3024,0.5672892720306514,0.7344199318992863
빈대떡,restaurant,delivery_food,front,data\raw\images\VS1\B\12\B12097\09\정위\B_12_B12097_빈대떡_09_10.jpg,True,0.42420694103310597,True,0.9694506553746592,424.87883120220147,0.04242683835447868,3024,3024,0.5672892720306514,0.7344139550878911
캘리포니아롤,restaurant,delivery_food,side,data\raw\images\VS1\B\12\B12151\14\측면\B_12_B12151_캘리포니아롤_14_04.jpg,True,0.45553150702199907,True,0.9969148711649806,109.40596132098129,0.0012258533347862764,3024,3024,0.5672892720306514,0.734413022821049
브로콜리수프,restaurant,western_food,front,data\raw\images\VS1\C\04\C04001\29\정위\C_04_C04001_브로콜리수프_29_09.jpg,True,0.5054789366451362,True,0.9782958085979333,322.8086530484985,0.029096399249995818,3024,3024,0.5672892720306514,0.7344014132339768
카이센동,restaurant,delivery_food,side,data\raw\images\VS1\A\14\A14125\18\측면\A_14_A14125_카이센동_18_08.jpg,True,0.4300555865754501,True,0.8460314260779382,171.0372742246801,0.009274947384126682,3456,3456,0.8582375478927203,0.7344000494841149
머랭쿠키,dessert,cookie_macaron,front,data\raw\images\VS1\C\02\C02039\26\정위\C_02_C02039_머랭쿠키_26_09.jpg,True,0.4683910168537117,True,0.9818210468234372,281.8401665707232,0.02374588527937824,3024,3024,0.5672892720306514,0.7343888819075044
로제돈가스,restaurant,japanese_food,front,data\raw\images\VS1\B\11\B11035\07\정위\B_11_B11035_로제돈가스_07_10.jpg,True,0.39507074705962464,False,0.99056480275915,346.29134193862006,0.032163255406432584,3024,3024,0.5672892720306514,0.7343823863908007
치킨샐러드,cafe,brunch,side,data\raw\images\VS1\B\12\B12147\21\측면\B_12_B12147_치킨샐러드_21_08.jpg,True,0.493866607572398,True,0.9793647457858141,308.4076805756788,0.027215621827376097,3024,3024,0.5672892720306514,0.734345938905817
모시떡,restaurant,delivery_food,front,data\raw\images\VS1\C\01\C01005\22\단면\C_01_C01005_모시떡_22_07.jpg,True,0.472259647288302,True,0.9903561375930016,181.36276845997435,0.010623464400722928,3024,3024,0.5672892720306514,0.7343249249626427
버터크림빵,bakery,bread,front,data\raw\images\VS1\C\02\C02053\30\단면\C_02_C02053_버터크림빵_30_08.jpg,True,0.33652194479020114,False,0.9570091841120647,2690.168573459934,0.3382753174048786,3024,3024,0.5672892720306514,0.7343079112106187
반미샌드위치,cafe,brunch,side,data\raw\images\VS1\B\11\B11043\13\측면\B_11_B11043_반미샌드위치_13_02.jpg,True,0.4041564606954368,True,0.9945965293548727,131.63743137989303,0.00412929940673482,3024,3024,0.5672892720306514,0.7342982094924064
누드김밥,restaurant,korean_food,side,data\raw\images\VS1\B\11\B11018\25\측면\B_11_B11018_누드김밥_25_08.jpg,True,0.449663078203442,True,0.9850895538429778,240.78123826993553,0.01838355954124959,3024,3024,0.5672892720306514,0.7342969688657408
생크림식빵,bakery,bread,front,data\raw\images\VS1\C\02\C02061\25\정위\C_02_C02061_생크림식빵_25_10.jpg,True,0.4360757626317222,True,0.9623111062068467,501.80307188975735,0.052473199835301125,3024,3024,0.5672892720306514,0.7342813626337119
초코파운드,restaurant,delivery_food,front,data\raw\images\VS1\C\02\C02116\26\단면\C_02_C02116_초코파운드_26_07.jpg,True,0.42384947617459,True,0.9850278860645327,240.86981342813678,0.01839512752098598,3024,3024,0.5672892720306514,0.7342807821281546
양념반후라이드반치킨(뼈),restaurant,chicken,front,data\raw\images\VS1\B\11\B11082\23\정위\B_11_B11082_양념반후라이드반치킨(뼈)_23_10.jpg,True,0.5624997109492426,True,0.9817204301075267,278.5797636751472,0.0233200743026392,3024,3024,0.5672892720306514,0.7342735346973834
캘리포니아롤,restaurant,delivery_food,side,data\raw\images\VS1\B\12\B12151\14\측면\B_12_B12151_캘리포니아롤_14_01.jpg,True,0.49307313257334223,True,0.9967461205943943,105.90590816309765,0.0007687438604267652,3024,3024,0.5672892720306514,0.7342709757550013
들깨수제비,restaurant,korean_food,side,data\raw\images\VS1\B\12\B12060\21\측면\B_12_B12060_들깨수제비_21_01.jpg,True,0.45764657754786936,True,0.9978094194961665,208.4770853958725,0.014164613807059356,2992,2992,0.5472807577692635,0.7342678622756513
바지락칼국수,restaurant,korean_food,front,data\raw\images\VS1\B\12\B12087\16\정위\B_12_B12087_바지락칼국수_16_09.jpg,True,0.4626275689235083,True,0.9914455096649436,166.55606594758686,0.008689698341430378,3024,3024,0.5672892720306514,0.7342649833723668
훈제치킨(뼈),restaurant,chicken,side,data\raw\images\VS1\B\11\B11132\27\측면\B_11_B11132_훈제치킨(뼈)_27_01.jpg,True,0.5399652907064385,True,0.9775123578250181,326.13857127215243,0.029531288978869245,3024,3024,0.5672892720306514,0.7342533559478769
치즈곱창,restaurant,meat_grill,side,data\raw\images\VS1\B\12\B12142\15\측면\B_12_B12142_치즈곱창_15_04.jpg,True,0.4660864513959305,True,0.9804346096801808,407.2339621818897,0.04012240569612038,2992,2992,0.5472807577692635,0.7342469777086678
딸기크로와상,bakery,pastry,front,data\raw\images\VS1\C\02\C02029\11\단면\C_02_C02029_딸기크로와상_11_07.jpg,True,0.601115528962493,True,0.996113788336508,111.3886873468065,0.0014847987880638798,3024,3024,0.5672892720306514,0.7342244870631628
두부버섯전골,restaurant,korean_food,side,data\raw\images\VS1\B\12\B12058\22\측면\B_12_B12058_두부버섯전골_22_08.jpg,True,0.4898768311536861,True,0.9796624827330798,300.30211205612926,0.026157028715151295,3024,3024,0.5672892720306514,0.7342235413675517
페퍼로니피자(씬),restaurant,pizza,front,data\raw\images\VS1\B\11\B11121\17\정위\B_11_B11121_페퍼로니피자(씬)_17_10.jpg,True,0.47637208197521747,True,0.9806378208875536,288.9420620680359,0.024673397968841427,3024,3024,0.5672892720306514,0.734219416664632
새우피자(씬),pub,seafood_side,side,data\raw\images\VS1\B\11\B11060\18\측면\B_11_B11060_새우피자(씬)_18_06.jpg,True,0.5072954820038409,True,0.9899408046854974,181.89674072785738,0.010693201565184213,3024,3024,0.5672892720306514,0.7342142725232836
전복버터구이,pub,seafood_side,side,data\raw\images\VS1\B\12\B12133\04\측면\B_12_B12133_전복버터구이_04_03.jpg,True,0.6106942988249071,True,0.9826049992328032,266.04773878161853,0.021683382785872347,3024,3024,0.5672892720306514,0.7342115671316131
아몬드크로와상,bakery,pastry,side,data\raw\images\VS1\C\02\C02074\10\측면\C_02_C02074_아몬드크로와상_10_04.jpg,True,0.5787995542327065,True,0.9793174468762511,303.0799243179196,0.02651981300601166,3024,3024,0.5672892720306514,0.7341925874686753
닭윙&닭다리간장치킨,restaurant,chicken,front,data\raw\images\VS1\B\11\B11024\02\정위\B_11_B11024_닭윙&닭다리간장치킨_02_09.jpg,True,0.5537446832651085,True,0.9940949846828727,133.32283406015432,0.004349414215997943,3024,3024,0.5672892720306514,0.734191769052659
누드김밥,restaurant,korean_food,side,data\raw\images\VS1\B\11\B11018\09\측면\B_11_B11018_누드김밥_09_04.jpg,True,0.5105763067420314,True,0.9873231581530664,211.0868417514925,0.01450544987500216,3024,3024,0.5672892720306514,0.734191428225518
차돌짬뽕,cafe,tea,front,data\raw\images\VS1\B\11\B11097\26\정위\B_11_B11097_차돌짬뽕_26_09.jpg,True,0.688847845376335,True,0.9749378689571906,353.2161876994617,0.033067645272234804,3024,3024,0.5672892720306514,0.7341882805462018
소고기타다끼초밥,restaurant,japanese_food,side,data\raw\images\VS1\B\12\B12108\32\측면\B_12_B12108_소고기타다끼초밥_32_02.jpg,True,0.5091692237078088,True,0.9618476608504303,503.37081378001545,0.05267794806027397,3024,3024,0.5672892720306514,0.7341832786717816
모히또,cafe,ade_juice,side,data\raw\images\VS1\D\07\D07013\14\측면\D_07_D07013_모히또_14_02.jpg,True,0.43811423285929,True,0.96772401931225,435.8325964452163,0.043857408019174746,3024,3024,0.5672892720306514,0.7341820782021076
명란크림파스타,restaurant,western_food,side,data\raw\images\VS1\A\14\A14051\17\측면\A_14_A14051_명란크림파스타_17_01.jpg,True,0.5310354759246244,True,0.9934348414851937,139.28266323636842,0.005127772217754405,3024,3024,0.5672892720306514,0.7341493976937066
돼지두루치기,restaurant,korean_food,front,data\raw\images\VS1\B\12\B12055\14\정위\B_12_B12055_돼지두루치기_14_10.jpg,True,0.4487448370725588,True,0.9836393044476844,251.50955649039773,0.019784685661711807,3024,3024,0.5672892720306514,0.7341421192712453
아몬드크로와상,bakery,pastry,side,data\raw\images\VS1\C\02\C02074\10\측면\C_02_C02074_아몬드크로와상_10_01.jpg,True,0.6394264175048581,True,0.9789489718946907,305.18275629700895,0.026794444383670252,3024,3024,0.5672892720306514,0.7341369712497389
해물라면,restaurant,korean_food,front,data\raw\images\VS1\B\12\B12166\09\정위\B_12_B12166_해물라면_09_09.jpg,True,0.5950900470380991,True,0.9950641756489215,119.99876932461004,0.0026092817229018983,3024,3024,0.5672892720306514,0.7341344998438544
고구마식빵,bakery,bread,front,data\raw\images\VS1\C\02\C02008\07\단면\C_02_C02008_고구마식빵_07_08.jpg,True,0.4844291326155271,True,0.969112225143728,417.3050933521404,0.04143770271241559,3024,3024,0.5672892720306514,0.7341145988901991
시나몬롤,bakery,bread,side,data\raw\images\VS1\C\02\C02072\09\측면\C_02_C02072_시나몬롤_09_05.jpg,True,0.4788830761310968,True,0.982420575905575,378.9062762269241,0.036422789418142094,2992,2992,0.5472807577692635,0.7341028443206904
버섯샐러드,cafe,brunch,side,data\raw\images\VS1\B\12\B12088\21\측면\B_12_B12088_버섯샐러드_21_03.jpg,True,0.40359877571915614,True,0.9822612590796513,265.8087472073528,0.021652170313386634,3024,3024,0.5672892720306514,0.7341022025911703
베이컨치즈버거,restaurant,western_food,side,data\raw\images\VS1\B\11\B11045\24\측면\B_11_B11045_베이컨치즈버거_24_01.jpg,True,0.607922570306367,True,0.9965812726131189,100.85011814522035,0.00010845402673139198,3024,3024,0.5672892720306514,0.7340894633938796
딸기크로와상,bakery,pastry,front,data\raw\images\VS1\C\02\C02029\11\단면\C_02_C02029_딸기크로와상_11_08.jpg,True,0.5479039564496206,True,0.9951393171111536,116.49205244104846,0.0021513019611483068,3024,3024,0.5672892720306514,0.7340654463301735
누드김밥,restaurant,korean_food,side,data\raw\images\VS1\B\11\B11018\09\측면\B_11_B11018_누드김밥_09_03.jpg,True,0.47924893884286673,True,0.98567335243553,225.06230394212358,0.01633065534695373,3024,3024,0.5672892720306514,0.7340615276046474
모시송편,restaurant,korean_food,front,data\raw\images\VS1\C\01\C01006\16\단면\C_01_C01006_모시송편_16_07.jpg,True,0.6922054034674607,True,0.9716305893326209,386.16305088370626,0.03737052943787165,3024,3024,0.5672892720306514,0.7340566734919582
새우피자(팬),pub,seafood_side,side,data\raw\images\VS1\B\11\B11061\07\측면\B_11_B11061_새우피자(팬)_07_05.jpg,True,0.4103833563293025,True,0.9731403245945971,368.78244480391686,0.0351006097107135,3024,3024,0.5672892720306514,0.7340556101251196
포테이토피자(팬),restaurant,pizza,side,data\raw\images\VS1\B\11\B11124\09\측면\B_11_B11124_포테이토피자(팬)_09_06.jpg,True,0.5128943709387612,True,0.9949111581700673,118.43380299678408,0.002404895988390537,3024,3024,0.5672892720306514,0.7340477174532959
차돌된장찌개,cafe,tea,front,data\raw\images\VS1\B\12\B12138\19\정위\B_12_B12138_차돌된장찌개_19_09.jpg,True,0.4936823669231249,True,0.9790128124305356,300.65849078175455,0.026203572034522477,3024,3024,0.5672892720306514,0.7340379489406629
딸기케이크,dessert,cake,front,data\raw\images\VS1\C\02\C02027\13\단면\C_02_C02027_딸기케이크_13_07.jpg,True,0.446333891035913,True,0.9715775766295379,385.9741976552871,0.037345865069623604,3024,3024,0.5672892720306514,0.7340358368073837
코다리냉면,restaurant,korean_food,side,data\raw\images\VS1\B\12\B12154\27\측면\B_12_B12154_코다리냉면_27_01.jpg,True,0.5083355055931883,True,0.9853610652166194,227.56688521248017,0.01665775547267743,3024,3024,0.5672892720306514,0.734033261464119
콩나물불고기(콩불),restaurant,korean_food,side,data\raw\images\VS1\B\12\B12157\15\측면\B_12_B12157_콩나물불고기(콩불)_15_07.jpg,True,0.4705678944385265,True,0.9782470393527466,423.93323172550845,0.04230334237877551,2992,2992,0.5472807577692635,0.7340268939469685
순살간장치킨,restaurant,chicken,front,data\raw\images\VS1\B\11\B11063\22\정위\B_11_B11063_순살간장치킨_22_10.jpg,True,0.43258004469595546,True,0.9907621247113164,164.9485762926017,0.008479759029630633,3024,3024,0.5672892720306514,0.7340179800239186
젤리롤케잌,restaurant,delivery_food,front,data\raw\images\VS1\C\02\C02097\09\정위\C_02_C02097_젤리롤케잌_09_09.jpg,True,0.4661052079233897,True,0.9753208782446074,342.27494945219456,0.03163871164224542,3024,3024,0.5672892720306514,0.734017396606429
새우버거,pub,seafood_side,side,data\raw\images\VS1\B\11\B11056\21\측면\B_11_B11056_새우버거_21_05.jpg,True,0.4055775039382504,True,0.9957578872599062,107.07113410421897,0.0009209232112621393,3024,3024,0.5672892720306514,0.7340049416248219
꼬막짬뽕,pub,seafood_side,side,data\raw\images\VS1\B\11\B11016\29\측면\B_11_B11016_꼬막짬뽕_29_02.jpg,True,0.644766643264858,True,0.969368140827339,409.3295789437792,0.04039609476119319,3024,3024,0.5672892720306514,0.733983052005038
모짜렐라핫도그,restaurant,delivery_food,front,data\raw\images\VS1\C\02\C02042\26\정위\C_02_C02042_모짜렐라핫도그_26_10.jpg,True,0.42997201205889984,True,0.9858451853714786,219.74931127292268,0.01563677466093499,3024,3024,0.5672892720306514,0.7339743013482282
플레인크로플,dessert,cake,front,data\raw\images\VS1\C\02\C02139\31\단면\C_02_C02139_플레인크로플_31_07.jpg,True,0.4487528347464464,True,0.968324698795049,420.9533601048479,0.04191416898947688,3024,3024,0.5672892720306514,0.7339736342410077
크리스피치킨(뼈),restaurant,chicken,side,data\raw\images\VS1\B\11\B11115\21\측면\B_11_B11115_크리스피치킨(뼈)_21_07.jpg,True,0.5865487637077414,True,0.9634700525788684,476.3441912220328,0.04914825160313146,3024,3024,0.5672892720306514,0.7339640568988846
경주빵,bakery,bread,side,data\raw\images\VS1\C\02\C02005\19\측면\C_02_C02005_경주빵_19_01.jpg,True,0.5631264359563638,True,0.9606488961004315,508.163685629732,0.053303900591012435,3024,3024,0.5672892720306514,0.7339488397529296
망개떡,restaurant,delivery_food,front,data\raw\images\VS1\C\01\C01004\12\단면\C_01_C01004_망개떡_12_07.jpg,True,0.4618909772316389,True,0.9929867204409278,136.54199749953864,0.004769839289925704,3024,3024,0.5672892720306514,0.7339433747948612
치즈달걀말이,restaurant,delivery_food,side,data\raw\images\VS1\B\12\B12143\21\측면\B_12_B12143_치즈달걀말이_21_05.jpg,True,0.5479449035812677,True,0.9875204483139549,199.1139930376088,0.012941787171805216,3024,3024,0.5672892720306514,0.7339378827331451
연어롤,restaurant,delivery_food,side,data\raw\images\VS1\B\12\B12118\03\측면\B_12_B12118_연어롤_03_05.jpg,True,0.5082178242490178,True,0.9915980520247184,152.23755086919954,0.006819689914173241,3024,3024,0.5672892720306514,0.7339367443948478
들깨수제비,restaurant,korean_food,side,data\raw\images\VS1\B\12\B12060\02\측면\B_12_B12060_들깨수제비_02_05.jpg,True,0.44055875945149303,True,0.9811474443112995,269.9632667311523,0.022194753568576003,3024,3024,0.5672892720306514,0.7338765748117027
꼬막짬뽕,pub,seafood_side,side,data\raw\images\VS1\B\11\B11016\29\측면\B_11_B11016_꼬막짬뽕_29_04.jpg,True,0.6030827607802686,True,0.961978996411416,489.67246201232604,0.050888933410020376,3024,3024,0.5672892720306514,0.7338648764100265
아이스크림크로플,dessert,ice_cream,side,data\raw\images\VS1\C\02\C02076\19\측면\C_02_C02076_아이스크림크로플_19_04.jpg,True,0.44043597923312694,True,0.990146874142904,166.03574282711097,0.008621743765494265,3024,3024,0.5672892720306514,0.7338618018005678
쑥버무리,restaurant,korean_food,front,data\raw\images\VS1\C\01\C01013\06\단면\C_01_C01013_쑥버무리_06_07.jpg,True,0.4862365465611211,True,0.9691278960780777,407.0799243914871,0.040102288249262805,3024,3024,0.5672892720306514,0.7338522172778735
캘리포니아롤,restaurant,delivery_food,side,data\raw\images\VS1\B\12\B12151\14\측면\B_12_B12151_캘리포니아롤_14_02.jpg,True,0.4850706393393152,True,0.9957578872599062,101.10009615590417,0.0001411013357608954,3024,3024,0.5672892720306514,0.7338489772497216
버팔로윙,restaurant,western_food,side,data\raw\images\VS1\B\12\B12090\26\측면\B_12_B12090_버팔로윙_26_01.jpg,True,0.39215709797269327,False,0.976713809829716,582.5409960489819,0.06301763113634372,3024,3024,0.5672892720306514,0.7338485207068879
햄에그샌드위치,cafe,brunch,front,data\raw\images\VS1\B\11\B11128\23\정위\B_11_B11128_햄에그샌드위치_23_10.jpg,True,0.6293597796143254,True,0.9937602241569776,123.24498335977749,0.0030332396242073486,3024,3024,0.5672892720306514,0.7338281059765324
빨미까레,bakery,bread,front,data\raw\images\VS1\C\02\C02058\06\정위\C_02_C02058_빨미까레_06_10.jpg,True,0.4505873957136595,True,0.9869765476041493,200.56801091249062,0.013131682958101918,3024,3024,0.5672892720306514,0.7338126916774628
햄치즈토스트,bakery,sandwich,front,data\raw\images\VS1\B\11\B11129\12\정위\B_11_B11129_햄치즈토스트_12_10.jpg,True,0.4618909772316388,True,0.9906739395586384,158.03181335653272,0.007576424786590844,3024,3024,0.5672892720306514,0.7338108576295073
삼치구이,restaurant,meat_grill,side,data\raw\images\VS1\B\12\B12100\17\측면\B_12_B12100_삼치구이_17_05.jpg,True,0.489241078720802,True,0.9839076691650726,235.71667379538215,0.017722123757164875,3024,3024,0.5672892720306514,0.7338101163055525
로제치킨(뼈),restaurant,chicken,side,data\raw\images\VS1\B\12\B12065\27\측면\B_12_B12065_로제치킨(뼈)_27_02.jpg,True,0.5564835870487321,True,0.988550993771776,181.50183813859968,0.01064162700135446,3024,3024,0.5672892720306514,0.7337870143364014
감자핫도그,restaurant,delivery_food,side,data\raw\images\VS1\C\02\C02003\29\측면\C_02_C02003_감자핫도그_29_06.jpg,True,0.44019169134031316,True,0.9863322465449138,206.81837867604813,0.013947985509541162,3024,3024,0.5672892720306514,0.73378266186998
베이컨치즈버거,restaurant,western_food,front,data\raw\images\VS1\B\11\B11045\29\정위\B_11_B11045_베이컨치즈버거_29_10.jpg,True,0.513624333938218,True,0.9614177095232549,607.7957458909486,0.06631591973500109,2992,2992,0.5472807577692635,0.7337806104693662
고추장불고기,restaurant,korean_food,side,data\raw\images\VS1\B\12\B12018\17\측면\B_12_B12018_고추장불고기_17_07.jpg,True,0.4554718224270366,True,0.9930436295858217,129.39598358261236,0.0038365647029456975,3024,3024,0.5672892720306514,0.7337737926209333
바닐라라떼,cafe,coffee,front,data\raw\images\VS1\D\10\D10042\25\정위\D_10_D10042_바닐라라떼_25_03.jpg,True,0.4744543019222972,True,0.9900850430830473,163.1271487054069,0.008241879269121519,3024,3024,0.5672892720306514,0.7337672795833361
슈크림크로와상,bakery,pastry,side,data\raw\images\VS1\C\02\C02071\07\측면\C_02_C02071_슈크림크로와상_07_02.jpg,True,0.4663561144908221,True,0.988382692532532,182.21323394049043,0.01073453580770541,3024,3024,0.5672892720306514,0.7337551057258983
계란토스트,bakery,sandwich,side,data\raw\images\VS1\B\11\B11006\03\측면\B_11_B11006_계란토스트_03_01.jpg,True,0.4986247508770029,True,0.9881295883627312,185.07003014545,0.011107635458680692,3024,3024,0.5672892720306514,0.7337537944051532
순살간장치킨,restaurant,chicken,front,data\raw\images\VS1\B\11\B11063\21\정위\B_11_B11063_순살간장치킨_21_10.jpg,True,0.4524749170696413,True,0.9846484531504115,224.987266513012,0.016320855404429648,3024,3024,0.5672892720306514,0.733752097830607
부대떡볶이,restaurant,korean_food,front,data\raw\images\VS1\B\11\B11048\27\정위\B_11_B11048_부대떡볶이_27_10.jpg,True,0.6361322600906952,True,0.9839632786170368,232.73050354204605,0.017332127761882376,3024,3024,0.5672892720306514,0.7337487999420852
치즈케이크,dessert,cake,front,data\raw\images\VS1\C\02\C02119\12\단면\C_02_C02119_치즈케이크_12_08.jpg,True,0.5227408800377769,True,0.9323795811908656,824.6706333772879,0.09463993692810065,3024,3024,0.5672892720306514,0.7337352525474775
치즈달걀말이,restaurant,delivery_food,side,data\raw\images\VS1\B\12\B12143\21\측면\B_12_B12143_치즈달걀말이_21_03.jpg,True,0.5225381498597589,True,0.9874221767294776,192.3336147018838,0.012056264856231028,3024,3024,0.5672892720306514,0.7337312967946871
후레쉬빵,bakery,bread,front,data\raw\images\VS1\C\02\C02148\10\단면\C_02_C02148_후레쉬빵_10_07.jpg,True,0.5227046034191054,True,0.9652529731509063,446.76100334722867,0.04528466586619164,3024,3024,0.5672892720306514,0.7337262159231078
마늘바게트,bakery,bread,side,data\raw\images\VS1\C\02\C02034\25\측면\C_02_C02034_마늘바게트_25_02.jpg,True,0.42393192505492666,True,0.9637305956036706,464.19179787390385,0.04756114024081942,3024,3024,0.5672892720306514,0.7337247975338627
후르츠링시리얼,cafe,brunch,front,data\raw\images\VS1\C\06\C06015\27\정위\C_06_C06015_후르츠링시리얼_27_09.jpg,True,0.4101215947682376,True,0.9918682326362765,140.93493430968414,0.005343560015183018,3024,3024,0.5672892720306514,0.7337225725985173
새우오일파스타,pub,seafood_side,side,data\raw\images\VS1\A\14\A14073\26\측면\A_14_A14073_새우오일파스타_26_05.jpg,True,0.4394392607935001,True,0.977917359188798,300.56351439494017,0.026191168049698562,3024,3024,0.5672892720306514,0.7337068321711767
양념반후라이드반치킨(뼈),restaurant,chicken,side,data\raw\images\VS1\B\11\B11082\23\측면\B_11_B11082_양념반후라이드반치킨(뼈)_23_05.jpg,True,0.6038167584838725,True,0.9765529014161253,315.9689219408093,0.028203125419467286,3024,3024,0.5672892720306514,0.7336998863133286
아이스크림와플,dessert,ice_cream,side,data\raw\images\VS1\C\02\C02075\09\측면\C_02_C02075_아이스크림와플_09_05.jpg,True,0.5232582330105022,True,0.9454341949726831,673.2857945708591,0.07486896746812581,3024,3024,0.5672892720306514,0.7336974427900277
물밀면,restaurant,korean_food,side,data\raw\images\VS1\B\12\B12084\17\측면\B_12_B12084_물밀면_17_05.jpg,True,0.4816228362947072,True,0.9952114664930933,216.20208823160408,0.015173504765676159,2992,2992,0.5472807577692635,0.7336902545664526
돈가스김밥,restaurant,korean_food,side,data\raw\images\VS1\B\11\B11029\27\측면\B_11_B11029_돈가스김밥_27_02.jpg,True,0.5020989457926395,True,0.9908667229274802,151.0042173333814,0.006658615662201401,3024,3024,0.5672892720306514,0.733685130815282
로제치킨(뼈),restaurant,chicken,front,data\raw\images\VS1\B\12\B12065\27\정위\B_12_B12065_로제치킨(뼈)_27_09.jpg,True,0.6245818070377448,True,0.9846392205088375,222.3554288640824,0.015977135503606996,3024,3024,0.5672892720306514,0.7336805840579702
고구마케이크,dessert,cake,side,data\raw\images\VS1\C\02\C02009\15\측면\C_02_C02009_고구마케이크_15_02.jpg,True,0.5071399832317723,True,0.902970582098084,1160.0940229651028,0.13844647425368856,3024,3024,0.5672892720306514,0.7336738602847606
클럽샌드위치,cafe,brunch,side,data\raw\images\VS1\B\11\B11118\02\측면\B_11_B11118_클럽샌드위치_02_04.jpg,True,0.46913881426059,True,0.9905738635615957,268.7713352519606,0.022039086455149834,2992,2992,0.5472807577692635,0.7336720900248982
메론빵,bakery,bread,front,data\raw\images\VS1\C\02\C02040\15\단면\C_02_C02040_메론빵_15_08.jpg,True,0.4747606818995031,True,0.9704136974201897,385.10147433482973,0.037231886772643455,3024,3024,0.5672892720306514,0.7336638773851832
순대전골,restaurant,korean_food,side,data\raw\images\VS1\B\12\B12109\17\측면\B_12_B12109_순대전골_17_06.jpg,True,0.5134536394153586,True,0.9880001164145957,182.75001332994376,0.010804639584274448,3024,3024,0.5672892720306514,0.7336543536458312
닭계장,restaurant,korean_food,side,data\raw\images\VS1\B\12\B12048\28\측면\B_12_B12048_닭계장_28_01.jpg,True,0.6230172962277412,True,0.9835063479004231,234.17089327309426,0.017520243702735805,3024,3024,0.5672892720306514,0.7336493439152716
순살로제치킨,restaurant,chicken,front,data\raw\images\VS1\B\11\B11066\07\정위\B_11_B11066_순살로제치킨_07_09.jpg,True,0.3992306248827173,False,0.974474109845893,363.59205445087554,0.03442274097587576,3024,3024,0.5672892720306514,0.7336469687259184
돼지두루치기,restaurant,korean_food,front,data\raw\images\VS1\B\12\B12055\14\정위\B_12_B12055_돼지두루치기_14_09.jpg,True,0.43002095786002803,True,0.9820022398895307,251.00344909177795,0.019718587669333758,3024,3024,0.5672892720306514,0.7336377803053236
달고나라떼,cafe,coffee,front,data\raw\images\VS1\D\08\D08004\11\정위\D_08_D08004_달고나라떼_11_03.jpg,True,0.4535377046703697,True,0.9876555269180788,186.017523384624,0.01123137876113382,3024,3024,0.5672892720306514,0.733636324632248
새우피자(팬),pub,seafood_side,front,data\raw\images\VS1\B\11\B11061\07\정위\B_11_B11061_새우피자(팬)_07_10.jpg,True,0.5309465433073808,True,0.9741536945817578,340.7708902188492,0.03144228041833345,3024,3024,0.5672892720306514,0.7336279552627917
연유크림빵,bakery,bread,front,data\raw\images\VS1\C\02\C02087\12\단면\C_02_C02087_연유크림빵_12_08.jpg,True,0.4113376016189356,True,0.9621745665085668,126.18243093546644,0.0034168724025431213,3120,3120,0.6285919540229885,0.7336245375365269
크레미롤,restaurant,delivery_food,side,data\raw\images\VS1\B\12\B12158\04\측면\B_12_B12158_크레미롤_04_04.jpg,True,0.5326775207696774,True,0.9715597200435383,370.1800009893682,0.035283131559526164,3024,3024,0.5672892720306514,0.7336179331295642
순살양념치킨,restaurant,chicken,side,data\raw\images\VS1\B\11\B11071\12\측면\B_11_B11071_순살양념치킨_12_04.jpg,True,0.4316494818128187,True,0.9840202824714108,226.79051024319782,0.01655636034005918,3024,3024,0.5672892720306514,0.7336107476140327
훈제치킨(뼈),restaurant,chicken,front,data\raw\images\VS1\B\11\B11132\27\정위\B_11_B11132_훈제치킨(뼈)_27_09.jpg,True,0.47921887717202183,True,0.9816727848989188,253.47977592096734,0.020041997744601754,3024,3024,0.5672892720306514,0.7336036258231937
딸기타르트,bakery,pastry,front,data\raw\images\VS1\C\02\C02031\21\단면\C_02_C02031_딸기타르트_21_08.jpg,True,0.4795605149088381,True,0.9942414352355605,108.87179766162079,0.001156091174459582,3024,3024,0.5672892720306514,0.7335970396101578
순대전골,restaurant,korean_food,front,data\raw\images\VS1\B\12\B12109\18\정위\B_12_B12109_순대전골_18_09.jpg,True,0.6460725117704847,True,0.981891857329376,250.69191987279072,0.01967790172797366,3024,3024,0.5672892720306514,0.7335965283490051
감자토스트,bakery,sandwich,side,data\raw\images\VS1\B\11\B11005\23\측면\B_11_B11005_감자토스트_23_04.jpg,True,0.5487147067758062,True,0.9896689075201606,161.30657368303508,0.008004110854195032,3024,3024,0.5672892720306514,0.7335948852314849
민트초코마카롱,dessert,cookie_macaron,side,data\raw\images\VS1\C\02\C02044\21\측면\C_02_C02044_민트초코마카롱_21_02.jpg,True,0.5725567361931,True,0.9877404309450163,183.19717778684853,0.010863039585825166,3024,3024,0.5672892720306514,0.7335881280052675
케이준샐러드,cafe,brunch,side,data\raw\images\VS1\B\12\B12152\18\측면\B_12_B12152_케이준샐러드_18_03.jpg,True,0.5213374310194644,True,0.9896816943231331,160.2364064738335,0.007864346242513903,3024,3024,0.5672892720306514,0.7335707683500403
치아바타,bakery,bread,front,data\raw\images\VS1\C\02\C02117\02\정위\C_02_C02117_치아바타_02_10.jpg,True,0.5846952992765138,True,0.9917657658405752,135.9626828586439,0.004694180378748397,3024,3024,0.5672892720306514,0.7335619566325198
아몬드크로와상,bakery,pastry,front,data\raw\images\VS1\C\02\C02074\21\단면\C_02_C02074_아몬드크로와상_21_08.jpg,True,0.5701260239445494,True,0.9947745633688928,216.2979394466943,0.01518602300370575,2992,2992,0.5472807577692635,0.7335616872767985
로제치킨(뼈),restaurant,chicken,front,data\raw\images\VS1\B\12\B12065\27\정위\B_12_B12065_로제치킨(뼈)_27_10.jpg,True,0.6091196559958839,True,0.9835133770315261,230.7164902887568,0.017069096174064775,3024,3024,0.5672892720306514,0.7335612231488684
연어샐러드,cafe,brunch,side,data\raw\images\VS1\B\12\B12119\03\측면\B_12_B12119_연어샐러드_03_01.jpg,True,0.4229895601556892,True,0.9878541801594594,180.5174415716696,0.010513064097600505,3024,3024,0.5672892720306514,0.7335522576719555
로제치킨(뼈),restaurant,chicken,side,data\raw\images\VS1\B\12\B12065\27\측면\B_12_B12065_로제치킨(뼈)_27_03.jpg,True,0.5636969090640584,True,0.9892539104033872,164.43364120973283,0.008412508135303705,3024,3024,0.5672892720306514,0.7335520655526745
쿠키엔크림케이크,dessert,cake,side,data\raw\images\VS1\C\02\C02010\01\측면\C_02_C02010_쿠키엔크림케이크_01_03.jpg,True,0.41519652118174916,True,0.9913593653262046,140.192851071705,0.005246643407479622,3024,3024,0.5672892720306514,0.7335505290839549
가리비초밥,restaurant,japanese_food,side,data\raw\images\VS1\B\12\B12001\01\측면\B_12_B12001_가리비초밥_01_08.jpg,True,0.49314213940297685,True,0.9867429151841072,192.6375266499788,0.012095955976502266,3024,3024,0.5672892720306514,0.7335354565551302
버터크림빵,bakery,bread,front,data\raw\images\VS1\C\02\C02053\23\단면\C_02_C02053_버터크림빵_23_08.jpg,True,0.4191130593100517,True,0.972743528315392,352.88931856475966,0.03302495592678545,3024,3024,0.5672892720306514,0.7335214404845724
감자토스트,bakery,sandwich,side,data\raw\images\VS1\B\11\B11005\23\측면\B_11_B11005_감자토스트_23_06.jpg,True,0.549221471946302,True,0.9913428440361974,138.6301066460611,0.005042547855000562,3024,3024,0.5672892720306514,0.733504753586457
햄치즈토스트,bakery,sandwich,front,data\raw\images\VS1\B\11\B11129\12\정위\B_11_B11129_햄치즈토스트_12_09.jpg,True,0.4843401960519078,True,0.9923438145441549,127.01358333681969,0.003525421507415848,3024,3024,0.5672892720306514,0.7335016194693272
호두과자,restaurant,delivery_food,side,data\raw\images\VS1\C\02\C02144\10\측면\C_02_C02144_호두과자_10_06.jpg,True,0.4947754328460247,True,0.9837347330397457,225.7780342905584,0.016424130248218947,3024,3024,0.5672892720306514,0.733498636766165
블랙밀크티,cafe,tea,side,data\raw\images\VS1\D\08\D08010\29\측면\D_08_D08010_블랙밀크티_29_02.jpg,True,0.4060618602403865,True,0.9884027637665732,172.00195274772318,0.009400935097084954,3024,3024,0.5672892720306514,0.7334944069539866
고구마케이크,dessert,cake,front,data\raw\images\VS1\C\02\C02009\15\정위\C_02_C02009_고구마케이크_15_10.jpg,True,0.6456493785689685,True,0.9258160155870208,890.3569945607185,0.10321862321619764,3024,3024,0.5672892720306514,0.7334819201239434
불고기피자(팬),restaurant,korean_food,side,data\raw\images\VS1\B\11\B11052\24\측면\B_11_B11052_불고기피자(팬)_24_04.jpg,True,0.5566734017899015,True,0.8854930688643572,1353.0772277603894,0.16365022040408345,3024,3024,0.5672892720306514,0.7334713555447214
클럽샌드위치,cafe,brunch,side,data\raw\images\VS1\B\11\B11118\02\측면\B_11_B11118_클럽샌드위치_02_05.jpg,True,0.4922465718313468,True,0.9849531183879461,325.57576788965275,0.029457786449982586,2992,2992,0.5472807577692635,0.7334696064717697
고추장불고기,restaurant,korean_food,side,data\raw\images\VS1\B\12\B12018\10\측면\B_12_B12018_고추장불고기_10_05.jpg,True,0.45927971129701184,True,0.9903351950250137,148.78635733602124,0.006368961542145321,3024,3024,0.5672892720306514,0.7334677416205307
모시떡,restaurant,delivery_food,front,data\raw\images\VS1\C\01\C01005\30\단면\C_01_C01005_모시떡_30_08.jpg,True,0.4237949330409586,True,0.9654413731154572,433.5839664955277,0.04356373532108557,3024,3024,0.5672892720306514,0.7334385498034518
아이스크림크로플,dessert,ice_cream,side,data\raw\images\VS1\C\02\C02076\19\측면\C_02_C02076_아이스크림크로플_19_05.jpg,True,0.44531732400724366,True,0.987919588020731,175.41193358197592,0.009846281060819912,3024,3024,0.5672892720306514,0.7334385234229809
생크림식빵,bakery,bread,front,data\raw\images\VS1\C\02\C02061\25\정위\C_02_C02061_생크림식빵_25_09.jpg,True,0.4358837921513708,True,0.9879340002125601,173.6489265922101,0.009616031072596508,3024,3024,0.5672892720306514,0.7333967970828849
민물새우튀김,pub,seafood_side,side,data\raw\images\VS1\B\12\B12085\27\측면\B_12_B12085_민물새우튀김_27_01.jpg,True,0.4460523183053024,True,0.9791953918411461,273.8275919439607,0.022699437236823244,3024,3024,0.5672892720306514,0.7333918958043061
닭계장,restaurant,korean_food,side,data\raw\images\VS1\B\12\B12048\06\측면\B_12_B12048_닭계장_06_01.jpg,True,0.6085697437161026,True,0.9751806424456301,319.67606172133884,0.028687280556550898,3024,3024,0.5672892720306514,0.7333850396495968
로제떡볶이,restaurant,korean_food,front,data\raw\images\VS1\B\11\B11036\24\정위\B_11_B11036_로제떡볶이_24_09.jpg,True,0.42729372339931254,True,0.9887891696307187,163.32122242224312,0.008267225436933336,3024,3024,0.5672892720306514,0.7333835867811999
코다리냉면,restaurant,korean_food,side,data\raw\images\VS1\B\12\B12154\30\측면\B_12_B12154_코다리냉면_30_03.jpg,True,0.59798042490789,True,0.985337140202859,202.94769303320348,0.01344247116453005,3024,3024,0.5672892720306514,0.7333830270983612
모짜렐라핫도그,restaurant,delivery_food,side,data\raw\images\VS1\C\02\C02042\09\측면\C_02_C02042_모짜렐라핫도그_09_04.jpg,True,0.46966772120313266,True,0.9748063880928916,323.4060071838609,0.02917441413220037,3024,3024,0.5672892720306514,0.7333701900589051
양념반후라이드반치킨(뼈),restaurant,chicken,side,data\raw\images\VS1\B\11\B11082\23\측면\B_11_B11082_양념반후라이드반치킨(뼈)_23_08.jpg,True,0.6247103413334956,True,0.973691533609248,336.1316659110098,0.03083639436771283,3024,3024,0.5672892720306514,0.7333681297609145
게살고로케,pub,fried_side,side,data\raw\images\VS1\C\02\C02004\04\측면\C_02_C02004_게살고로케_04_05.jpg,True,0.4147595043058182,True,0.9660423927134494,422.8843252931928,0.04216635443993574,3024,3024,0.5672892720306514,0.7333393795066195
불고기버거,restaurant,korean_food,side,data\raw\images\VS1\B\11\B11049\17\측면\B_11_B11049_불고기버거_17_08.jpg,True,0.4493875432758306,True,0.9866782854958517,185.43674832408422,0.011155529118094403,3024,3024,0.5672892720306514,0.733327982276972
모카번,cafe,coffee,front,data\raw\images\VS1\C\02\C02043\21\단면\C_02_C02043_모카번_21_08.jpg,True,0.4331944475640708,True,0.9789879764798955,273.64266801563656,0.022675286038010063,3024,3024,0.5672892720306514,0.7333248409561683
차돌짬뽕,cafe,tea,side,data\raw\images\VS1\B\11\B11097\26\측면\B_11_B11097_차돌짬뽕_26_02.jpg,True,0.6276755898782093,True,0.9636448975108021,449.8556354435082,0.045688827056623894,3024,3024,0.5672892720306514,0.7333246254691631
단팥빵,bakery,bread,front,data\raw\images\VS1\C\02\C02021\29\단면\C_02_C02021_단팥빵_29_07.jpg,True,0.49837076163118504,True,0.9938556781214347,102.65406739374706,0.00034405110356661514,3024,3024,0.5672892720306514,0.7333189044617414
삼치구이,restaurant,meat_grill,side,data\raw\images\VS1\B\12\B12100\04\측면\B_12_B12100_삼치구이_04_05.jpg,True,0.47021947873799735,True,0.9905573712711245,140.139667914004,0.005239697648611152,3024,3024,0.5672892720306514,0.7333085417156573
닭가슴살소시지,pub,grilled_side,side,data\raw\images\VS1\C\06\C06007\23\측면\C_06_C06007_닭가슴살소시지_23_05.jpg,True,0.4696095967766555,True,0.9880990832991503,167.97738571871903,0.008875323731723552,3024,3024,0.5672892720306514,0.7332981805406874
깐풍치킨(뼈),restaurant,chicken,side,data\raw\images\VS1\B\11\B11014\03\측면\B_11_B11014_깐풍치킨(뼈)_03_03.jpg,True,0.41911721507897665,True,0.9834265708453661,336.1825142034824,0.030843035191493427,2992,2992,0.5472807577692635,0.733288691957298
순대전골,restaurant,korean_food,side,data\raw\images\VS1\B\12\B12109\17\측면\B_12_B12109_순대전골_17_07.jpg,True,0.5022240630976541,True,0.9819254794640137,238.4792288668663,0.01808291544793419,3024,3024,0.5672892720306514,0.7332876177333886
시나몬크로플,dessert,cake,front,data\raw\images\VS1\C\02\C02073\16\정위\C_02_C02073_시나몬크로플_16_10.jpg,True,0.48273250256983635,True,0.9953834170608656,198.49846743714875,0.012861399083113659,2992,2992,0.5472807577692635,0.7332794186002719
어탕국수,restaurant,korean_food,side,data\raw\images\VS1\A\13\A13024\17\측면\A_13_A13024_어탕국수_17_02.jpg,True,0.4273671405726458,True,0.995484002600638,197.21143146377764,0.012693311253949036,2992,2992,0.5472807577692635,0.7332759766963706
초코마카롱,dessert,cookie_macaron,front,data\raw\images\VS1\C\02\C02104\25\정위\C_02_C02104_초코마카롱_25_09.jpg,True,0.4188759609220917,True,0.988229976753617,280.4994802313569,0.023570790673603945,2992,2992,0.5472807577692635,0.7332752648261953
생크림식빵,bakery,bread,side,data\raw\images\VS1\C\02\C02061\25\측면\C_02_C02061_생크림식빵_25_06.jpg,True,0.40359441321994033,True,0.9606986786761171,481.72702582858415,0.04985125369669185,3024,3024,0.5672892720306514,0.7332732451467711
감자핫도그,restaurant,delivery_food,side,data\raw\images\VS1\C\02\C02003\25\측면\C_02_C02003_감자핫도그_25_05.jpg,True,0.5960993752103841,True,0.9836337254171978,218.18738506685386,0.015432785968524335,3024,3024,0.5672892720306514,0.7332700656234619
콩나물불고기(콩불),restaurant,korean_food,front,data\raw\images\VS1\B\12\B12157\18\정위\B_12_B12157_콩나물불고기(콩불)_18_10.jpg,True,0.6297019202969399,True,0.9860377340810713,190.42947035763083,0.011807582227412782,3024,3024,0.5672892720306514,0.7332662274744016
새우버거,pub,seafood_side,side,data\raw\images\VS1\B\11\B11056\21\측면\B_11_B11056_새우버거_21_04.jpg,True,0.4003421915347751,True,0.9932899178884222,106.82479996128203,0.0008887517939963531,3024,3024,0.5672892720306514,0.7332581165299236
햄샌드위치,cafe,brunch,front,data\raw\images\VS1\B\11\B11127\14\정위\B_11_B11127_햄샌드위치_14_10.jpg,True,0.48648411863002666,True,0.9744923892687353,322.59050737260367,0.02906790926691728,3024,3024,0.5672892720306514,0.7332546894386016
베이컨포테이토피자,restaurant,pizza,side,data\raw\images\VS1\B\11\B11047\28\측면\B_11_B11047_베이컨포테이토피자_28_04.jpg,True,0.5076407043178162,True,0.9306166717438356,826.2888129072628,0.09485127234530712,3024,3024,0.5672892720306514,0.7332486467968097
피자호빵,bakery,bread,side,data\raw\images\VS1\C\02\C02052\10\측면\C_02_C02052_피자호빵_10_06.jpg,True,0.6069519956711075,True,0.9561155842709627,532.4927798729727,0.05648129789885655,3024,3024,0.5672892720306514,0.7332243256656578
바나나쉐이크,cafe,smoothie,front,data\raw\images\VS1\D\08\D08009\14\정위\D_08_D08009_바나나쉐이크_14_03.jpg,True,0.5866624658685151,True,0.9860613158973396,188.20452331054054,0.011517002533535173,3024,3024,0.5672892720306514,0.7332151860805065
찹쌀꽈배기,bakery,bread,front,data\raw\images\VS1\C\02\C02099\15\단면\C_02_C02099_찹쌀꽈배기_15_07.jpg,True,0.5513195166553114,True,0.97051240179103,365.10426669121716,0.03462023698839934,3024,3024,0.5672892720306514,0.7331711587395865
닭계장,restaurant,korean_food,side,data\raw\images\VS1\B\12\B12048\28\측면\B_12_B12048_닭계장_28_05.jpg,True,0.6746574398822247,True,0.987015138546673,175.36786034501804,0.009840525064190616,3024,3024,0.5672892720306514,0.7331660373814377
녹두죽,restaurant,korean_food,front,data\raw\images\VS1\C\03\C03153\16\정위\C_03_C03153_녹두죽_16_09.jpg,True,0.602130126435655,True,0.9877180483623088,167.12653358637186,0.008764201827732226,3024,3024,0.5672892720306514,0.7331616456788368
아이스크림크로플,dessert,ice_cream,side,data\raw\images\VS1\C\02\C02076\19\측면\C_02_C02076_아이스크림크로플_19_02.jpg,True,0.4449991566874684,True,0.9861201562407953,185.4755631080966,0.01116059835696505,3024,3024,0.5672892720306514,0.7331615573482293
닭계장,restaurant,korean_food,side,data\raw\images\VS1\B\12\B12048\23\측면\B_12_B12048_닭계장_23_08.jpg,True,0.5663654306482305,True,0.958620826760856,501.26206802798225,0.05240254433959088,3024,3024,0.5672892720306514,0.7331601477007726
비빔밀면,restaurant,korean_food,side,data\raw\images\VS1\B\12\B12095\29\측면\B_12_B12095_비빔밀면_29_06.jpg,True,0.6003678159816402,True,0.9830141704060562,220.5971898458065,0.015747508215909325,3024,3024,0.5672892720306514,0.7331471435695963
돈가스김밥,restaurant,korean_food,side,data\raw\images\VS1\B\11\B11029\19\측면\B_11_B11029_돈가스김밥_19_03.jpg,True,0.5375341314849823,True,0.9803143801344841,251.37121592371625,0.01976661828362758,3024,3024,0.5672892720306514,0.7331410285016684
앙버터호두과자,restaurant,delivery_food,front,data\raw\images\VS1\C\02\C02079\28\정위\C_02_C02079_앙버터호두과자_28_09.jpg,True,0.4589459393241911,True,0.9842400329523026,205.75579128461146,0.013809210827543375,3024,3024,0.5672892720306514,0.7331272428557971
후레쉬빵,bakery,bread,front,data\raw\images\VS1\C\02\C02148\10\정위\C_02_C02148_후레쉬빵_10_09.jpg,True,0.5606032475289074,True,0.961064101905666,471.7677337039635,0.04855056294066033,3024,3024,0.5672892720306514,0.7331227339644295
에그타르트,bakery,pastry,side,data\raw\images\VS1\C\02\C02085\01\측면\C_02_C02085_에그타르트_01_04.jpg,True,0.4966698208235404,True,0.9923047578579093,112.88473363860471,0.0016801835160132343,3024,3024,0.5672892720306514,0.7331208548651731
맘모스빵,bakery,bread,front,data\raw\images\VS1\C\02\C02038\17\단면\C_02_C02038_맘모스빵_17_07.jpg,True,0.41272364883059054,True,0.9197502034945261,946.1304593569153,0.11050267806512852,3024,3024,0.5672892720306514,0.7331189874659811
감자토스트,bakery,sandwich,front,data\raw\images\VS1\B\11\B11005\23\정위\B_11_B11005_감자토스트_23_09.jpg,True,0.6812470013383497,True,0.9891566102376684,148.52708505168627,0.006335100394253496,3024,3024,0.5672892720306514,0.7331073939547489
빨미까레,bakery,bread,front,data\raw\images\VS1\C\02\C02058\06\정위\C_02_C02058_빨미까레_06_09.jpg,True,0.413965255523697,True,0.9887445887445888,153.21934619846252,0.006947913094406135,3024,3024,0.5672892720306514,0.7331063500468555
머랭쿠키,dessert,cookie_macaron,side,data\raw\images\VS1\C\02\C02039\26\측면\C_02_C02039_머랭쿠키_26_01.jpg,True,0.42141771238630227,True,0.9819243717616599,231.19133486820334,0.01713111121964326,3024,3024,0.5672892720306514,0.7330969245770242
누드김밥,restaurant,korean_food,side,data\raw\images\VS1\B\11\B11018\20\측면\B_11_B11018_누드김밥_20_06.jpg,True,0.5048718818710015,True,0.9568604453538712,167.0009803185096,0.008747804480124128,3120,3120,0.6285919540229885,0.7330964876056345
두부버섯전골,restaurant,korean_food,front,data\raw\images\VS1\B\12\B12058\22\정위\B_12_B12058_두부버섯전골_22_10.jpg,True,0.5522497163570467,True,0.9778301209675186,278.07759634110647,0.023254490885545424,3024,3024,0.5672892720306514,0.7330933252719624
콩나물불고기(콩불),restaurant,korean_food,front,data\raw\images\VS1\B\12\B12157\06\정위\B_12_B12157_콩나물불고기(콩불)_06_10.jpg,True,0.5310290004264577,True,0.9841698913950269,205.05957690717344,0.013718284726208198,3024,3024,0.5672892720306514,0.7330880151683473
말차까눌레,cafe,tea,side,data\raw\images\VS1\C\02\C02037\06\측면\C_02_C02037_말차까눌레_06_04.jpg,True,0.5269314698685694,True,0.9864053143004756,179.3427887961707,0.010359653595376045,3024,3024,0.5672892720306514,0.7330869158138155
고구마식빵,bakery,bread,front,data\raw\images\VS1\C\02\C02008\20\단면\C_02_C02008_고구마식빵_20_08.jpg,True,0.4667397603571148,True,0.9860076209727063,183.30552852911092,0.010877190271145604,3024,3024,0.5672892720306514,0.7330711151506386
아몬드크로와상,bakery,pastry,side,data\raw\images\VS1\C\02\C02074\21\측면\C_02_C02074_아몬드크로와상_21_04.jpg,True,0.5961266071361164,True,0.9961948031212434,181.1089506114233,0.010590315606090224,2992,2992,0.5472807577692635,0.7330686177229806
치즈케이크,dessert,cake,front,data\raw\images\VS1\C\02\C02119\12\단면\C_02_C02119_치즈케이크_12_07.jpg,True,0.5229502951655168,True,0.9513990168375441,580.0721840995814,0.0626952025098124,3024,3024,0.5672892720306514,0.7330521363578234
빈대떡,restaurant,delivery_food,side,data\raw\images\VS1\B\12\B12097\04\측면\B_12_B12097_빈대떡_04_07.jpg,True,0.3997569278358574,False,0.9956858422098659,194.36270260981757,0.012321265204850215,2992,2992,0.5472807577692635,0.7330494312256945
불고기피자(씬),restaurant,korean_food,front,data\raw\images\VS1\B\11\B11051\26\정위\B_11_B11051_불고기피자(씬)_26_09.jpg,True,0.4167391527602665,True,0.987099651273923,168.5445415942182,0.00894939469934454,3024,3024,0.5672892720306514,0.7330131651266434
밤식빵,bakery,bread,front,data\raw\images\VS1\C\02\C02051\28\단면\C_02_C02051_밤식빵_28_07.jpg,True,0.5208303091885614,True,0.988486420568659,152.34610679803467,0.006833867397008513,3024,3024,0.5672892720306514,0.7330060904545971
클럽샌드위치,cafe,brunch,side,data\raw\images\VS1\B\11\B11118\02\측면\B_11_B11118_클럽샌드위치_02_06.jpg,True,0.444319770458777,True,0.9811020647773624,351.6997645518277,0.03286959931217266,2992,2992,0.5472807577692635,0.7329966529610327
버터크림빵,bakery,bread,side,data\raw\images\VS1\C\02\C02053\23\측면\C_02_C02053_버터크림빵_23_05.jpg,True,0.6010797561121236,True,0.9655036580037126,415.29987327055846,0.041175819519183955,3024,3024,0.5672892720306514,0.7329796521095483
참치마요덮밥,restaurant,japanese_food,side,data\raw\images\VS1\B\11\B11098\01\측면\B_11_B11098_참치마요덮밥_01_03.jpg,True,0.4825845840804869,True,0.9879290976027564,156.7075519348394,0.007403475286946432,3024,3024,0.5672892720306514,0.7329528151428139
새우버거,pub,seafood_side,side,data\raw\images\VS1\B\11\B11056\21\측면\B_11_B11056_새우버거_21_06.jpg,True,0.40404790015179626,True,0.9922077922077922,107.46074202738106,0.0009718062878696415,3024,3024,0.5672892720306514,0.7329500897245091
당근케이크,dessert,cake,front,data\raw\images\VS1\C\02\C02024\09\정위\C_02_C02024_당근케이크_09_10.jpg,True,0.4031103343201751,True,0.9887133182844243,147.34466451716727,0.006180675417081809,3024,3024,0.5672892720306514,0.7329435213733413
케이준샐러드,cafe,brunch,side,data\raw\images\VS1\B\12\B12152\18\측면\B_12_B12152_케이준샐러드_18_02.jpg,True,0.5360031870740818,True,0.9907986176026404,122.82760950229508,0.0029787302964917233,3024,3024,0.5672892720306514,0.7329287221446882
앙버터치아바타,bakery,bread,front,data\raw\images\VS1\C\02\C02077\28\단면\C_02_C02077_앙버터치아바타_28_07.jpg,True,0.5680419397521906,True,0.9869343195990676,281.0246155233647,0.023639373722623244,2992,2992,0.5472807577692635,0.7329002842896344
감자토스트,bakery,sandwich,side,data\raw\images\VS1\B\11\B11005\23\측면\B_11_B11005_감자토스트_23_01.jpg,True,0.49577491723140543,True,0.9915316553151312,113.11763801745596,0.0017106009963743314,3024,3024,0.5672892720306514,0.7328950075984118
아보카도샌드위치,cafe,brunch,front,data\raw\images\VS1\B\11\B11080\14\정위\B_11_B11080_아보카도샌드위치_14_09.jpg,True,0.5248067756484638,True,0.9728182896721891,327.5792644728564,0.02971944455307924,3024,3024,0.5672892720306514,0.7328827666168702
고구마식빵,bakery,bread,side,data\raw\images\VS1\C\02\C02008\19\측면\C_02_C02008_고구마식빵_19_06.jpg,True,0.4765119607916399,True,0.9649411005414744,417.62752684262233,0.041479812759521055,3024,3024,0.5672892720306514,0.7328716835189442
치즈달걀말이,restaurant,delivery_food,front,data\raw\images\VS1\B\12\B12143\25\정위\B_12_B12143_치즈달걀말이_25_10.jpg,True,0.41317943252428185,True,0.9819231889051604,222.33423637969096,0.01597436774981482,3024,3024,0.5672892720306514,0.7328652210261086
오메기떡,restaurant,delivery_food,front,data\raw\images\VS1\C\01\C01017\10\정위\C_01_C01017_오메기떡_10_10.jpg,True,0.4908842913011086,True,0.9880716505493083,151.06132279942724,0.006666073677377106,3024,3024,0.5672892720306514,0.7328481007048655
시오라멘,restaurant,japanese_food,side,data\raw\images\VS1\A\14\A14086\28\측면\A_14_A14086_시오라멘_28_06.jpg,True,0.5094215355897352,True,0.9868337182035364,165.08754992552804,0.008497909086624395,3024,3024,0.5672892720306514,0.7328430880829835
유린기,restaurant,chinese_food,side,data\raw\images\VS1\A\14\A14105\22\측면\A_14_A14105_유린기_22_02.jpg,True,0.41261806268474954,True,0.9714786226883991,341.17267986559153,0.03149475443685279,3024,3024,0.5672892720306514,0.7328359284984879
조기구이,restaurant,korean_food,front,data\raw\images\VS1\B\12\B12135\06\정위\B_12_B12135_조기구이_06_09.jpg,True,0.4928474727367864,True,0.9914345839093285,111.88170756195125,0.001549187584812811,3024,3024,0.5672892720306514,0.7328336034943588
완두앙금빵,bakery,bread,side,data\raw\images\VS1\C\02\C02091\22\측면\C_02_C02091_완두앙금빵_22_03.jpg,True,0.599302479027241,True,0.9608252126418229,463.1654479503784,0.047427098198345036,3024,3024,0.5672892720306514,0.7328263742368135
닭계장,restaurant,korean_food,front,data\raw\images\VS1\B\12\B12048\06\정위\B_12_B12048_닭계장_06_09.jpg,True,0.5465419009519986,True,0.988435931873731,145.66376298825196,0.005961148461440605,3024,3024,0.5672892720306514,0.7328164000590052
코다리냉면,restaurant,korean_food,front,data\raw\images\VS1\B\12\B12154\29\정위\B_12_B12154_코다리냉면_29_10.jpg,True,0.6054207825438278,True,0.9787950718589451,256.3258180553205,0.020413692906176333,3024,3024,0.5672892720306514,0.7328146509435164
감자핫도그,restaurant,delivery_food,front,data\raw\images\VS1\C\02\C02003\29\단면\C_02_C02003_감자핫도그_29_08.jpg,True,0.5024535270596137,True,0.9842953918192796,193.09671886351708,0.012155926811770204,3024,3024,0.5672892720306514,0.7328131937127357
순살간장치킨,restaurant,chicken,side,data\raw\images\VS1\B\11\B11063\26\측면\B_11_B11063_순살간장치킨_26_07.jpg,True,0.5328360886838396,True,0.9878424344851384,151.75418126071486,0.006756561493635366,3024,3024,0.5672892720306514,0.7327974334488662
고추장불고기,restaurant,korean_food,side,data\raw\images\VS1\B\12\B12018\10\측면\B_12_B12018_고추장불고기_10_08.jpg,True,0.4868761340218882,True,0.9859263017876873,173.67212441413977,0.009619060724921837,3024,3024,0.5672892720306514,0.7327950934858881
에그타르트,bakery,pastry,side,data\raw\images\VS1\C\02\C02085\12\측면\C_02_C02085_에그타르트_12_04.jpg,True,0.6064069115280661,True,0.9818601188234327,220.19463044633736,0.01569493366712702,3024,3024,0.5672892720306514,0.7327904131850528
새우피자(씬),pub,seafood_side,front,data\raw\images\VS1\B\11\B11060\18\정위\B_11_B11060_새우피자(씬)_18_09.jpg,True,0.5234909650134564,True,0.9663922610923336,397.7315463526849,0.038881383314774684,3024,3024,0.5672892720306514,0.7327873457952526
꽃빵,bakery,bread,side,data\raw\images\VS1\A\14\A14015\31\측면\A_14_A14015_꽃빵_31_05.jpg,True,0.44824867027280735,True,0.9908523791360666,116.64907529308582,0.002171809259214782,3024,3024,0.5672892720306514,0.7327834663972606
스팸김치컵밥,restaurant,delivery_food,side,data\raw\images\VS1\B\11\B11079\03\측면\B_11_B11079_스팸김치컵밥_03_04.jpg,True,0.42792677314438743,True,0.9826909353219753,210.27228063905483,0.014399067604463953,3024,3024,0.5672892720306514,0.732780484922083
포테이토피자(팬),restaurant,pizza,side,data\raw\images\VS1\B\11\B11124\09\측면\B_11_B11124_포테이토피자(팬)_09_05.jpg,True,0.4119621160709956,True,0.9892746538553743,134.39638937691774,0.004489621316977607,3024,3024,0.5672892720306514,0.7327737112246054
시래기해장국,restaurant,korean_food,front,data\raw\images\VS1\B\12\B12111\19\정위\B_12_B12111_시래기해장국_19_09.jpg,True,0.4561830990732191,True,0.968900515517277,368.3026552040585,0.035037948841892,3024,3024,0.5672892720306514,0.7327711352281592
치즈라볶이,restaurant,delivery_food,side,data\raw\images\VS1\B\11\B11104\03\측면\B_11_B11104_치즈라볶이_03_04.jpg,True,0.4033967328427967,True,0.982289683274588,214.4508416178406,0.014944790691066122,3024,3024,0.5672892720306514,0.7327692539251872
호두과자,restaurant,delivery_food,front,data\raw\images\VS1\C\02\C02144\10\단면\C_02_C02144_호두과자_10_07.jpg,True,0.5914506625912431,True,0.9873164702926182,156.43554119512473,0.007367950487567015,3024,3024,0.5672892720306514,0.7327619219898964
치즈달걀말이,restaurant,delivery_food,side,data\raw\images\VS1\B\12\B12143\21\측면\B_12_B12143_치즈달걀말이_21_06.jpg,True,0.5418091312039557,True,0.9843028600132169,189.76929747921676,0.01172136317192257,3024,3024,0.5672892720306514,0.7327285214429472
치아바타샌드위치,cafe,brunch,front,data\raw\images\VS1\B\11\B11102\16\정위\B_11_B11102_치아바타샌드위치_16_10.jpg,True,0.5665937583655419,True,0.9769146029272076,274.473046972468,0.022783734130468733,3024,3024,0.5672892720306514,0.7327245185088537
새우버거,pub,seafood_side,side,data\raw\images\VS1\B\11\B11056\21\측면\B_11_B11056_새우버거_21_07.jpg,True,0.40738970394029067,True,0.9913555356346608,108.4738378029322,0.0011041173290305246,3024,3024,0.5672892720306514,0.732720874960802
감자토스트,bakery,sandwich,front,data\raw\images\VS1\B\11\B11005\23\정위\B_11_B11005_감자토스트_23_10.jpg,True,0.6598652720421014,True,0.988810530550277,136.95288102567454,0.004823500975672366,3024,3024,0.5672892720306514,0.7327012501648152
호두과자,restaurant,delivery_food,front,data\raw\images\VS1\C\02\C02144\10\정위\C_02_C02144_호두과자_10_09.jpg,True,0.5502171955786093,True,0.9852321179262208,177.98504160714452,0.010182330830294345,3024,3024,0.5672892720306514,0.7326994923485227
가리비초밥,restaurant,japanese_food,front,data\raw\images\VS1\B\12\B12001\27\정위\B_12_B12001_가리비초밥_27_10.jpg,True,0.47398252302075267,True,0.99740932642487,152.91406104721148,0.006908042632809344,2992,2992,0.5472807577692635,0.7326965201194123
콘수프,restaurant,western_food,front,data\raw\images\VS1\C\04\C04004\16\정위\C_04_C04004_콘수프_16_10.jpg,True,0.5334412515835826,True,0.9876173082766956,150.40175892164538,0.0065799341578100115,3024,3024,0.5672892720306514,0.7326945701191683
닭윙간장치킨,restaurant,chicken,front,data\raw\images\VS1\B\11\B11026\19\정위\B_11_B11026_닭윙간장치킨_19_09.jpg,True,0.51090432197174,True,0.9578735955362352,606.8379460832871,0.06619083038724771,2992,2992,0.5472807577692635,0.7326923584037095
순살양념파닭,restaurant,chicken,side,data\raw\images\VS1\B\11\B11072\29\측면\B_11_B11072_순살양념파닭_29_01.jpg,True,0.5553508013432805,True,0.9497037672006817,585.7115116790225,0.06343170277117934,3024,3024,0.5672892720306514,0.7326908615190381
밤떡,restaurant,delivery_food,side,data\raw\images\VS1\C\01\C01008\20\측면\C_01_C01008_밤떡_20_01.jpg,True,0.4116459209892907,True,0.9815562082161969,219.60771828010311,0.015618282513644324,3024,3024,0.5672892720306514,0.7326839097721856
슈크림크로와상,bakery,pastry,front,data\raw\images\VS1\C\02\C02071\07\단면\C_02_C02071_슈크림크로와상_07_08.jpg,True,0.5918356307031996,True,0.9801450044771656,235.46471645730975,0.017689217946546574,3024,3024,0.5672892720306514,0.7326747357370565
순살훈제양념치킨,restaurant,chicken,side,data\raw\images\VS1\B\11\B11077\31\측면\B_11_B11077_순살훈제양념치킨_31_04.jpg,True,0.6625219916684566,True,0.9857902059212439,170.34607728055508,0.0091846765632118,3024,3024,0.5672892720306514,0.7326673878936132
베이컨치즈버거,restaurant,western_food,side,data\raw\images\VS1\B\11\B11045\26\측면\B_11_B11045_베이컨치즈버거_26_03.jpg,True,0.4571898522324623,True,0.989397224944951,128.0994280102043,0.003667233607260364,3024,3024,0.5672892720306514,0.732646005009535
새우피자(팬),pub,seafood_side,side,data\raw\images\VS1\B\11\B11061\07\측면\B_11_B11061_새우피자(팬)_07_02.jpg,True,0.4969743290873126,True,0.9765609713033573,275.30385022650046,0.02289223763644879,3024,3024,0.5672892720306514,0.7326401297228945
우럭초밥,restaurant,japanese_food,front,data\raw\images\VS1\B\12\B12125\06\정위\B_12_B12125_우럭초밥_06_09.jpg,True,0.4357948930698656,True,0.9691226549177401,360.72225212987206,0.03404794271673652,3024,3024,0.5672892720306514,0.732639775823267
감자토스트,bakery,sandwich,side,data\raw\images\VS1\B\11\B11005\23\측면\B_11_B11005_감자토스트_23_03.jpg,True,0.5490479577978772,True,0.9903283267010959,117.11971491259054,0.0022332751339829947,3024,3024,0.5672892720306514,0.732638543841723
크레미롤,restaurant,delivery_food,front,data\raw\images\VS1\B\12\B12158\04\정위\B_12_B12158_크레미롤_04_10.jpg,True,0.42349844314911433,True,0.9661867515062874,394.31830241270706,0.03843561118707149,3024,3024,0.5672892720306514,0.7326365384938981
치즈크로플,dessert,cake,side,data\raw\images\VS1\C\02\C02120\21\측면\C_02_C02120_치즈크로플_21_03.jpg,True,0.5312879673160593,True,0.9603454538715926,109.13678159869272,0.0011906982683306663,3120,3120,0.6285919540229885,0.7326305689185922
김치알컵밥,restaurant,delivery_food,side,data\raw\images\VS1\B\11\B11010\25\측면\B_11_B11010_김치알컵밥_25_02.jpg,True,0.48950501101630495,True,0.9397195189630895,697.9148787062122,0.07808554367289261,3024,3024,0.5672892720306514,0.732626355228103
옥수수떡,restaurant,delivery_food,front,data\raw\images\VS1\C\01\C01018\10\단면\C_01_C01018_옥수수떡_10_08.jpg,True,0.5612610370498615,True,0.9898444991486608,121.17140302136346,0.0027624285319815985,3024,3024,0.5672892720306514,0.7325992262555923
단호박샐러드,cafe,brunch,side,data\raw\images\VS1\B\12\B12042\09\측면\B_12_B12042_단호박샐러드_09_08.jpg,True,0.4160443482548161,True,0.9822091696086072,208.30963268031778,0.014142744361272545,3024,3024,0.5672892720306514,0.7325846905594343
말차라떼,cafe,coffee,side,data\raw\images\VS1\D\08\D08005\08\측면\D_08_D08005_말차라떼_08_01.jpg,True,0.39753489054570723,False,0.9828691678186572,283.28011622742963,0.023933943746204275,3024,3024,0.5672892720306514,0.7325839591269295
버터크림빵,bakery,bread,side,data\raw\images\VS1\C\02\C02053\30\측면\C_02_C02053_버터크림빵_30_05.jpg,True,0.5907640296278737,True,0.9458901864401679,625.3206918435953,0.06860469035396993,3024,3024,0.5672892720306514,0.732581384807442
순대전골,restaurant,korean_food,front,data\raw\images\VS1\B\12\B12109\17\정위\B_12_B12109_순대전골_17_10.jpg,True,0.5804549456399339,True,0.9742041759027346,300.1027501980553,0.02613099191226838,3024,3024,0.5672892720306514,0.7325808419578717
삼치구이,restaurant,meat_grill,side,data\raw\images\VS1\B\12\B12100\17\측면\B_12_B12100_삼치구이_17_06.jpg,True,0.447452408551705,True,0.9864890152416931,158.90271583852777,0.007690165280750614,3024,3024,0.5672892720306514,0.7325781284332556
망개떡,restaurant,delivery_food,front,data\raw\images\VS1\C\01\C01004\07\정위\C_01_C01004_망개떡_07_10.jpg,True,0.4374701940310421,True,0.988650711920239,133.75794722216332,0.004406240309717361,3024,3024,0.5672892720306514,0.7325698524426129
만두전골,restaurant,korean_food,side,data\raw\images\VS1\B\12\B12069\22\측면\B_12_B12069_만두전골_22_03.jpg,True,0.4919059452067781,True,0.9855741226511135,169.01099285491588,0.009010313571422693,3024,3024,0.5672892720306514,0.7325676903142162
슈크림크로와상,bakery,pastry,side,data\raw\images\VS1\C\02\C02071\07\측면\C_02_C02071_슈크림크로와상_07_04.jpg,True,0.4816608996539795,True,0.9845055299462354,180.58384259474536,0.01052173611924873,3024,3024,0.5672892720306514,0.732549397012318
딸기크로와상,bakery,pastry,front,data\raw\images\VS1\C\02\C02029\10\단면\C_02_C02029_딸기크로와상_10_08.jpg,True,0.43715930071209447,True,0.9886492622020431,132.84386438473186,0.004286860429900907,3024,3024,0.5672892720306514,0.7325455415511907
모히또,cafe,ade_juice,front,data\raw\images\VS1\D\07\D07013\14\정위\D_07_D07013_모히또_14_03.jpg,True,0.4004401148730741,True,0.9812798836521333,217.35949768559223,0.01532466327763749,3024,3024,0.5672892720306514,0.7325422885557652
코다리냉면,restaurant,korean_food,side,data\raw\images\VS1\B\12\B12154\29\측면\B_12_B12154_코다리냉면_29_05.jpg,True,0.5125533505366868,True,0.976588973272654,271.02746852340533,0.022333739092488265,3024,3024,0.5672892720306514,0.7325368306048915
양념반후라이드반치킨(뼈),restaurant,chicken,side,data\raw\images\VS1\B\11\B11082\12\측면\B_11_B11082_양념반후라이드반치킨(뼈)_12_04.jpg,True,0.6151289157231956,True,0.9890010126216937,128.4131918123227,0.003708211386793894,3024,3024,0.5672892720306514,0.7325353368684644
새우오일파스타,pub,seafood_side,side,data\raw\images\VS1\A\14\A14073\26\측면\A_14_A14073_새우오일파스타_26_02.jpg,True,0.44664160084549626,True,0.9816185237134387,213.19555602971053,0.014780849485182218,3024,3024,0.5672892720306514,0.7325351178156656
치즈라볶이,restaurant,delivery_food,front,data\raw\images\VS1\B\11\B11104\03\정위\B_11_B11104_치즈라볶이_03_09.jpg,True,0.5260647198286282,True,0.9821275338770864,207.26674514009775,0.014006542494094531,3024,3024,0.5672892720306514,0.7325329594665424
피자호빵,bakery,bread,front,data\raw\images\VS1\C\02\C02052\10\정위\C_02_C02052_피자호빵_10_10.jpg,True,0.6287550283057209,True,0.9554385734988151,717.5497892486774,0.080649877193641,2967,2967,0.5317972117456896,0.7325311292502261
참치마요덮밥,restaurant,japanese_food,side,data\raw\images\VS1\B\11\B11098\01\측면\B_11_B11098_참치마요덮밥_01_06.jpg,True,0.4229441886243397,True,0.9911070593738533,103.82756007488315,0.0004973100966280821,3024,3024,0.5672892720306514,0.7325249706360794
블랙밀크티,cafe,tea,front,data\raw\images\VS1\D\08\D08010\29\정위\D_08_D08010_블랙밀크티_29_03.jpg,True,0.48767468422467086,True,0.9860655737704918,161.29152516060518,0.00800214550627958,3024,3024,0.5672892720306514,0.7325134920370011
새우버거,pub,seafood_side,side,data\raw\images\VS1\B\11\B11056\21\측면\B_11_B11056_새우버거_21_03.jpg,True,0.41385925444865834,True,0.9902614778859706,112.17458541080092,0.0015874376437405354,3024,3024,0.5672892720306514,0.732489321699137
비빔밀면,restaurant,korean_food,side,data\raw\images\VS1\B\12\B12095\29\측면\B_12_B12095_비빔밀면_29_07.jpg,True,0.5280486678367358,True,0.9751077367418104,286.20476881594345,0.024315905489959076,3024,3024,0.5672892720306514,0.7324888929251325
양념반후라이드반치킨(뼈),restaurant,chicken,side,data\raw\images\VS1\B\11\B11082\23\측면\B_11_B11082_양념반후라이드반치킨(뼈)_23_02.jpg,True,0.6972058632165233,True,0.9700331923213528,343.8929140023295,0.031850018982929273,3024,3024,0.5672892720306514,0.7324733522975893
초코스콘,dessert,cookie_macaron,front,data\raw\images\VS1\C\02\C02108\19\단면\C_02_C02108_초코스콘_19_08.jpg,True,0.4584255070790726,True,0.9898475914755969,115.94469125216207,0.0020798161939184334,3024,3024,0.5672892720306514,0.7324636314860604
콘수프,restaurant,western_food,side,data\raw\images\VS1\C\04\C04004\25\측면\C_04_C04004_콘수프_25_03.jpg,True,0.4214242544488879,True,0.9846095157158189,175.731275235147,0.00988798731173594,3024,3024,0.5672892720306514,0.7324538429816905
슈크림크로와상,bakery,pastry,front,data\raw\images\VS1\C\02\C02071\28\정위\C_02_C02071_슈크림크로와상_28_10.jpg,True,0.4687842251457528,True,0.9827929154669642,195.8780505726992,0.012519170745005902,3024,3024,0.5672892720306514,0.732435099593688
돼지짜글이,restaurant,korean_food,side,data\raw\images\VS1\B\12\B12056\07\측면\B_12_B12056_돼지짜글이_07_03.jpg,True,0.6402513358732448,True,0.9834874236877075,187.62118108596889,0.011440817617016107,3024,3024,0.5672892720306514,0.7324277814343131
햄치즈파니니,bakery,sandwich,side,data\raw\images\VS1\C\02\C02143\12\측면\C_02_C02143_햄치즈파니니_12_03.jpg,True,0.42795440051020406,True,0.9708964178339167,332.00459262132483,0.03029739561055344,3024,3024,0.5672892720306514,0.7324217952768833
모짜렐라핫도그,restaurant,delivery_food,front,data\raw\images\VS1\C\02\C02042\09\단면\C_02_C02042_모짜렐라핫도그_09_07.jpg,True,0.3997811233805271,False,0.9766476906294357,273.1112655248416,0.02260588448829546,3024,3024,0.5672892720306514,0.7324173578490486
메론빵,bakery,bread,side,data\raw\images\VS1\C\02\C02040\15\측면\C_02_C02040_메론빵_15_06.jpg,True,0.478783719828941,True,0.9629234283129275,423.23265319364197,0.04221184631571495,3024,3024,0.5672892720306514,0.732412788561619
오메기떡,restaurant,delivery_food,front,data\raw\images\VS1\C\01\C01017\21\정위\C_01_C01017_오메기떡_21_09.jpg,True,0.5166251104658502,True,0.9848731325642289,170.47576771074114,0.00920161422721221,3024,3024,0.5672892720306514,0.7323956534193088
땡초멸치김밥,restaurant,korean_food,side,data\raw\images\VS1\B\11\B11033\07\측면\B_11_B11033_땡초멸치김밥_07_06.jpg,True,0.6251765618609515,True,0.9890138939635353,122.86204784574396,0.0029832279690588594,3024,3024,0.5672892720306514,0.7323942045874701
오메기떡,restaurant,delivery_food,side,data\raw\images\VS1\C\01\C01017\21\측면\C_01_C01017_오메기떡_21_06.jpg,True,0.40405588006852017,True,0.9811676082862525,212.89544609512677,0.014741654910625929,3024,3024,0.5672892720306514,0.7323920042725987
시나몬롤,bakery,bread,front,data\raw\images\VS1\C\02\C02072\09\단면\C_02_C02072_시나몬롤_09_07.jpg,True,0.592973643731784,True,0.9676748755493193,482.5678747675707,0.049961069176393966,2992,2992,0.5472807577692635,0.732386790165464
페퍼로니피자(씬),restaurant,pizza,front,data\raw\images\VS1\B\11\B11121\17\정위\B_11_B11121_페퍼로니피자(씬)_17_09.jpg,True,0.46882682848968715,True,0.9725373756927849,311.36928927184874,0.027602410065524854,3024,3024,0.5672892720306514,0.732375085525538
깐풍치킨(뼈),restaurant,chicken,side,data\raw\images\VS1\B\11\B11014\03\측면\B_11_B11014_깐풍치킨(뼈)_03_06.jpg,True,0.48191000918273713,True,0.9840570346206479,293.9388904013389,0.025325987363878484,2992,2992,0.5472807577692635,0.7323744215243595
초코크로플,dessert,cake,front,data\raw\images\VS1\C\02\C02115\20\단면\C_02_C02115_초코크로플_20_07.jpg,True,0.3975335014256067,False,0.9895351368248657,198.56617277655903,0.012870241449418713,3024,3024,0.5672892720306514,0.7323697938893469
단호박피자,restaurant,pizza,side,data\raw\images\VS1\B\12\B12043\04\측면\B_12_B12043_단호박피자_04_02.jpg,True,0.4800568222603601,True,0.9717386579448887,319.7383723319956,0.028695418367378194,3024,3024,0.5672892720306514,0.7323540718615399
녹두죽,restaurant,korean_food,front,data\raw\images\VS1\C\03\C03153\16\정위\C_03_C03153_녹두죽_16_10.jpg,True,0.6072994557139241,True,0.9844330006532837,173.83242273796927,0.009639995801973843,3024,3024,0.5672892720306514,0.7323512901609776
소세지크로와상,pub,grilled_side,front,data\raw\images\VS1\C\02\C02067\03\단면\C_02_C02067_소세지크로와상_03_07.jpg,True,0.4739699899992455,True,0.973156802412213,303.2281012487305,0.02653916502036682,3024,3024,0.5672892720306514,0.7323482645323348
햄치즈파니니,bakery,sandwich,front,data\raw\images\VS1\C\02\C02143\14\정위\C_02_C02143_햄치즈파니니_14_10.jpg,True,0.5166513935454221,True,0.9884123225647385,128.001144282322,0.0036543976813004477,3024,3024,0.5672892720306514,0.7323479671102792
완두앙금빵,bakery,bread,front,data\raw\images\VS1\C\02\C02091\26\단면\C_02_C02091_완두앙금빵_26_07.jpg,True,0.5529917355371905,True,0.9806629622623713,216.5044800596256,0.015212997357166143,3024,3024,0.5672892720306514,0.7323348789547423
순살간장치킨,restaurant,chicken,side,data\raw\images\VS1\B\11\B11063\05\측면\B_11_B11063_순살간장치킨_05_02.jpg,True,0.4337778975584174,True,0.9870214976061685,143.3625669467066,0.0056606105937286105,3024,3024,0.5672892720306514,0.7323319622051938
오돌뼈볶음,restaurant,korean_food,side,data\raw\images\VS1\B\12\B12121\14\측면\B_12_B12121_오돌뼈볶음_14_08.jpg,True,0.6682416067567042,True,0.9842007707505798,175.51933495412143,0.009860307757716314,3024,3024,0.5672892720306514,0.7323256835813148
물밀면,restaurant,korean_food,front,data\raw\images\VS1\B\12\B12084\17\정위\B_12_B12084_물밀면_17_10.jpg,True,0.40975210641677917,True,0.9865004545080801,263.95217653139525,0.021409700840062586,2992,2992,0.5472807577692635,0.7323241901858261
레인보우케이크,dessert,cake,side,data\raw\images\VS1\C\02\C02033\16\측면\C_02_C02033_레인보우케이크_16_03.jpg,True,0.5512460411161711,True,0.8763631513220861,1412.995104194337,0.1714755384109737,3024,3024,0.5672892720306514,0.7322974438834182
리코타치즈샐러드,cafe,brunch,side,data\raw\images\VS1\B\12\B12066\21\측면\B_12_B12066_리코타치즈샐러드_21_03.jpg,True,0.5449462648089919,True,0.9797390607109872,225.43405959767813,0.01637920690449735,3024,3024,0.5672892720306514,0.7322909503987932
버섯샐러드,cafe,brunch,front,data\raw\images\VS1\B\12\B12088\20\정위\B_12_B12088_버섯샐러드_20_09.jpg,True,0.5077470198376596,True,0.9849490604213685,165.56738653794642,0.008560576095320242,3024,3024,0.5672892720306514,0.7322902241500722
초코스콘,dessert,cookie_macaron,side,data\raw\images\VS1\C\02\C02108\19\측면\C_02_C02108_초코스콘_19_03.jpg,True,0.4331008643825184,True,0.9866417681090354,145.60230542269105,0.005953122058919921,3024,3024,0.5672892720306514,0.7322765456490922
전복버터구이,pub,seafood_side,front,data\raw\images\VS1\B\12\B12133\04\정위\B_12_B12133_전복버터구이_04_09.jpg,True,0.5535264994724454,True,0.9732033509045425,298.8819968950523,0.025971560647802747,3024,3024,0.5672892720306514,0.7322487082055209
새우오일파스타,pub,seafood_side,side,data\raw\images\VS1\A\14\A14073\26\측면\A_14_A14073_새우오일파스타_26_01.jpg,True,0.4733173366675446,True,0.9772776659675408,252.08366652187277,0.01985966484713388,3024,3024,0.5672892720306514,0.7322486235642867
로제찜닭,restaurant,korean_food,front,data\raw\images\VS1\B\12\B12064\07\정위\B_12_B12064_로제찜닭_07_10.jpg,True,0.4472727272727275,True,0.972572827881249,305.30367090931094,0.026810235919506573,3024,3024,0.5672892720306514,0.7322272863528736
두부버섯전골,restaurant,korean_food,side,data\raw\images\VS1\B\12\B12058\22\측면\B_12_B12058_두부버섯전골_22_06.jpg,True,0.480158722773033,True,0.97097947150589,322.8439057177349,0.02910100327409989,3024,3024,0.5672892720306514,0.7322074329111847
버팔로윙,restaurant,western_food,side,data\raw\images\VS1\B\12\B12090\13\측면\B_12_B12090_버팔로윙_13_03.jpg,True,0.4535636885320961,True,0.980218216806665,216.41543775266447,0.015201368367463778,3024,3024,0.5672892720306514,0.7321991295200899
콩나물불고기(콩불),restaurant,korean_food,side,data\raw\images\VS1\B\12\B12157\18\측면\B_12_B12157_콩나물불고기(콩불)_18_05.jpg,True,0.48358804130191974,True,0.9821195753370049,194.57384759744792,0.01234884089297711,3024,3024,0.5672892720306514,0.7321990315842946
호두타르트,bakery,pastry,side,data\raw\images\VS1\C\02\C02146\03\측면\C_02_C02146_호두타르트_03_02.jpg,True,0.48359482086532984,True,0.9744985924882732,281.4482565306272,0.023694701544633812,3024,3024,0.5672892720306514,0.7321819088600063
앙버터치아바타,bakery,bread,front,data\raw\images\VS1\C\02\C02077\29\정위\C_02_C02077_앙버터치아바타_29_09.jpg,True,0.4121146585578957,True,0.9853204068223407,157.09307380063612,0.007453824721506163,3024,3024,0.5672892720306514,0.732180277795601
누드김밥,restaurant,korean_food,side,data\raw\images\VS1\B\11\B11018\25\측면\B_11_B11018_누드김밥_25_01.jpg,True,0.4519737375374888,True,0.9745134107008476,281.09273619741,0.023648270331932085,3024,3024,0.5672892720306514,0.7321770680812383
새우버거,pub,seafood_side,front,data\raw\images\VS1\B\11\B11056\21\정위\B_11_B11056_새우버거_21_09.jpg,True,0.4727640823728881,True,0.988432190141414,120.28915369382217,0.0026472061315851764,3024,3024,0.5672892720306514,0.7321524890733389
앙버터치아바타,bakery,bread,side,data\raw\images\VS1\C\02\C02077\29\측면\C_02_C02077_앙버터치아바타_29_03.jpg,True,0.42717474219993096,True,0.9861402039642088,146.40124311858534,0.006057463899955577,3024,3024,0.5672892720306514,0.7321469447738513
민물새우튀김,pub,seafood_side,side,data\raw\images\VS1\B\12\B12085\27\측면\B_12_B12085_민물새우튀김_27_04.jpg,True,0.4794138768826012,True,0.9758184524577794,264.10690413184494,0.021429908376611323,3024,3024,0.5672892720306514,0.7321249082172536
모시송편,restaurant,korean_food,side,data\raw\images\VS1\C\01\C01006\16\측면\C_01_C01006_모시송편_16_02.jpg,True,0.5355456851749985,True,0.968205815155914,351.4798138213525,0.032840873587660156,3024,3024,0.5672892720306514,0.7321233100689039
감자핫도그,restaurant,delivery_food,side,data\raw\images\VS1\C\02\C02003\25\측면\C_02_C02003_감자핫도그_25_03.jpg,True,0.561737030035707,True,0.9784549728299731,233.6148821982194,0.0174476282541385,3024,3024,0.5672892720306514,0.7321194083044172
시나몬크로플,dessert,cake,side,data\raw\images\VS1\C\02\C02073\16\측면\C_02_C02073_시나몬크로플_16_05.jpg,True,0.5251363723582135,True,0.9859941527755023,261.88445692365065,0.021139655163501917,2992,2992,0.5472807577692635,0.7321182905307405
우럭초밥,restaurant,japanese_food,front,data\raw\images\VS1\B\12\B12125\06\정위\B_12_B12125_우럭초밥_06_10.jpg,True,0.39544405386992076,False,0.9748305905130689,427.71416272835603,0.04279713470287447,3024,3024,0.5672892720306514,0.7321155420352738
새우튀김우동,pub,seafood_side,side,data\raw\images\VS1\B\12\B12103\21\측면\B_12_B12103_새우튀김우동_21_07.jpg,True,0.5082367217642652,True,0.9883437875234418,119.7483424716355,0.002576575794744534,3024,3024,0.5672892720306514,0.732111842220579
자장떡볶이,restaurant,korean_food,front,data\raw\images\VS1\B\11\B11090\22\정위\B_11_B11090_자장떡볶이_22_09.jpg,True,0.44625355295887265,True,0.9774517836763538,244.82895553033677,0.018912194343578336,3024,3024,0.5672892720306514,0.7321113647762194
모짜렐라핫도그,restaurant,delivery_food,side,data\raw\images\VS1\C\02\C02042\26\측면\C_02_C02042_모짜렐라핫도그_26_03.jpg,True,0.5154209373354005,True,0.986087259171643,145.32087796625058,0.0059163674295240574,3024,3024,0.5672892720306514,0.7321028420419954
양념반후라이드반치킨(뼈),restaurant,chicken,side,data\raw\images\VS1\B\11\B11082\23\측면\B_11_B11082_양념반후라이드반치킨(뼈)_23_07.jpg,True,0.6300756703830342,True,0.9693717821248474,336.9601719090236,0.030944597850395012,3024,3024,0.5672892720306514,0.7320938450121309
새우만두,pub,seafood_side,side,data\raw\images\VS1\B\12\B12101\29\측면\B_12_B12101_새우만두_29_02.jpg,True,0.7035814325730293,False,0.9959167003537498,191.87007913950038,0.011995726776461936,3024,3024,0.5672892720306514,0.7320892082641474
시나몬크로플,dessert,cake,side,data\raw\images\VS1\C\02\C02073\16\측면\C_02_C02073_시나몬크로플_16_06.jpg,True,0.4957745412049861,True,0.9908056415398858,204.71465474326192,0.013673237642084517,2992,2992,0.5472807577692635,0.7320684536557721
레몬아이스티,cafe,tea,side,data\raw\images\VS1\D\07\D07007\22\측면\D_07_D07007_레몬아이스티_22_02.jpg,True,0.4197492948994021,True,0.9877542827081063,124.06364798730068,0.003140157816784209,3024,3024,0.5672892720306514,0.7320477071803864
누드김밥,restaurant,korean_food,side,data\raw\images\VS1\B\11\B11018\20\측면\B_11_B11018_누드김밥_20_07.jpg,True,0.4939023452518265,True,0.9527780604753248,173.5797668790007,0.009606998764021194,3120,3120,0.6285919540229885,0.73204361099885
우삼겹커리,restaurant,delivery_food,side,data\raw\images\VS1\A\14\A14102\22\측면\A_14_A14102_우삼겹커리_22_05.jpg,True,0.5798545587974389,True,0.9876013162296904,125.44880352282846,0.0033210601317462257,3024,3024,0.5672892720306514,0.732037997699854
훈제치킨(뼈),restaurant,chicken,side,data\raw\images\VS1\B\11\B11132\27\측면\B_11_B11132_훈제치킨(뼈)_27_07.jpg,True,0.5720504710403699,True,0.9746789805327083,273.6886822947483,0.0226812955361488,3024,3024,0.5672892720306514,0.7320333440716399
꽈배기,bakery,bread,front,data\raw\images\VS1\C\02\C02017\08\단면\C_02_C02017_꽈배기_08_07.jpg,True,0.4751670555925721,True,0.9887408460347442,111.87512897813119,0.0015483284170069612,3024,3024,0.5672892720306514,0.7320253102984222
소보루빵,bakery,bread,side,data\raw\images\VS1\C\02\C02066\30\측면\C_02_C02066_소보루빵_30_04.jpg,True,0.5377144404078757,True,0.9791558423199427,221.88094392117128,0.015915167426820198,3024,3024,0.5672892720306514,0.7320231769859445
순살크림(크리미)치킨,restaurant,chicken,side,data\raw\images\VS1\B\11\B11074\22\측면\B_11_B11074_순살크림(크리미)치킨_22_04.jpg,True,0.6049967133590489,True,0.9805161664767132,321.0487064024367,0.028866548944874015,2992,2992,0.5472807577692635,0.7320202733973782
말차까눌레,cafe,tea,front,data\raw\images\VS1\C\02\C02037\17\정위\C_02_C02037_말차까눌레_17_09.jpg,True,0.6195086298982404,True,0.9843915529200693,161.26201815375967,0.007998291869840175,3024,3024,0.5672892720306514,0.7320105150545865
김치알컵밥,restaurant,delivery_food,front,data\raw\images\VS1\B\11\B11010\08\정위\B_11_B11010_김치알컵밥_08_10.jpg,True,0.4546271855417342,True,0.9746085049172362,273.5516905217032,0.02266340431148921,3024,3024,0.5672892720306514,0.7320086231420664
버팔로윙,restaurant,western_food,side,data\raw\images\VS1\B\12\B12090\13\측면\B_12_B12090_버팔로윙_13_05.jpg,True,0.46041157301913,True,0.979907391930451,212.6475644056581,0.014709281382663602,3024,3024,0.5672892720306514,0.7320074646602657
메론빵,bakery,bread,side,data\raw\images\VS1\C\02\C02040\15\측면\C_02_C02040_메론빵_15_01.jpg,True,0.4558512988928845,True,0.9603535773063041,436.9416460583532,0.04400225070093736,3024,3024,0.5672892720306514,0.7319999141366764
루이보스차,cafe,tea,front,data\raw\images\VS1\D\09\D09002\07\정위\D_09_D09002_루이보스차_07_03.jpg,True,0.4260579398476032,True,0.9870381708226708,129.9902423974166,0.003914175334046205,3024,3024,0.5672892720306514,0.731987677118208
두부샐러드,cafe,brunch,side,data\raw\images\VS1\B\12\B12059\26\측면\B_12_B12059_두부샐러드_26_01.jpg,True,0.5053884297520661,True,0.9583446296304495,107.22568294407475,0.0009411074015479989,3120,3120,0.6285919540229885,0.7319804034728927
로제떡볶이,restaurant,korean_food,side,data\raw\images\VS1\B\11\B11036\24\측면\B_11_B11036_로제떡볶이_24_08.jpg,True,0.4599049227497341,True,0.9780417990163567,233.01974908143922,0.017369903438567466,3024,3024,0.5672892720306514,0.7319799111972182
모짜렐라핫도그,restaurant,delivery_food,side,data\raw\images\VS1\C\02\C02042\26\측면\C_02_C02042_모짜렐라핫도그_26_04.jpg,True,0.40875669894518046,True,0.9846103319808596,157.13407278460693,0.007459179218471433,3024,3024,0.5672892720306514,0.7319683262425497
바닐라아이스크림와플,dessert,ice_cream,side,data\raw\images\VS1\C\02\C02050\25\측면\C_02_C02050_바닐라아이스크림와플_25_05.jpg,True,0.5210259211684177,True,0.962174613614185,414.27718595153937,0.04104225581550763,3024,3024,0.5672892720306514,0.7319542260519547
오메기떡,restaurant,delivery_food,front,data\raw\images\VS1\C\01\C01017\21\단면\C_01_C01017_오메기떡_21_07.jpg,True,0.4928642382186172,True,0.9840684803091734,162.71549298534723,0.008188116734289807,3024,3024,0.5672892720306514,0.7319515582442075
깐풍치킨(뼈),restaurant,chicken,side,data\raw\images\VS1\B\11\B11014\11\측면\B_11_B11014_깐풍치킨(뼈)_11_05.jpg,True,0.6370142095574962,True,0.980173716474275,206.95086267306462,0.013965288015390495,3024,3024,0.5672892720306514,0.7319385633499582
포테이토피자(팬),restaurant,pizza,side,data\raw\images\VS1\B\11\B11124\09\측면\B_11_B11124_포테이토피자(팬)_09_02.jpg,True,0.519427223028331,True,0.988038578894506,116.36860261792602,0.0021351793249448623,3024,3024,0.5672892720306514,0.7319320003379384
해물라면,restaurant,korean_food,side,data\raw\images\VS1\B\12\B12166\08\측면\B_12_B12166_해물라면_08_03.jpg,True,0.5435197466622831,True,0.9851741360116465,148.87396955167563,0.006380403760888497,3024,3024,0.5672892720306514,0.7319217123602693
호두과자,restaurant,delivery_food,side,data\raw\images\VS1\C\02\C02144\26\측면\C_02_C02144_호두과자_26_04.jpg,True,0.5258060619077026,True,0.9673071775540834,354.06806577791184,0.033178901165529344,3024,3024,0.5672892720306514,0.7319213243039284
딸기샌드위치,cafe,brunch,side,data\raw\images\VS1\B\11\B11030\09\측면\B_11_B11030_딸기샌드위치_09_03.jpg,True,0.4724586780320068,True,0.9245496043911385,845.049040334406,0.09730137161844832,3024,3024,0.5672892720306514,0.7319185464456289
참치마요덮밥,restaurant,japanese_food,side,data\raw\images\VS1\B\11\B11098\11\측면\B_11_B11098_참치마요덮밥_11_08.jpg,True,0.6595197950007621,True,0.9965492778125002,132.85773523613042,0.00428867197312774,2992,2992,0.5472807577692635,0.731914631403765
빈대떡,restaurant,delivery_food,front,data\raw\images\VS1\B\12\B12097\18\정위\B_12_B12097_빈대떡_18_10.jpg,True,0.4662189393799843,True,0.9805678430512067,201.4372900465396,0.013245211441845602,3024,3024,0.5672892720306514,0.7319127860083288
간장달걀밥,restaurant,korean_food,side,data\raw\images\VS1\B\12\B12002\30\측면\B_12_B12002_간장달걀밥_30_01.jpg,True,0.4894206123633051,True,0.9792722784000296,216.1893504821144,0.015171841206378314,3024,3024,0.5672892720306514,0.7319094425658822
소고기타다끼초밥,restaurant,japanese_food,side,data\raw\images\VS1\B\12\B12108\32\측면\B_12_B12108_소고기타다끼초밥_32_04.jpg,True,0.5675053359798686,True,0.9464527257174005,592.9365674474977,0.06437530028115054,3024,3024,0.5672892720306514,0.7319042685760478
전복버터구이,pub,seafood_side,side,data\raw\images\VS1\B\12\B12133\04\측면\B_12_B12133_전복버터구이_04_04.jpg,True,0.5970038000139953,True,0.9742758514109873,273.0580532101629,0.022598934921504606,3024,3024,0.5672892720306514,0.7318959332121947
단호박피자,restaurant,pizza,side,data\raw\images\VS1\B\12\B12043\04\측면\B_12_B12043_단호박피자_04_07.jpg,True,0.4768424204734313,True,0.9654132735102424,374.79619658793234,0.035886010044056456,3024,3024,0.5672892720306514,0.7318945748664817
시나몬롤,bakery,bread,front,data\raw\images\VS1\C\02\C02072\23\정위\C_02_C02072_시나몬롤_23_09.jpg,True,0.5852916569534903,True,0.9716688536233478,302.7908714687159,0.026482062494804705,3024,3024,0.5672892720306514,0.7318904593905629
삼치구이,restaurant,meat_grill,side,data\raw\images\VS1\B\12\B12100\04\측면\B_12_B12100_삼치구이_04_01.jpg,True,0.46478316870083203,True,0.9883954029345748,109.97003502403176,0.0012995217684558186,3024,3024,0.5672892720306514,0.7318719160386612
오돌뼈볶음,restaurant,korean_food,front,data\raw\images\VS1\B\12\B12121\14\정위\B_12_B12121_오돌뼈볶음_14_09.jpg,True,0.4387684081372383,True,0.9797857929286169,208.79302173169643,0.014205875321066437,3024,3024,0.5672892720306514,0.731870303747396
우삼겹떡볶이,restaurant,korean_food,front,data\raw\images\VS1\B\11\B11087\10\정위\B_11_B11087_우삼겹떡볶이_10_09.jpg,True,0.5166427915518826,True,0.9842424242424244,157.45059212873232,0.007500516873784434,3024,3024,0.5672892720306514,0.7318662214520818
김치참치마요컵밥,restaurant,delivery_food,side,data\raw\images\VS1\B\11\B11011\09\측면\B_11_B11011_김치참치마요컵밥_09_05.jpg,True,0.42713838521508896,True,0.9888518579688405,103.83171532051064,0.0004978527747129382,3024,3024,0.5672892720306514,0.7318485187501923
초코마카롱,dessert,cookie_macaron,side,data\raw\images\VS1\C\02\C02104\25\측면\C_02_C02104_초코마카롱_25_04.jpg,True,0.4442870148046749,True,0.9925087862190115,176.62964015642413,0.010005314420332291,2992,2992,0.5472807577692635,0.7318458124151593
새우버거,pub,seafood_side,side,data\raw\images\VS1\B\11\B11056\21\측면\B_11_B11056_새우버거_21_01.jpg,True,0.41991367774140176,True,0.988383774648072,109.09614864459218,0.0011853915751312393,3024,3024,0.5672892720306514,0.7318456015140455
유린기,restaurant,chinese_food,side,data\raw\images\VS1\A\14\A14105\19\측면\A_14_A14105_유린기_19_02.jpg,True,0.4637919146465378,True,0.9742748434230543,271.0922187077572,0.02234219551340493,3024,3024,0.5672892720306514,0.7318442829341949
민트초코마카롱,dessert,cookie_macaron,front,data\raw\images\VS1\C\02\C02044\21\단면\C_02_C02044_민트초코마카롱_21_07.jpg,True,0.49500956632653065,True,0.9716245561034452,301.16261058711734,0.026269410445783334,3024,3024,0.5672892720306514,0.7318346397247878
흑당라떼,cafe,coffee,front,data\raw\images\VS1\D\08\D08025\11\정위\D_08_D08025_흑당라떼_11_03.jpg,True,0.4343754412936475,True,0.9857677907156154,138.32872752928077,0.005003187524331271,3024,3024,0.5672892720306514,0.7318243655241484
쇠고기수프,restaurant,western_food,side,data\raw\images\VS1\C\04\C04002\12\측면\C_04_C04002_쇠고기수프_12_03.jpg,True,0.4183059895208029,True,0.9797336267345279,207.5580351455576,0.014044585179526897,3024,3024,0.5672892720306514,0.7318223958608614
시래기해장국,restaurant,korean_food,side,data\raw\images\VS1\B\12\B12111\01\측면\B_12_B12111_시래기해장국_01_06.jpg,True,0.4172954666473337,True,0.9825466600311604,175.18352992221745,0.009816451377628153,3024,3024,0.5672892720306514,0.7318206790894713
햄에그샌드위치,cafe,brunch,side,data\raw\images\VS1\B\11\B11128\23\측면\B_11_B11128_햄에그샌드위치_23_04.jpg,True,0.5481749276245514,True,0.9880682201806875,111.45096503091324,0.0014929322986599214,3024,3024,0.5672892720306514,0.7318124433185359
블랙밀크티,cafe,tea,side,data\raw\images\VS1\D\08\D08010\29\측면\D_08_D08010_블랙밀크티_29_01.jpg,True,0.42813551731398436,True,0.982997188996583,169.38195717434908,0.00905876177989641,3024,3024,0.5672892720306514,0.7318042998595518
머랭쿠키,dessert,cookie_macaron,front,data\raw\images\VS1\C\02\C02039\32\정위\C_02_C02039_머랭쿠키_32_10.jpg,True,0.5993798700312621,True,0.9843787388490662,153.3168897021,0.006960652346544203,3024,3024,0.5672892720306514,0.7317991429286264
닭내장볶음,restaurant,korean_food,side,data\raw\images\VS1\B\12\B12049\10\측면\B_12_B12049_닭내장볶음_10_04.jpg,True,0.46591185788279954,True,0.9611038891663266,420.6291190480289,0.0418718228729002,3024,3024,0.5672892720306514,0.7317989221290756
시오라멘,restaurant,japanese_food,side,data\raw\images\VS1\A\14\A14086\28\측면\A_14_A14086_시오라멘_28_08.jpg,True,0.5492484987113401,True,0.9844246622662016,152.69863915214268,0.00687990837747707,3024,3024,0.5672892720306514,0.7317967711599536
땡초멸치김밥,restaurant,korean_food,side,data\raw\images\VS1\B\11\B11033\07\측면\B_11_B11033_땡초멸치김밥_07_05.jpg,True,0.5949579973495652,True,0.9872114732553774,120.49781411368839,0.002674457333364739,3024,3024,0.5672892720306514,0.7317917242478837
베이컨치즈버거,restaurant,western_food,side,data\raw\images\VS1\B\11\B11045\29\측면\B_11_B11045_베이컨치즈버거_29_05.jpg,True,0.49123587849356193,True,0.9612060005510957,533.9846320333563,0.05667613487020912,2992,2992,0.5472807577692635,0.73178914080476
물밀면,restaurant,korean_food,side,data\raw\images\VS1\B\12\B12084\17\측면\B_12_B12084_물밀면_17_08.jpg,True,0.45076853735915795,True,0.9898793083442393,204.63811304408873,0.013663241240802202,2992,2992,0.5472807577692635,0.7317885544168217
두부버섯전골,restaurant,korean_food,side,data\raw\images\VS1\B\12\B12058\22\측면\B_12_B12058_두부버섯전골_22_05.jpg,True,0.462380988085221,True,0.9725603350808159,287.9892848443619,0.024548964574190164,3024,3024,0.5672892720306514,0.7317712842436804
새우버거,pub,seafood_side,front,data\raw\images\VS1\B\11\B11056\21\정위\B_11_B11056_새우버거_21_10.jpg,True,0.4871828694543376,True,0.9878217378971486,112.44348219674055,0.001622555758504298,3024,3024,0.5672892720306514,0.7317644233254431
양평해장국,restaurant,korean_food,side,data\raw\images\VS1\B\12\B12114\03\측면\B_12_B12114_양평해장국_03_01.jpg,True,0.41010959319209095,True,0.9773520648526132,232.6236492491638,0.017318172513933514,3024,3024,0.5672892720306514,0.7317626447631683
양평해장국,restaurant,korean_food,side,data\raw\images\VS1\B\12\B12114\03\측면\B_12_B12114_양평해장국_03_02.jpg,True,0.3983510615575206,False,0.9817695089137498,237.11940554366623,0.017905321538227503,3024,3024,0.5672892720306514,0.7317624866491985
슈크림크로와상,bakery,pastry,side,data\raw\images\VS1\C\02\C02071\07\측면\C_02_C02071_슈크림크로와상_07_05.jpg,True,0.48957446916926983,True,0.9810296429864881,190.2248749411411,0.011780861918014815,3024,3024,0.5672892720306514,0.731758456084147
닭내장볶음,restaurant,korean_food,front,data\raw\images\VS1\B\12\B12049\10\정위\B_12_B12049_닭내장볶음_10_10.jpg,True,0.5166083489122917,True,0.9660878737201994,361.6420751578925,0.03416807226959635,3024,3024,0.5672892720306514,0.7317533673745767
빨간참치김밥,restaurant,korean_food,side,data\raw\images\VS1\B\11\B11054\29\측면\B_11_B11054_빨간참치김밥_29_02.jpg,True,0.41183436831662745,True,0.9852006297085144,142.05584706828208,0.005489952032324664,3024,3024,0.5672892720306514,0.7317515701236169
잡채고로케,pub,fried_side,front,data\raw\images\VS1\C\02\C02096\08\정위\C_02_C02096_잡채고로케_08_10.jpg,True,0.4561193653991443,True,0.9776696714083797,228.42927526220956,0.016770384237025406,3024,3024,0.5672892720306514,0.7317483690745167
치즈닭갈비,restaurant,meat_grill,side,data\raw\images\VS1\B\12\B12144\02\측면\B_12_B12144_치즈닭갈비_02_06.jpg,True,0.4213943673403136,True,0.9838283339125092,157.5739025157431,0.007516621299530827,3024,3024,0.5672892720306514,0.7317452152382565
시래기해장국,restaurant,korean_food,side,data\raw\images\VS1\B\12\B12111\19\측면\B_12_B12111_시래기해장국_19_03.jpg,True,0.42840829949921994,True,0.9722834536274674,290.0591377778242,0.02481928886463281,3024,3024,0.5672892720306514,0.7317422846657644
자장떡볶이,restaurant,korean_food,side,data\raw\images\VS1\B\11\B11090\22\측면\B_11_B11090_자장떡볶이_22_01.jpg,True,0.466378908044805,True,0.9798038456576278,203.5658397939228,0.013523201578647618,3024,3024,0.5672892720306514,0.7317391848176155
캘리포니아롤,restaurant,delivery_food,front,data\raw\images\VS1\B\12\B12151\14\정위\B_12_B12151_캘리포니아롤_14_09.jpg,True,0.6619814263688187,True,0.9827681670161355,169.49226413174938,0.009073167948328988,3024,3024,0.5672892720306514,0.731738474499104
우럭매운탕,restaurant,korean_food,side,data\raw\images\VS1\B\12\B12124\27\측면\B_12_B12124_우럭매운탕_27_01.jpg,True,0.5476645228137534,True,0.9744398658416428,264.87890351608996,0.0215307320546584,3024,3024,0.5672892720306514,0.7317314969680221
민트초코마카롱,dessert,cookie_macaron,side,data\raw\images\VS1\C\02\C02044\21\측면\C_02_C02044_민트초코마카롱_21_05.jpg,True,0.54616292798111,True,0.9811005368372787,188.0860306318989,0.01150152730398692,3024,3024,0.5672892720306514,0.7317238573165786
스팸김밥,restaurant,korean_food,side,data\raw\images\VS1\B\11\B11078\22\측면\B_11_B11078_스팸김밥_22_05.jpg,True,0.47373395530351525,True,0.9462905656994255,235.36961148322544,0.01767679716813219,3120,3120,0.6285919540229885,0.7317113222469024
아이스크림크로플,dessert,ice_cream,front,data\raw\images\VS1\C\02\C02076\19\단면\C_02_C02076_아이스크림크로플_19_07.jpg,True,0.489370216836735,True,0.9809651735666718,189.1512825716415,0.011640649977921,3024,3024,0.5672892720306514,0.7317110728701833
연어포케,restaurant,delivery_food,side,data\raw\images\VS1\A\14\A14098\10\측면\A_14_A14098_연어포케_10_06.jpg,True,0.45834399623346356,True,0.9765782216366327,239.4029883943628,0.018203559110473257,3024,3024,0.5672892720306514,0.7317075691176821
버터크림빵,bakery,bread,front,data\raw\images\VS1\C\02\C02053\30\단면\C_02_C02053_버터크림빵_30_07.jpg,True,0.31367584310724167,False,0.9665661422724652,3245.605374599165,0.4108157654368747,3024,3024,0.5672892720306514,0.7316927492925486
꼬막짬뽕,pub,seafood_side,front,data\raw\images\VS1\B\11\B11016\17\정위\B_11_B11016_꼬막짬뽕_17_09.jpg,True,0.40790329965507777,True,0.9765599962037609,238.91039495329505,0.018139226050727507,3024,3024,0.5672892720306514,0.7316892348758713
전복버터구이,pub,seafood_side,side,data\raw\images\VS1\B\12\B12133\04\측면\B_12_B12133_전복버터구이_04_08.jpg,True,0.575560128029264,True,0.9751164884311775,255.32954802612431,0.020283579319661158,3024,3024,0.5672892720306514,0.7316850531978831
사과주스,cafe,ade_juice,side,data\raw\images\VS1\D\07\D07019\20\측면\D_07_D07019_사과주스_20_01.jpg,True,0.40654220501113547,True,0.9821332197704908,174.55843122183265,0.00973481303516124,3024,3024,0.5672892720306514,0.7316803193427771
바닐라아이스크림와플,dessert,ice_cream,side,data\raw\images\VS1\C\02\C02050\25\측면\C_02_C02050_바닐라아이스크림와플_25_02.jpg,True,0.4736903812482206,True,0.9348147377282122,717.6896400955102,0.08066814181540552,3024,3024,0.5672892720306514,0.7316714404861424
돼지짜글이,restaurant,korean_food,front,data\raw\images\VS1\B\12\B12056\07\정위\B_12_B12056_돼지짜글이_07_10.jpg,True,0.5500975587021227,True,0.9784114656995834,216.4691359093696,0.015208381385574739,3024,3024,0.5672892720306514,0.7316585067915876
콩나물불고기(콩불),restaurant,korean_food,side,data\raw\images\VS1\B\12\B12157\18\측면\B_12_B12157_콩나물불고기(콩불)_18_02.jpg,True,0.5530881686021331,True,0.9787043315303462,212.47386428762903,0.014686596021594268,3024,3024,0.5672892720306514,0.7316420094680204
유린기,restaurant,chinese_food,side,data\raw\images\VS1\A\14\A14105\23\측면\A_14_A14105_유린기_23_04.jpg,True,0.5084804538629325,True,0.9854557734154439,249.40014916727108,0.01950919553936533,2992,2992,0.5472807577692635,0.7316306847978957
가리비초밥,restaurant,japanese_food,side,data\raw\images\VS1\B\12\B12001\27\측면\B_12_B12001_가리비초밥_27_08.jpg,True,0.4045536546538057,True,0.9976412006897878,109.07635902638535,0.0011828070366776094,2992,2992,0.5472807577692635,0.7316210352796613
초코케이크,dessert,cake,side,data\raw\images\VS1\C\02\C02112\26\측면\C_02_C02112_초코케이크_26_04.jpg,True,0.500869518448133,True,0.9881651285173342,102.663385369798,0.0003452680379794953,3024,3024,0.5672892720306514,0.7316119829673938
딸기샌드위치,cafe,brunch,side,data\raw\images\VS1\B\11\B11030\09\측면\B_11_B11030_딸기샌드위치_09_07.jpg,True,0.44249457057250224,True,0.924188385369073,836.8920315078045,0.0962360603649106,3024,3024,0.5672892720306514,0.7315971184883017
전주비빔컵밥,restaurant,korean_food,front,data\raw\images\VS1\B\11\B11093\27\정위\B_11_B11093_전주비빔컵밥_27_09.jpg,True,0.5813854213331977,True,0.9693858969479181,317.4155112127606,0.0283920510248474,3024,3024,0.5672892720306514,0.7315875700939426
닭계장,restaurant,korean_food,front,data\raw\images\VS1\B\12\B12048\28\정위\B_12_B12048_닭계장_28_09.jpg,True,0.6926680547293277,True,0.9701887395449741,307.60883249253004,0.027111291689829835,3024,3024,0.5672892720306514,0.7315722710060558
부대떡볶이,restaurant,korean_food,side,data\raw\images\VS1\B\11\B11048\07\측면\B_11_B11048_부대떡볶이_07_04.jpg,True,0.6850225988412681,True,0.9712577165276595,295.26461661272975,0.025499128166117026,3024,3024,0.5672892720306514,0.7315705313961188
스팸김치컵밥,restaurant,delivery_food,front,data\raw\images\VS1\B\11\B11079\03\정위\B_11_B11079_스팸김치컵밥_03_09.jpg,True,0.4425141776937618,True,0.9762301167147004,238.1427012033835,0.018038964691639084,3024,3024,0.5672892720306514,0.7315702187573355
아몬드크로와상,bakery,pastry,side,data\raw\images\VS1\C\02\C02074\04\측면\C_02_C02074_아몬드크로와상_04_04.jpg,True,0.5394124397500943,True,0.9790127305775788,205.8530412907021,0.013821911748689505,3024,3024,0.5672892720306514,0.7315615923276091
감자핫도그,restaurant,delivery_food,front,data\raw\images\VS1\C\02\C02003\29\단면\C_02_C02003_감자핫도그_29_07.jpg,True,0.5186939307695184,True,0.9815223375753693,176.5257049767993,0.009991740410686534,3024,3024,0.5672892720306514,0.7315484401593457
갈비치킨,restaurant,meat_grill,side,data\raw\images\VS1\B\11\B11004\17\측면\B_11_B11004_갈비치킨_17_02.jpg,True,0.5565655312934839,True,0.9022402697377946,1087.1002486589289,0.1289134345255756,3024,3024,0.5672892720306514,0.7315481586310512
베이컨치즈버거,restaurant,western_food,front,data\raw\images\VS1\B\11\B11045\24\정위\B_11_B11045_베이컨치즈버거_24_09.jpg,True,0.68212584182982,True,0.9876522216593698,106.09178609810664,0.0007930196532031146,3024,3024,0.5672892720306514,0.7315476612330492
삼치구이,restaurant,meat_grill,front,data\raw\images\VS1\B\12\B12100\17\정위\B_12_B12100_삼치구이_17_09.jpg,True,0.4359152723697908,True,0.9869025776258482,114.54943271817098,0.0018975944200485934,3024,3024,0.5672892720306514,0.7315436829763617
모짜렐라핫도그,restaurant,delivery_food,front,data\raw\images\VS1\C\02\C02042\23\정위\C_02_C02042_모짜렐라핫도그_23_09.jpg,True,0.44272551607126015,True,0.9687017619192803,323.2104959197857,0.029148880219679228,3024,3024,0.5672892720306514,0.7315336954243176
감자토스트,bakery,sandwich,side,data\raw\images\VS1\B\11\B11005\21\측면\B_11_B11005_감자토스트_21_07.jpg,True,0.5256270054623324,True,0.9858324572662841,126.38572832668507,0.0034434231889016913,3024,3024,0.5672892720306514,0.7315318126222633
감자토스트,bakery,sandwich,side,data\raw\images\VS1\B\11\B11005\23\측면\B_11_B11005_감자토스트_23_07.jpg,True,0.5054392954956003,True,0.9870214976061684,112.60174095771245,0.001643224467171682,3024,3024,0.5672892720306514,0.7315284849798824
라조기,restaurant,chinese_food,side,data\raw\images\VS1\A\14\A14033\30\측면\A_14_A14033_라조기_30_04.jpg,True,0.46832431379440054,True,0.9973890754833586,108.27517862660382,0.0010781722968919078,2992,2992,0.5472807577692635,0.7315244707697754
돈가스김밥,restaurant,korean_food,side,data\raw\images\VS1\B\11\B11029\27\측면\B_11_B11029_돈가스김밥_27_04.jpg,True,0.4982434155703137,True,0.9854303850442926,130.5687022558222,0.003989722610012076,3024,3024,0.5672892720306514,0.7315204508398878
소보루빵,bakery,bread,side,data\raw\images\VS1\C\02\C02066\03\측면\C_02_C02066_소보루빵_03_02.jpg,True,0.4685434798546309,True,0.9833404043026102,154.28488438991454,0.007087073153020539,3024,3024,0.5672892720306514,0.7315129267259848
야채고로케,pub,fried_side,front,data\raw\images\VS1\C\02\C02082\05\단면\C_02_C02082_야채고로케_05_07.jpg,True,0.49486969374007184,True,0.9821858199752576,167.30834428316618,0.008787946436255497,3024,3024,0.5672892720306514,0.731506726084426
꽈배기,bakery,bread,front,data\raw\images\VS1\C\02\C02017\08\단면\C_02_C02017_꽈배기_08_08.jpg,True,0.4578878519255781,True,0.9871941349264035,109.67665670713845,0.001261206348039556,3024,3024,0.5672892720306514,0.7315038725521266
새우튀김우동,pub,seafood_side,side,data\raw\images\VS1\B\12\B12103\21\측면\B_12_B12103_새우튀김우동_21_04.jpg,True,0.5517678909052078,True,0.9876899231175511,103.7688750770359,0.0004896457934564792,3024,3024,0.5672892720306514,0.7314982968985543
빈대떡,restaurant,delivery_food,side,data\raw\images\VS1\B\12\B12097\04\측면\B_12_B12097_빈대떡_04_06.jpg,True,0.40352556774881876,True,0.9906766620574116,183.95636390782286,0.010962189842419968,2992,2992,0.5472807577692635,0.7314875502510969
쑥버무리,restaurant,korean_food,front,data\raw\images\VS1\C\01\C01013\06\정위\C_01_C01013_쑥버무리_06_10.jpg,True,0.6734060606060607,True,0.9700628144600523,305.7315187272166,0.026866113154030345,3024,3024,0.5672892720306514,0.7314854577734193
모짜렐라핫도그,restaurant,delivery_food,side,data\raw\images\VS1\C\02\C02042\26\측면\C_02_C02042_모짜렐라핫도그_26_06.jpg,True,0.4113783132084881,True,0.9815113600902787,174.15868981180407,0.009682606517838404,3024,3024,0.5672892720306514,0.731483320135249
녹차머핀,cafe,tea,side,data\raw\images\VS1\C\02\C02020\26\측면\C_02_C02020_녹차머핀_26_02.jpg,True,0.40116100555840883,True,0.9679715453905402,329.53847098364645,0.02997531834067923,3024,3024,0.5672892720306514,0.7314799180898955
아몬드크로와상,bakery,pastry,side,data\raw\images\VS1\C\02\C02074\10\측면\C_02_C02074_아몬드크로와상_10_03.jpg,True,0.5841403535161138,True,0.9722397773072984,280.4494844691179,0.023564261190888575,3024,3024,0.5672892720306514,0.7314781762349648
시나몬롤,bakery,bread,front,data\raw\images\VS1\C\02\C02072\09\정위\C_02_C02072_시나몬롤_09_10.jpg,True,0.48052966405924386,True,0.9726726640921872,390.32718541058483,0.037914368419418636,2992,2992,0.5472807577692635,0.7314767865769294
모시떡,restaurant,delivery_food,front,data\raw\images\VS1\C\01\C01005\11\단면\C_01_C01005_모시떡_11_07.jpg,True,0.4177546906785735,True,0.9860872591716432,235.1123419407104,0.017643197579770824,2992,2992,0.5472807577692635,0.7314469309328365
떡만둣국,restaurant,korean_food,front,data\raw\images\VS1\B\12\B12063\01\정위\B_12_B12063_떡만둣국_01_09.jpg,True,0.46343960140631935,True,0.9856590750057103,124.95746866713834,0.003256891444161258,3024,3024,0.5672892720306514,0.731442491595143
후레쉬빵,bakery,bread,front,data\raw\images\VS1\C\02\C02148\26\정위\C_02_C02148_후레쉬빵_26_10.jpg,True,0.5470944906124963,True,0.9501001310409548,532.6180458477519,0.056497657725780165,3024,3024,0.5672892720306514,0.7314229616620401
우삼겹커리,restaurant,delivery_food,side,data\raw\images\VS1\A\14\A14102\22\측면\A_14_A14102_우삼겹커리_22_01.jpg,True,0.5603819912659034,True,0.9839058631855975,144.01778048251083,0.005746181955486386,3024,3024,0.5672892720306514,0.7314143861513741
갈비치킨,restaurant,meat_grill,front,data\raw\images\VS1\B\11\B11004\06\정위\B_11_B11004_갈비치킨_06_09.jpg,True,0.5306868577609516,True,0.986999604781978,108.21726715325772,0.0010706090165797238,3024,3024,0.5672892720306514,0.7314073940425069
슈크림크로와상,bakery,pastry,front,data\raw\images\VS1\C\02\C02071\28\단면\C_02_C02071_슈크림크로와상_28_08.jpg,True,0.6030082621975097,True,0.9850561326481125,130.49887998789896,0.003980603771311844,3024,3024,0.5672892720306514,0.7314063513532938
코다리냉면,restaurant,korean_food,front,data\raw\images\VS1\B\12\B12154\30\정위\B_12_B12154_코다리냉면_30_09.jpg,True,0.5537799672474432,True,0.9753886010362696,241.34347595754218,0.018456988189973992,3024,3024,0.5672892720306514,0.7314013687534732
차돌된장찌개,cafe,tea,side,data\raw\images\VS1\B\12\B12138\19\측면\B_12_B12138_차돌된장찌개_19_06.jpg,True,0.4540794424383222,True,0.9817730928033331,167.97058506939842,0.008874435562002687,3024,3024,0.5672892720306514,0.7314002057579981
초코마카롱,dessert,cookie_macaron,side,data\raw\images\VS1\C\02\C02104\18\측면\C_02_C02104_초코마카롱_18_06.jpg,True,0.5459963132244133,True,0.9844606571898833,137.00632537554074,0.004830480846426556,3024,3024,0.5672892720306514,0.7313976841308479
차돌된장찌개,cafe,tea,side,data\raw\images\VS1\B\12\B12138\19\측면\B_12_B12138_차돌된장찌개_19_07.jpg,True,0.44210843698642627,True,0.9836005248565193,146.83316805427475,0.006113873609011292,3024,3024,0.5672892720306514,0.7313963229833557
민물새우튀김,pub,seafood_side,side,data\raw\images\VS1\B\12\B12085\27\측면\B_12_B12085_민물새우튀김_27_05.jpg,True,0.4923588541389166,True,0.9755175038959876,239.5340699141145,0.01822067845177726,3024,3024,0.5672892720306514,0.7313927776637493
간장달걀밥,restaurant,korean_food,side,data\raw\images\VS1\B\12\B12002\06\측면\B_12_B12002_간장달걀밥_06_06.jpg,True,0.5316404819340106,True,0.9806318762870851,180.36136470018897,0.010492680345279063,3024,3024,0.5672892720306514,0.731381489759779
콩나물불고기(콩불),restaurant,korean_food,front,data\raw\images\VS1\B\12\B12157\06\정위\B_12_B12157_콩나물불고기(콩불)_06_09.jpg,True,0.5465576885790576,True,0.9811398921983151,174.0712165847895,0.009671182451112134,3024,3024,0.5672892720306514,0.7313695949543145
닭계장,restaurant,korean_food,side,data\raw\images\VS1\B\12\B12048\06\측면\B_12_B12048_닭계장_06_03.jpg,True,0.5852736810967769,True,0.9639965525956868,370.8206663002114,0.03536680291257985,3024,3024,0.5672892720306514,0.7313657171658197
닭다리양념치킨,restaurant,chicken,front,data\raw\images\VS1\B\11\B11022\26\정위\B_11_B11022_닭다리양념치킨_26_09.jpg,True,0.5485535900104064,True,0.9806153157233116,179.69059230956913,0.010405076985827086,3024,3024,0.5672892720306514,0.7313590009187566
초코크로와상,bakery,pastry,front,data\raw\images\VS1\C\02\C02114\17\정위\C_02_C02114_초코크로와상_17_09.jpg,True,0.5623529913754939,True,0.9819624718801233,163.82755195087697,0.008333352439651907,3024,3024,0.5672892720306514,0.731348802856565
치즈달걀말이,restaurant,delivery_food,side,data\raw\images\VS1\B\12\B12143\21\측면\B_12_B12143_치즈달걀말이_21_04.jpg,True,0.5654748023564609,True,0.9793130991968517,194.25374830408455,0.012307035693703892,3024,3024,0.5672892720306514,0.7313487277023939
해물순두부찌개,restaurant,korean_food,side,data\raw\images\VS1\B\12\B12167\08\측면\B_12_B12167_해물순두부찌개_08_08.jpg,True,0.41809901189117965,True,0.9752734393446223,240.33537443244148,0.01832532940153478,3024,3024,0.5672892720306514,0.7313404884882911
불고기피자(씬),restaurant,korean_food,side,data\raw\images\VS1\B\11\B11051\26\측면\B_11_B11051_불고기피자(씬)_26_03.jpg,True,0.4003269982975571,True,0.9873987457012802,100.75944833147773,9.661248346602465e-05,3024,3024,0.5672892720306514,0.7313323370116749
치즈달걀말이,restaurant,delivery_food,front,data\raw\images\VS1\B\12\B12143\21\정위\B_12_B12143_치즈달걀말이_21_10.jpg,True,0.6529286161451717,True,0.9806481200660266,178.03677567598217,0.01018908733710899,3024,3024,0.5672892720306514,0.7313256442918274
시래기해장국,restaurant,korean_food,side,data\raw\images\VS1\B\12\B12111\19\측면\B_12_B12111_시래기해장국_19_06.jpg,True,0.44085378716973816,True,0.9723617469288546,273.14166041088373,0.022609854082400235,3024,3024,0.5672892720306514,0.7313238856997342
쑥떡,restaurant,delivery_food,front,data\raw\images\VS1\C\01\C01012\24\단면\C_01_C01012_쑥떡_24_07.jpg,True,0.6756945135915566,True,0.9598161307166613,417.1978344312026,0.04142369461974997,3024,3024,0.5672892720306514,0.731322968943546
아보카도샌드위치,cafe,brunch,side,data\raw\images\VS1\B\11\B11080\14\측면\B_11_B11080_아보카도샌드위치_14_08.jpg,True,0.42602907760059444,True,0.9681330260010053,321.65602643363707,0.028945865380284343,3024,3024,0.5672892720306514,0.7313224716809561
두부샐러드,cafe,brunch,side,data\raw\images\VS1\B\12\B12059\26\측면\B_12_B12059_두부샐러드_26_03.jpg,True,0.48143846853587985,True,0.9546938951959236,123.32586461457133,0.0030438027745929574,3120,3120,0.6285919540229885,0.7313057222171438
생크림식빵,bakery,bread,side,data\raw\images\VS1\C\02\C02061\25\측면\C_02_C02061_생크림식빵_25_01.jpg,True,0.41078675087342115,True,0.9504861038998722,523.0533656827314,0.055248503577134886,3024,3024,0.5672892720306514,0.7312889226899862
피자돈까스,restaurant,japanese_food,side,data\raw\images\VS1\B\12\B12163\23\측면\B_12_B12163_피자돈까스_23_07.jpg,True,0.4195725645145662,True,0.9791423446879368,193.19325192940903,0.012168534100007752,3024,3024,0.5672892720306514,0.7312698010309802
닭계장,restaurant,korean_food,side,data\raw\images\VS1\B\12\B12048\06\측면\B_12_B12048_닭계장_06_05.jpg,True,0.5864985375633746,True,0.963137171885442,376.04864450557926,0.03604958064812249,3024,3024,0.5672892720306514,0.7312444584998548
후레쉬빵,bakery,bread,side,data\raw\images\VS1\C\02\C02148\10\측면\C_02_C02148_후레쉬빵_10_06.jpg,True,0.4242016458775428,True,0.9575209264409714,439.9485629203263,0.04439495621831596,3024,3024,0.5672892720306514,0.7312286599805523
불고기버거,restaurant,korean_food,front,data\raw\images\VS1\B\11\B11049\17\정위\B_11_B11049_불고기버거_17_09.jpg,True,0.5155222146266013,True,0.9813738570742938,165.94309417243755,0.008609643784171842,3024,3024,0.5672892720306514,0.7312274766837201
에그타르트,bakery,pastry,front,data\raw\images\VS1\C\02\C02085\12\정위\C_02_C02085_에그타르트_12_10.jpg,True,0.5314713022327143,True,0.9760046912478536,226.7042029967345,0.016545088551236372,3024,3024,0.5672892720306514,0.7312038158892009
새우오일파스타,pub,seafood_side,side,data\raw\images\VS1\A\14\A14073\26\측면\A_14_A14073_새우오일파스타_26_06.jpg,True,0.4003130186346373,True,0.9786728226580432,195.90234503884832,0.012522343619859603,3024,3024,0.5672892720306514,0.7311997063259825
새우버거,pub,seafood_side,side,data\raw\images\VS1\B\11\B11056\21\측면\B_11_B11056_새우버거_21_08.jpg,True,0.39739088631198644,False,0.9938901486284036,108.28323273424066,0.0010792241691756238,3024,3024,0.5672892720306514,0.7311933057499419
잡채고로케,pub,fried_side,side,data\raw\images\VS1\C\02\C02096\08\측면\C_02_C02096_잡채고로케_08_05.jpg,True,0.4349527410207939,True,0.9764075063824642,221.666878046539,0.01588721026873788,3024,3024,0.5672892720306514,0.7311930847730845
주꾸미삽겹살볶음,restaurant,korean_food,side,data\raw\images\VS1\B\12\B12136\28\측면\B_12_B12136_주꾸미삽겹살볶음_28_08.jpg,True,0.6571507336885316,True,0.9761584910841605,224.04221239622467,0.016197430653124685,3024,3024,0.5672892720306514,0.7311804242604708
감자토스트,bakery,sandwich,side,data\raw\images\VS1\B\11\B11005\23\측면\B_11_B11005_감자토스트_23_08.jpg,True,0.48038200183654756,True,0.9840570346206474,133.3084137863201,0.004347530917803562,3024,3024,0.5672892720306514,0.7311800073743525
시나몬크로플,dessert,cake,front,data\raw\images\VS1\C\02\C02073\16\단면\C_02_C02073_시나몬크로플_16_08.jpg,True,0.5354440693749272,True,0.9752877604793614,348.6951177362872,0.03247719026450033,2992,2992,0.5472807577692635,0.731173879862098
감자토스트,bakery,sandwich,side,data\raw\images\VS1\B\11\B11005\21\측면\B_11_B11005_감자토스트_21_06.jpg,True,0.5439076857483781,True,0.9846596598048372,126.11914953400245,0.0034086078057341315,3024,3024,0.5672892720306514,0.7311730103071957
돼지짜글이,restaurant,korean_food,front,data\raw\images\VS1\B\12\B12056\07\정위\B_12_B12056_돼지짜글이_07_09.jpg,True,0.5665083333333334,True,0.9799306757020129,180.32192350931638,0.010487529297219328,3024,3024,0.5672892720306514,0.7311700993746454
소고기타다끼초밥,restaurant,japanese_food,side,data\raw\images\VS1\B\12\B12108\29\측면\B_12_B12108_소고기타다끼초밥_29_02.jpg,True,0.4980663356104987,True,0.9916006382521426,161.05414737845032,0.007971143796210969,2992,2992,0.5472807577692635,0.7311665339002744
딸기롤케잌,dessert,cake,front,data\raw\images\VS1\C\02\C02025\11\정위\C_02_C02025_딸기롤케잌_11_09.jpg,True,0.43954985577034156,True,0.9658664307459296,341.5330890062714,0.0315418241313457,3024,3024,0.5672892720306514,0.7311616848546456
감자핫도그,restaurant,delivery_food,side,data\raw\images\VS1\C\02\C02003\25\측면\C_02_C02003_감자핫도그_25_01.jpg,True,0.5788798973408867,True,0.9767240673616234,216.27938747416277,0.015183600102672628,3024,3024,0.5672892720306514,0.7311473310336192
크레미롤,restaurant,delivery_food,side,data\raw\images\VS1\B\12\B12158\04\측면\B_12_B12158_크레미롤_04_06.jpg,True,0.5052744880179791,True,0.963222911637426,371.1596028765309,0.03541106827463403,3024,3024,0.5672892720306514,0.7311424779507522
포테이토피자(팬),restaurant,pizza,side,data\raw\images\VS1\B\11\B11124\09\측면\B_11_B11124_포테이토피자(팬)_09_03.jpg,True,0.4208262316370424,True,0.9814578242714288,161.44870288939478,0.008022673031361935,3024,3024,0.5672892720306514,0.7311352726922987
새우피자(씬),pub,seafood_side,front,data\raw\images\VS1\B\11\B11060\18\정위\B_11_B11060_새우피자(씬)_18_10.jpg,True,0.5492321137402275,True,0.9551650420441637,463.22755272271064,0.047435209126538244,3024,3024,0.5672892720306514,0.7311299452431544
훈제치킨(뼈),restaurant,chicken,front,data\raw\images\VS1\B\11\B11132\08\정위\B_11_B11132_훈제치킨(뼈)_08_09.jpg,True,0.4812028535853144,True,0.9680490083802719,314.7936811360347,0.028049638120194037,3024,3024,0.5672892720306514,0.7311180209427179
얼큰칼국수,restaurant,korean_food,side,data\raw\images\VS1\B\12\B12117\02\측면\B_12_B12117_얼큰칼국수_02_06.jpg,True,0.5042429817204591,True,0.991506224850612,160.14839725059167,0.00785285217429261,2992,2992,0.5472807577692635,0.7311145515554316
에그타르트,bakery,pastry,side,data\raw\images\VS1\C\02\C02085\04\측면\C_02_C02085_에그타르트_04_06.jpg,True,0.3956416719176644,False,0.9927536231884059,291.80967348999144,0.025047910094980114,2992,2992,0.5472807577692635,0.7311142455688636
아몬드크로와상,bakery,pastry,front,data\raw\images\VS1\C\02\C02074\26\정위\C_02_C02074_아몬드크로와상_26_10.jpg,True,0.5599522359890653,True,0.9677349534707537,318.07637400049947,0.028478360182994517,3024,3024,0.5672892720306514,0.7311095488824226
케이준샐러드,cafe,brunch,side,data\raw\images\VS1\B\12\B12152\18\측면\B_12_B12152_케이준샐러드_18_05.jpg,True,0.497304824737473,True,0.9825093210968148,148.30082148559978,0.006305550208843443,3024,3024,0.5672892720306514,0.7311072971754108
오메기떡,restaurant,delivery_food,front,data\raw\images\VS1\C\01\C01017\10\정위\C_01_C01017_오메기떡_10_09.jpg,True,0.42550115379624354,True,0.9815627378904277,159.05266157461526,0.007709748302354448,3024,3024,0.5672892720306514,0.731104161832197
사과주스,cafe,ade_juice,side,data\raw\images\VS1\D\07\D07019\20\측면\D_07_D07019_사과주스_20_02.jpg,True,0.3939808186776087,False,0.996131800978192,193.34620076318654,0.012188509328342345,3024,3024,0.5672892720306514,0.7311038493066313
볼로네제토마토파스타,restaurant,western_food,side,data\raw\images\VS1\A\14\A14060\23\측면\A_14_A14060_볼로네제토마토파스타_23_01.jpg,True,0.5106277688754837,True,0.9766560873037963,215.31241566583455,0.015057312884997155,3024,3024,0.5672892720306514,0.731101679572736
